[2026-10-05 16:04:06.258] [info] [thread 56305] [daheng_demo.cpp main:197] daheng_demo 启动
[2026-10-05 16:04:06.280] [debug] [thread 56305] [daheng_demo.cpp main:201] GXInitLib status = 0
[2026-10-05 16:04:07.292] [info] [thread 56305] [daheng_demo.cpp EnumerateDevices:77] 共找到 1 台设备:
[2026-10-05 16:04:07.292] [info] [thread 56305] [daheng_demo.cpp EnumerateDevices:89]   [1] 型号: MER-230-168U3C  序列号: NE0190010001
[2026-10-05 16:04:08.062] [info] [thread 56305] [daheng_demo.cpp main:237] 打开相机 NE0190010001 成功
[2026-10-05 16:04:08.092] [info] [thread 56305] [daheng_demo.cpp main:286] 分辨率 1920x1200
[2026-10-05 16:04:08.108] [info] [thread 56305] [daheng_demo.cpp main:339] 取流开始,按 e/d 调曝光、a/q 调增益、s/w 调伽马、ESC 退出
[2026-10-05 16:04:30.860] [info] [thread 56305] [daheng_demo.cpp main:410] 相机已关闭
[2026-10-05 16:10:38.902] [info] [thread 57260] [daheng_demo.cpp main:210] daheng_demo 启动
[2026-10-05 16:10:38.923] [debug] [thread 57260] [daheng_demo.cpp main:215] GXInitLib status = 0
[2026-10-05 16:10:39.936] [info] [thread 57260] [daheng_demo.cpp EnumerateDevices:83] 共找到 1 台设备:
[2026-10-05 16:10:39.936] [info] [thread 57260] [daheng_demo.cpp EnumerateDevices:95]   [1] 型号: MER-230-168U3C  序列号: NE0190010001
[2026-10-05 16:10:40.708] [info] [thread 57260] [daheng_demo.cpp main:253] 打开相机 NE0190010001 成功
[2026-10-05 16:10:40.741] [info] [thread 57260] [daheng_demo.cpp main:303] 分辨率 1920x1200
[2026-10-05 16:10:40.757] [info] [thread 57260] [daheng_demo.cpp main:358] 取流开始,按 e/d 调曝光、a/q 调增益、s/w 调伽马、ESC 退出
[2026-10-05 16:10:48.506] [info] [thread 57260] [daheng_demo.cpp main:440] 相机已关闭
[2026-10-05 16:15:51.882] [info] [thread 66317] [daheng_demo.cpp main:210] daheng_demo 启动
[2026-10-05 16:15:51.905] [debug] [thread 66317] [daheng_demo.cpp main:215] GXInitLib status = 0
[2026-10-05 16:15:52.915] [info] [thread 66317] [daheng_demo.cpp EnumerateDevices:83] 共找到 1 台设备:
[2026-10-05 16:15:52.915] [info] [thread 66317] [daheng_demo.cpp EnumerateDevices:95]   [1] 型号: MER-230-168U3C  序列号: NE0190010001
[2026-10-05 16:15:53.684] [info] [thread 66317] [daheng_demo.cpp main:253] 打开相机 NE0190010001 成功
[2026-10-05 16:15:53.715] [info] [thread 66317] [daheng_demo.cpp main:303] 分辨率 1920x1200
[2026-10-05 16:15:53.731] [info] [thread 66317] [daheng_demo.cpp main:358] 取流开始,按 e/d 调曝光、a/q 调增益、s/w 调伽马、ESC 退出
[2026-10-05 16:16:01.703] [info] [thread 66317] [daheng_demo.cpp main:440] 相机已关闭
[2026-10-05 16:21:55.763] [info] [thread 72980] [daheng_demo.cpp main:210] daheng_demo 启动
[2026-10-05 16:21:55.785] [debug] [thread 72980] [daheng_demo.cpp main:215] GXInitLib status = 0
[2026-10-05 16:21:56.796] [info] [thread 72980] [daheng_demo.cpp EnumerateDevices:83] 共找到 1 台设备:
[2026-10-05 16:21:56.796] [info] [thread 72980] [daheng_demo.cpp EnumerateDevices:95]   [1] 型号: MER-230-168U3C  序列号: NE0190010001
[2026-10-05 16:21:57.568] [info] [thread 72980] [daheng_demo.cpp main:253] 打开相机 NE0190010001 成功
[2026-10-05 16:21:57.601] [info] [thread 72980] [daheng_demo.cpp main:303] 分辨率 1920x1200
[2026-10-05 16:21:57.619] [info] [thread 72980] [daheng_demo.cpp main:358] 取流开始,按 e/d 调曝光、a/q 调增益、s/w 调伽马、ESC 退出
[2026-10-05 16:22:11.511] [info] [thread 72980] [daheng_demo.cpp main:440] 相机已关闭
[2026-10-05 16:23:41.182] [info] [thread 73162] [daheng_demo.cpp main:210] daheng_demo 启动
[2026-10-05 16:23:41.204] [debug] [thread 73162] [daheng_demo.cpp main:215] GXInitLib status = 0
[2026-10-05 16:23:42.216] [info] [thread 73162] [daheng_demo.cpp EnumerateDevices:83] 共找到 1 台设备:
[2026-10-05 16:23:42.216] [info] [thread 73162] [daheng_demo.cpp EnumerateDevices:95]   [1] 型号: MER-230-168U3C  序列号: NE0190010001
[2026-10-05 16:23:42.986] [info] [thread 73162] [daheng_demo.cpp main:253] 打开相机 NE0190010001 成功
[2026-10-05 16:23:43.017] [info] [thread 73162] [daheng_demo.cpp main:303] 分辨率 1920x1200
[2026-10-05 16:23:43.034] [info] [thread 73162] [daheng_demo.cpp main:358] 取流开始,按 e/d 调曝光、a/q 调增益、s/w 调伽马、ESC 退出
[2026-10-05 16:24:18.710] [info] [thread 73162] [daheng_demo.cpp main:440] 相机已关闭
[2026-10-05 16:24:57.735] [info] [thread 73471] [daheng_demo.cpp main:210] daheng_demo 启动
[2026-10-05 16:24:57.757] [debug] [thread 73471] [daheng_demo.cpp main:215] GXInitLib status = 0
[2026-10-05 16:24:58.769] [info] [thread 73471] [daheng_demo.cpp EnumerateDevices:83] 共找到 1 台设备:
[2026-10-05 16:24:58.769] [info] [thread 73471] [daheng_demo.cpp EnumerateDevices:95]   [1] 型号: MER-230-168U3C  序列号: NE0190010001
[2026-10-05 16:24:59.540] [info] [thread 73471] [daheng_demo.cpp main:253] 打开相机 NE0190010001 成功
[2026-10-05 16:24:59.570] [info] [thread 73471] [daheng_demo.cpp main:303] 分辨率 1920x1200
[2026-10-05 16:24:59.586] [info] [thread 73471] [daheng_demo.cpp main:358] 取流开始,按 e/d 调曝光、a/q 调增益、s/w 调伽马、ESC 退出
[2026-10-05 16:25:16.722] [info] [thread 73471] [daheng_demo.cpp AddGain:164] 增益 -> 23.9 dB
[2026-10-05 16:25:17.224] [info] [thread 73471] [daheng_demo.cpp AddGain:164] 增益 -> 23.799999999999997 dB
[2026-10-05 16:25:17.250] [info] [thread 73471] [daheng_demo.cpp AddGain:164] 增益 -> 23.7 dB
[2026-10-05 16:25:17.284] [info] [thread 73471] [daheng_demo.cpp AddGain:164] 增益 -> 23.599999999999998 dB
[2026-10-05 16:25:17.310] [info] [thread 73471] [daheng_demo.cpp AddGain:164] 增益 -> 23.5 dB
[2026-10-05 16:25:17.345] [info] [thread 73471] [daheng_demo.cpp AddGain:164] 增益 -> 23.4 dB
[2026-10-05 16:25:17.369] [info] [thread 73471] [daheng_demo.cpp AddGain:164] 增益 -> 23.299999999999997 dB
[2026-10-05 16:25:17.403] [info] [thread 73471] [daheng_demo.cpp AddGain:164] 增益 -> 23.2 dB
[2026-10-05 16:25:17.438] [info] [thread 73471] [daheng_demo.cpp AddGain:164] 增益 -> 23.099999999999998 dB
[2026-10-05 16:25:17.462] [info] [thread 73471] [daheng_demo.cpp AddGain:164] 增益 -> 23 dB
[2026-10-05 16:25:17.495] [info] [thread 73471] [daheng_demo.cpp AddGain:164] 增益 -> 22.9 dB
[2026-10-05 16:25:17.529] [info] [thread 73471] [daheng_demo.cpp AddGain:164] 增益 -> 22.799999999999997 dB
[2026-10-05 16:25:17.553] [info] [thread 73471] [daheng_demo.cpp AddGain:164] 增益 -> 22.7 dB
[2026-10-05 16:25:17.587] [info] [thread 73471] [daheng_demo.cpp AddGain:164] 增益 -> 22.599999999999998 dB
[2026-10-05 16:25:17.623] [info] [thread 73471] [daheng_demo.cpp AddGain:164] 增益 -> 22.5 dB
[2026-10-05 16:25:17.646] [info] [thread 73471] [daheng_demo.cpp AddGain:164] 增益 -> 22.4 dB
[2026-10-05 16:25:17.681] [info] [thread 73471] [daheng_demo.cpp AddGain:164] 增益 -> 22.299999999999997 dB
[2026-10-05 16:25:17.707] [info] [thread 73471] [daheng_demo.cpp AddGain:164] 增益 -> 22.2 dB
[2026-10-05 16:25:17.741] [info] [thread 73471] [daheng_demo.cpp AddGain:164] 增益 -> 22.099999999999998 dB
[2026-10-05 16:25:17.768] [info] [thread 73471] [daheng_demo.cpp AddGain:164] 增益 -> 22 dB
[2026-10-05 16:25:17.802] [info] [thread 73471] [daheng_demo.cpp AddGain:164] 增益 -> 21.9 dB
[2026-10-05 16:25:17.835] [info] [thread 73471] [daheng_demo.cpp AddGain:164] 增益 -> 21.799999999999997 dB
[2026-10-05 16:25:17.858] [info] [thread 73471] [daheng_demo.cpp AddGain:164] 增益 -> 21.7 dB
[2026-10-05 16:25:18.218] [info] [thread 73471] [daheng_demo.cpp AddGain:164] 增益 -> 21.599999999999998 dB
[2026-10-05 16:25:18.720] [info] [thread 73471] [daheng_demo.cpp AddGain:164] 增益 -> 21.5 dB
[2026-10-05 16:25:18.746] [info] [thread 73471] [daheng_demo.cpp AddGain:164] 增益 -> 21.4 dB
[2026-10-05 16:25:18.780] [info] [thread 73471] [daheng_demo.cpp AddGain:164] 增益 -> 21.299999999999997 dB
[2026-10-05 16:25:18.814] [info] [thread 73471] [daheng_demo.cpp AddGain:164] 增益 -> 21.2 dB
[2026-10-05 16:25:18.841] [info] [thread 73471] [daheng_demo.cpp AddGain:164] 增益 -> 21.099999999999998 dB
[2026-10-05 16:25:18.876] [info] [thread 73471] [daheng_demo.cpp AddGain:164] 增益 -> 21 dB
[2026-10-05 16:25:18.902] [info] [thread 73471] [daheng_demo.cpp AddGain:164] 增益 -> 20.9 dB
[2026-10-05 16:25:18.938] [info] [thread 73471] [daheng_demo.cpp AddGain:164] 增益 -> 20.799999999999997 dB
[2026-10-05 16:25:18.963] [info] [thread 73471] [daheng_demo.cpp AddGain:164] 增益 -> 20.7 dB
[2026-10-05 16:25:18.999] [info] [thread 73471] [daheng_demo.cpp AddGain:164] 增益 -> 20.599999999999998 dB
[2026-10-05 16:25:19.025] [info] [thread 73471] [daheng_demo.cpp AddGain:164] 增益 -> 20.5 dB
[2026-10-05 16:25:19.060] [info] [thread 73471] [daheng_demo.cpp AddGain:164] 增益 -> 20.4 dB
[2026-10-05 16:25:19.094] [info] [thread 73471] [daheng_demo.cpp AddGain:164] 增益 -> 20.299999999999997 dB
[2026-10-05 16:25:19.118] [info] [thread 73471] [daheng_demo.cpp AddGain:164] 增益 -> 20.2 dB
[2026-10-05 16:25:19.153] [info] [thread 73471] [daheng_demo.cpp AddGain:164] 增益 -> 20.099999999999998 dB
[2026-10-05 16:25:19.187] [info] [thread 73471] [daheng_demo.cpp AddGain:164] 增益 -> 20 dB
[2026-10-05 16:25:19.210] [info] [thread 73471] [daheng_demo.cpp AddGain:164] 增益 -> 19.9 dB
[2026-10-05 16:25:19.246] [info] [thread 73471] [daheng_demo.cpp AddGain:164] 增益 -> 19.799999999999997 dB
[2026-10-05 16:25:19.270] [info] [thread 73471] [daheng_demo.cpp AddGain:164] 增益 -> 19.7 dB
[2026-10-05 16:25:19.306] [info] [thread 73471] [daheng_demo.cpp AddGain:164] 增益 -> 19.599999999999998 dB
[2026-10-05 16:25:19.330] [info] [thread 73471] [daheng_demo.cpp AddGain:164] 增益 -> 19.5 dB
[2026-10-05 16:25:19.363] [info] [thread 73471] [daheng_demo.cpp AddGain:164] 增益 -> 19.4 dB
[2026-10-05 16:25:19.398] [info] [thread 73471] [daheng_demo.cpp AddGain:164] 增益 -> 19.299999999999997 dB
[2026-10-05 16:25:19.422] [info] [thread 73471] [daheng_demo.cpp AddGain:164] 增益 -> 19.2 dB
[2026-10-05 16:25:19.461] [warning] [thread 73471] [daheng_demo.cpp AddGain:161] GXSetFloatValue Gain 失败 (status = 49671): {49671}{Write:line[74]}{{49671}{_ReveiveAck:line[299]}{USB3 Vision Error:Wrong status code of U3V acknowledgment packet from device: 0xC207}}
[2026-10-05 16:25:19.484] [info] [thread 73471] [daheng_demo.cpp AddGain:164] 增益 -> 19.099999999999998 dB
[2026-10-05 16:25:19.519] [info] [thread 73471] [daheng_demo.cpp AddGain:164] 增益 -> 19 dB
[2026-10-05 16:25:19.544] [info] [thread 73471] [daheng_demo.cpp AddGain:164] 增益 -> 18.9 dB
[2026-10-05 16:25:19.581] [info] [thread 73471] [daheng_demo.cpp AddGain:164] 增益 -> 18.799999999999997 dB
[2026-10-05 16:25:19.607] [info] [thread 73471] [daheng_demo.cpp AddGain:164] 增益 -> 18.7 dB
[2026-10-05 16:25:19.641] [info] [thread 73471] [daheng_demo.cpp AddGain:164] 增益 -> 18.599999999999998 dB
[2026-10-05 16:25:19.666] [info] [thread 73471] [daheng_demo.cpp AddGain:164] 增益 -> 18.5 dB
[2026-10-05 16:25:19.701] [info] [thread 73471] [daheng_demo.cpp AddGain:164] 增益 -> 18.4 dB
[2026-10-05 16:25:19.726] [info] [thread 73471] [daheng_demo.cpp AddGain:164] 增益 -> 18.299999999999997 dB
[2026-10-05 16:25:19.762] [info] [thread 73471] [daheng_demo.cpp AddGain:164] 增益 -> 18.2 dB
[2026-10-05 16:25:19.788] [info] [thread 73471] [daheng_demo.cpp AddGain:164] 增益 -> 18.099999999999998 dB
[2026-10-05 16:25:19.824] [info] [thread 73471] [daheng_demo.cpp AddGain:164] 增益 -> 18 dB
[2026-10-05 16:25:19.850] [info] [thread 73471] [daheng_demo.cpp AddGain:164] 增益 -> 17.9 dB
[2026-10-05 16:25:19.884] [info] [thread 73471] [daheng_demo.cpp AddGain:164] 增益 -> 17.799999999999997 dB
[2026-10-05 16:25:19.911] [info] [thread 73471] [daheng_demo.cpp AddGain:164] 增益 -> 17.7 dB
[2026-10-05 16:25:19.945] [info] [thread 73471] [daheng_demo.cpp AddGain:164] 增益 -> 17.599999999999998 dB
[2026-10-05 16:25:19.978] [info] [thread 73471] [daheng_demo.cpp AddGain:164] 增益 -> 17.5 dB
[2026-10-05 16:25:20.002] [info] [thread 73471] [daheng_demo.cpp AddGain:164] 增益 -> 17.4 dB
[2026-10-05 16:25:20.038] [info] [thread 73471] [daheng_demo.cpp AddGain:164] 增益 -> 17.299999999999997 dB
[2026-10-05 16:25:20.064] [info] [thread 73471] [daheng_demo.cpp AddGain:164] 增益 -> 17.2 dB
[2026-10-05 16:25:20.100] [info] [thread 73471] [daheng_demo.cpp AddGain:164] 增益 -> 17.099999999999998 dB
[2026-10-05 16:25:20.126] [info] [thread 73471] [daheng_demo.cpp AddGain:164] 增益 -> 17 dB
[2026-10-05 16:25:20.162] [info] [thread 73471] [daheng_demo.cpp AddGain:164] 增益 -> 16.9 dB
[2026-10-05 16:25:20.188] [info] [thread 73471] [daheng_demo.cpp AddGain:164] 增益 -> 16.799999999999997 dB
[2026-10-05 16:25:20.223] [info] [thread 73471] [daheng_demo.cpp AddGain:164] 增益 -> 16.7 dB
[2026-10-05 16:25:20.258] [info] [thread 73471] [daheng_demo.cpp AddGain:164] 增益 -> 16.599999999999998 dB
[2026-10-05 16:25:20.281] [info] [thread 73471] [daheng_demo.cpp AddGain:164] 增益 -> 16.5 dB
[2026-10-05 16:25:20.315] [info] [thread 73471] [daheng_demo.cpp AddGain:164] 增益 -> 16.4 dB
[2026-10-05 16:25:20.342] [info] [thread 73471] [daheng_demo.cpp AddGain:164] 增益 -> 16.299999999999997 dB
[2026-10-05 16:25:20.370] [info] [thread 73471] [daheng_demo.cpp AddGain:164] 增益 -> 16.2 dB
[2026-10-05 16:25:20.406] [info] [thread 73471] [daheng_demo.cpp AddGain:164] 增益 -> 16.099999999999998 dB
[2026-10-05 16:25:20.430] [info] [thread 73471] [daheng_demo.cpp AddGain:164] 增益 -> 16 dB
[2026-10-05 16:25:20.467] [info] [thread 73471] [daheng_demo.cpp AddGain:164] 增益 -> 15.9 dB
[2026-10-05 16:25:20.493] [info] [thread 73471] [daheng_demo.cpp AddGain:164] 增益 -> 15.8 dB
[2026-10-05 16:25:20.528] [info] [thread 73471] [daheng_demo.cpp AddGain:164] 增益 -> 15.700000000000001 dB
[2026-10-05 16:25:20.560] [info] [thread 73471] [daheng_demo.cpp AddGain:164] 增益 -> 15.6 dB
[2026-10-05 16:25:20.584] [info] [thread 73471] [daheng_demo.cpp AddGain:164] 增益 -> 15.5 dB
[2026-10-05 16:25:20.620] [info] [thread 73471] [daheng_demo.cpp AddGain:164] 增益 -> 15.4 dB
[2026-10-05 16:25:20.645] [info] [thread 73471] [daheng_demo.cpp AddGain:164] 增益 -> 15.3 dB
[2026-10-05 16:25:20.678] [info] [thread 73471] [daheng_demo.cpp AddGain:164] 增益 -> 15.200000000000001 dB
[2026-10-05 16:25:20.704] [info] [thread 73471] [daheng_demo.cpp AddGain:164] 增益 -> 15.1 dB
[2026-10-05 16:25:20.739] [info] [thread 73471] [daheng_demo.cpp AddGain:164] 增益 -> 15 dB
[2026-10-05 16:25:20.772] [info] [thread 73471] [daheng_demo.cpp AddGain:164] 增益 -> 14.9 dB
[2026-10-05 16:25:20.796] [info] [thread 73471] [daheng_demo.cpp AddGain:164] 增益 -> 14.8 dB
[2026-10-05 16:25:20.833] [info] [thread 73471] [daheng_demo.cpp AddGain:164] 增益 -> 14.700000000000001 dB
[2026-10-05 16:25:20.859] [info] [thread 73471] [daheng_demo.cpp AddGain:164] 增益 -> 14.6 dB
[2026-10-05 16:25:20.893] [info] [thread 73471] [daheng_demo.cpp AddGain:164] 增益 -> 14.5 dB
[2026-10-05 16:25:20.919] [info] [thread 73471] [daheng_demo.cpp AddGain:164] 增益 -> 14.4 dB
[2026-10-05 16:25:20.953] [info] [thread 73471] [daheng_demo.cpp AddGain:164] 增益 -> 14.3 dB
[2026-10-05 16:25:20.986] [info] [thread 73471] [daheng_demo.cpp AddGain:164] 增益 -> 14.200000000000001 dB
[2026-10-05 16:25:21.014] [info] [thread 73471] [daheng_demo.cpp AddGain:164] 增益 -> 14.1 dB
[2026-10-05 16:25:21.048] [info] [thread 73471] [daheng_demo.cpp AddGain:164] 增益 -> 14 dB
[2026-10-05 16:25:21.074] [info] [thread 73471] [daheng_demo.cpp AddGain:164] 增益 -> 13.9 dB
[2026-10-05 16:25:21.109] [info] [thread 73471] [daheng_demo.cpp AddGain:164] 增益 -> 13.8 dB
[2026-10-05 16:25:22.326] [info] [thread 73471] [daheng_demo.cpp AddGain:164] 增益 -> 13.9 dB
[2026-10-05 16:25:22.823] [info] [thread 73471] [daheng_demo.cpp AddGain:164] 增益 -> 14 dB
[2026-10-05 16:25:22.857] [info] [thread 73471] [daheng_demo.cpp AddGain:164] 增益 -> 14.1 dB
[2026-10-05 16:25:22.891] [info] [thread 73471] [daheng_demo.cpp AddGain:164] 增益 -> 14.2 dB
[2026-10-05 16:25:22.914] [info] [thread 73471] [daheng_demo.cpp AddGain:164] 增益 -> 14.299999999999999 dB
[2026-10-05 16:25:22.949] [info] [thread 73471] [daheng_demo.cpp AddGain:164] 增益 -> 14.4 dB
[2026-10-05 16:25:22.975] [info] [thread 73471] [daheng_demo.cpp AddGain:164] 增益 -> 14.5 dB
[2026-10-05 16:25:23.012] [info] [thread 73471] [daheng_demo.cpp AddGain:164] 增益 -> 14.6 dB
[2026-10-05 16:25:23.039] [info] [thread 73471] [daheng_demo.cpp AddGain:164] 增益 -> 14.7 dB
[2026-10-05 16:25:23.073] [info] [thread 73471] [daheng_demo.cpp AddGain:164] 增益 -> 14.799999999999999 dB
[2026-10-05 16:25:23.107] [info] [thread 73471] [daheng_demo.cpp AddGain:164] 增益 -> 14.9 dB
[2026-10-05 16:25:23.130] [info] [thread 73471] [daheng_demo.cpp AddGain:164] 增益 -> 15 dB
[2026-10-05 16:25:23.165] [info] [thread 73471] [daheng_demo.cpp AddGain:164] 增益 -> 15.1 dB
[2026-10-05 16:25:23.192] [info] [thread 73471] [daheng_demo.cpp AddGain:164] 增益 -> 15.2 dB
[2026-10-05 16:25:23.227] [info] [thread 73471] [daheng_demo.cpp AddGain:164] 增益 -> 15.299999999999999 dB
[2026-10-05 16:25:23.252] [info] [thread 73471] [daheng_demo.cpp AddGain:164] 增益 -> 15.4 dB
[2026-10-05 16:25:23.285] [info] [thread 73471] [daheng_demo.cpp AddGain:164] 增益 -> 15.5 dB
[2026-10-05 16:25:23.319] [info] [thread 73471] [daheng_demo.cpp AddGain:164] 增益 -> 15.6 dB
[2026-10-05 16:25:23.353] [info] [thread 73471] [daheng_demo.cpp AddGain:164] 增益 -> 15.7 dB
[2026-10-05 16:25:23.376] [info] [thread 73471] [daheng_demo.cpp AddGain:164] 增益 -> 15.799999999999999 dB
[2026-10-05 16:25:23.410] [info] [thread 73471] [daheng_demo.cpp AddGain:164] 增益 -> 15.9 dB
[2026-10-05 16:25:23.445] [info] [thread 73471] [daheng_demo.cpp AddGain:164] 增益 -> 16 dB
[2026-10-05 16:25:23.469] [info] [thread 73471] [daheng_demo.cpp AddGain:164] 增益 -> 16.1 dB
[2026-10-05 16:25:23.504] [info] [thread 73471] [daheng_demo.cpp AddGain:164] 增益 -> 16.200000000000003 dB
[2026-10-05 16:25:23.539] [info] [thread 73471] [daheng_demo.cpp AddGain:164] 增益 -> 16.3 dB
[2026-10-05 16:25:23.562] [info] [thread 73471] [daheng_demo.cpp AddGain:164] 增益 -> 16.400000000000002 dB
[2026-10-05 16:25:23.595] [info] [thread 73471] [daheng_demo.cpp AddGain:164] 增益 -> 16.5 dB
[2026-10-05 16:25:23.627] [info] [thread 73471] [daheng_demo.cpp AddGain:164] 增益 -> 16.6 dB
[2026-10-05 16:25:23.652] [info] [thread 73471] [daheng_demo.cpp AddGain:164] 增益 -> 16.700000000000003 dB
[2026-10-05 16:25:23.686] [info] [thread 73471] [daheng_demo.cpp AddGain:164] 增益 -> 16.8 dB
[2026-10-05 16:25:23.721] [info] [thread 73471] [daheng_demo.cpp AddGain:164] 增益 -> 16.900000000000002 dB
[2026-10-05 16:25:23.747] [info] [thread 73471] [daheng_demo.cpp AddGain:164] 增益 -> 17 dB
[2026-10-05 16:25:23.782] [info] [thread 73471] [daheng_demo.cpp AddGain:164] 增益 -> 17.1 dB
[2026-10-05 16:25:23.816] [info] [thread 73471] [daheng_demo.cpp AddGain:164] 增益 -> 17.200000000000003 dB
[2026-10-05 16:25:23.840] [info] [thread 73471] [daheng_demo.cpp AddGain:164] 增益 -> 17.3 dB
[2026-10-05 16:25:23.874] [info] [thread 73471] [daheng_demo.cpp AddGain:164] 增益 -> 17.400000000000002 dB
[2026-10-05 16:25:23.901] [info] [thread 73471] [daheng_demo.cpp AddGain:164] 增益 -> 17.5 dB
[2026-10-05 16:25:23.935] [info] [thread 73471] [daheng_demo.cpp AddGain:164] 增益 -> 17.6 dB
[2026-10-05 16:25:23.969] [info] [thread 73471] [daheng_demo.cpp AddGain:164] 增益 -> 17.700000000000003 dB
[2026-10-05 16:25:23.993] [info] [thread 73471] [daheng_demo.cpp AddGain:164] 增益 -> 17.8 dB
[2026-10-05 16:25:24.030] [warning] [thread 73471] [daheng_demo.cpp AddGain:161] GXSetFloatValue Gain 失败 (status = 49671): {49671}{Write:line[74]}{{49671}{_ReveiveAck:line[299]}{USB3 Vision Error:Wrong status code of U3V acknowledgment packet from device: 0xC207}}
[2026-10-05 16:25:24.053] [info] [thread 73471] [daheng_demo.cpp AddGain:164] 增益 -> 17.900000000000002 dB
[2026-10-05 16:25:24.088] [info] [thread 73471] [daheng_demo.cpp AddGain:164] 增益 -> 18 dB
[2026-10-05 16:25:24.113] [info] [thread 73471] [daheng_demo.cpp AddGain:164] 增益 -> 18.1 dB
[2026-10-05 16:25:24.149] [info] [thread 73471] [daheng_demo.cpp AddGain:164] 增益 -> 18.200000000000003 dB
[2026-10-05 16:25:24.176] [info] [thread 73471] [daheng_demo.cpp AddGain:164] 增益 -> 18.3 dB
[2026-10-05 16:25:24.212] [info] [thread 73471] [daheng_demo.cpp AddGain:164] 增益 -> 18.400000000000002 dB
[2026-10-05 16:25:24.238] [info] [thread 73471] [daheng_demo.cpp AddGain:164] 增益 -> 18.5 dB
[2026-10-05 16:25:24.274] [info] [thread 73471] [daheng_demo.cpp AddGain:164] 增益 -> 18.6 dB
[2026-10-05 16:25:24.301] [info] [thread 73471] [daheng_demo.cpp AddGain:164] 增益 -> 18.700000000000003 dB
[2026-10-05 16:25:24.340] [info] [thread 73471] [daheng_demo.cpp AddGain:164] 增益 -> 18.8 dB
[2026-10-05 16:25:24.364] [info] [thread 73471] [daheng_demo.cpp AddGain:164] 增益 -> 18.900000000000002 dB
[2026-10-05 16:25:24.400] [info] [thread 73471] [daheng_demo.cpp AddGain:164] 增益 -> 19 dB
[2026-10-05 16:25:24.424] [info] [thread 73471] [daheng_demo.cpp AddGain:164] 增益 -> 19.1 dB
[2026-10-05 16:25:24.459] [info] [thread 73471] [daheng_demo.cpp AddGain:164] 增益 -> 19.200000000000003 dB
[2026-10-05 16:25:24.485] [info] [thread 73471] [daheng_demo.cpp AddGain:164] 增益 -> 19.3 dB
[2026-10-05 16:25:24.521] [info] [thread 73471] [daheng_demo.cpp AddGain:164] 增益 -> 19.400000000000002 dB
[2026-10-05 16:25:24.553] [info] [thread 73471] [daheng_demo.cpp AddGain:164] 增益 -> 19.5 dB
[2026-10-05 16:25:24.575] [info] [thread 73471] [daheng_demo.cpp AddGain:164] 增益 -> 19.6 dB
[2026-10-05 16:25:24.609] [info] [thread 73471] [daheng_demo.cpp AddGain:164] 增益 -> 19.700000000000003 dB
[2026-10-05 16:25:24.644] [info] [thread 73471] [daheng_demo.cpp AddGain:164] 增益 -> 19.8 dB
[2026-10-05 16:25:24.670] [info] [thread 73471] [daheng_demo.cpp AddGain:164] 增益 -> 19.900000000000002 dB
[2026-10-05 16:25:24.704] [info] [thread 73471] [daheng_demo.cpp AddGain:164] 增益 -> 20 dB
[2026-10-05 16:25:24.739] [info] [thread 73471] [daheng_demo.cpp AddGain:164] 增益 -> 20.1 dB
[2026-10-05 16:25:24.762] [info] [thread 73471] [daheng_demo.cpp AddGain:164] 增益 -> 20.200000000000003 dB
[2026-10-05 16:25:24.797] [info] [thread 73471] [daheng_demo.cpp AddGain:164] 增益 -> 20.3 dB
[2026-10-05 16:25:24.831] [info] [thread 73471] [daheng_demo.cpp AddGain:164] 增益 -> 20.400000000000002 dB
[2026-10-05 16:25:24.854] [info] [thread 73471] [daheng_demo.cpp AddGain:164] 增益 -> 20.5 dB
[2026-10-05 16:25:24.889] [info] [thread 73471] [daheng_demo.cpp AddGain:164] 增益 -> 20.6 dB
[2026-10-05 16:25:24.915] [info] [thread 73471] [daheng_demo.cpp AddGain:164] 增益 -> 20.700000000000003 dB
[2026-10-05 16:25:24.950] [info] [thread 73471] [daheng_demo.cpp AddGain:164] 增益 -> 20.8 dB
[2026-10-05 16:25:24.975] [info] [thread 73471] [daheng_demo.cpp AddGain:164] 增益 -> 20.900000000000002 dB
[2026-10-05 16:25:25.010] [info] [thread 73471] [daheng_demo.cpp AddGain:164] 增益 -> 21 dB
[2026-10-05 16:25:25.038] [info] [thread 73471] [daheng_demo.cpp AddGain:164] 增益 -> 21.1 dB
[2026-10-05 16:25:25.072] [info] [thread 73471] [daheng_demo.cpp AddGain:164] 增益 -> 21.200000000000003 dB
[2026-10-05 16:25:25.107] [info] [thread 73471] [daheng_demo.cpp AddGain:164] 增益 -> 21.3 dB
[2026-10-05 16:25:25.131] [info] [thread 73471] [daheng_demo.cpp AddGain:164] 增益 -> 21.400000000000002 dB
[2026-10-05 16:25:25.166] [info] [thread 73471] [daheng_demo.cpp AddGain:164] 增益 -> 21.5 dB
[2026-10-05 16:25:25.192] [info] [thread 73471] [daheng_demo.cpp AddGain:164] 增益 -> 21.6 dB
[2026-10-05 16:25:25.228] [info] [thread 73471] [daheng_demo.cpp AddGain:164] 增益 -> 21.700000000000003 dB
[2026-10-05 16:25:25.253] [info] [thread 73471] [daheng_demo.cpp AddGain:164] 增益 -> 21.8 dB
[2026-10-05 16:25:25.289] [info] [thread 73471] [daheng_demo.cpp AddGain:164] 增益 -> 21.900000000000002 dB
[2026-10-05 16:25:25.316] [info] [thread 73471] [daheng_demo.cpp AddGain:164] 增益 -> 22 dB
[2026-10-05 16:25:25.351] [info] [thread 73471] [daheng_demo.cpp AddGain:164] 增益 -> 22.1 dB
[2026-10-05 16:25:25.376] [info] [thread 73471] [daheng_demo.cpp AddGain:164] 增益 -> 22.200000000000003 dB
[2026-10-05 16:25:25.413] [info] [thread 73471] [daheng_demo.cpp AddGain:164] 增益 -> 22.3 dB
[2026-10-05 16:25:25.439] [info] [thread 73471] [daheng_demo.cpp AddGain:164] 增益 -> 22.400000000000002 dB
[2026-10-05 16:25:25.475] [info] [thread 73471] [daheng_demo.cpp AddGain:164] 增益 -> 22.5 dB
[2026-10-05 16:25:25.501] [info] [thread 73471] [daheng_demo.cpp AddGain:164] 增益 -> 22.6 dB
[2026-10-05 16:25:25.536] [info] [thread 73471] [daheng_demo.cpp AddGain:164] 增益 -> 22.700000000000003 dB
[2026-10-05 16:25:25.571] [info] [thread 73471] [daheng_demo.cpp AddGain:164] 增益 -> 22.8 dB
[2026-10-05 16:25:25.594] [info] [thread 73471] [daheng_demo.cpp AddGain:164] 增益 -> 22.900000000000002 dB
[2026-10-05 16:25:25.628] [info] [thread 73471] [daheng_demo.cpp AddGain:164] 增益 -> 23 dB
[2026-10-05 16:25:25.653] [info] [thread 73471] [daheng_demo.cpp AddGain:164] 增益 -> 23.1 dB
[2026-10-05 16:25:25.689] [info] [thread 73471] [daheng_demo.cpp AddGain:164] 增益 -> 23.200000000000003 dB
[2026-10-05 16:25:25.722] [info] [thread 73471] [daheng_demo.cpp AddGain:164] 增益 -> 23.3 dB
[2026-10-05 16:25:25.746] [info] [thread 73471] [daheng_demo.cpp AddGain:164] 增益 -> 23.400000000000002 dB
[2026-10-05 16:25:25.781] [info] [thread 73471] [daheng_demo.cpp AddGain:164] 增益 -> 23.5 dB
[2026-10-05 16:25:25.814] [info] [thread 73471] [daheng_demo.cpp AddGain:164] 增益 -> 23.6 dB
[2026-10-05 16:25:25.837] [info] [thread 73471] [daheng_demo.cpp AddGain:164] 增益 -> 23.700000000000003 dB
[2026-10-05 16:25:25.873] [info] [thread 73471] [daheng_demo.cpp AddGain:164] 增益 -> 23.8 dB
[2026-10-05 16:25:25.906] [info] [thread 73471] [daheng_demo.cpp AddGain:164] 增益 -> 23.900000000000002 dB
[2026-10-05 16:25:25.930] [info] [thread 73471] [daheng_demo.cpp AddGain:164] 增益 -> 24 dB
[2026-10-05 16:25:25.965] [warning] [thread 73471] [daheng_demo.cpp AddGain:161] GXSetFloatValue Gain 失败 (status = -11): {-11}{DoSetFloat:line[355]}{Value 24.100000 must be smaller than or equal 24.000000. : OutOfRangeException thrown in node 'Gain' while calling 'Gain.SetValue()' (file 'FloatT.h', line 87)}
[2026-10-05 16:25:25.990] [warning] [thread 73471] [daheng_demo.cpp AddGain:161] GXSetFloatValue Gain 失败 (status = -11): {-11}{DoSetFloat:line[355]}{Value 24.100000 must be smaller than or equal 24.000000. : OutOfRangeException thrown in node 'Gain' while calling 'Gain.SetValue()' (file 'FloatT.h', line 87)}
[2026-10-05 16:25:26.025] [warning] [thread 73471] [daheng_demo.cpp AddGain:161] GXSetFloatValue Gain 失败 (status = -11): {-11}{DoSetFloat:line[355]}{Value 24.100000 must be smaller than or equal 24.000000. : OutOfRangeException thrown in node 'Gain' while calling 'Gain.SetValue()' (file 'FloatT.h', line 87)}
[2026-10-05 16:25:26.058] [warning] [thread 73471] [daheng_demo.cpp AddGain:161] GXSetFloatValue Gain 失败 (status = -11): {-11}{DoSetFloat:line[355]}{Value 24.100000 must be smaller than or equal 24.000000. : OutOfRangeException thrown in node 'Gain' while calling 'Gain.SetValue()' (file 'FloatT.h', line 87)}
[2026-10-05 16:25:26.081] [warning] [thread 73471] [daheng_demo.cpp AddGain:161] GXSetFloatValue Gain 失败 (status = -11): {-11}{DoSetFloat:line[355]}{Value 24.100000 must be smaller than or equal 24.000000. : OutOfRangeException thrown in node 'Gain' while calling 'Gain.SetValue()' (file 'FloatT.h', line 87)}
[2026-10-05 16:25:26.116] [warning] [thread 73471] [daheng_demo.cpp AddGain:161] GXSetFloatValue Gain 失败 (status = -11): {-11}{DoSetFloat:line[355]}{Value 24.100000 must be smaller than or equal 24.000000. : OutOfRangeException thrown in node 'Gain' while calling 'Gain.SetValue()' (file 'FloatT.h', line 87)}
[2026-10-05 16:25:26.150] [warning] [thread 73471] [daheng_demo.cpp AddGain:161] GXSetFloatValue Gain 失败 (status = -11): {-11}{DoSetFloat:line[355]}{Value 24.100000 must be smaller than or equal 24.000000. : OutOfRangeException thrown in node 'Gain' while calling 'Gain.SetValue()' (file 'FloatT.h', line 87)}
[2026-10-05 16:25:26.183] [warning] [thread 73471] [daheng_demo.cpp AddGain:161] GXSetFloatValue Gain 失败 (status = -11): {-11}{DoSetFloat:line[355]}{Value 24.100000 must be smaller than or equal 24.000000. : OutOfRangeException thrown in node 'Gain' while calling 'Gain.SetValue()' (file 'FloatT.h', line 87)}
[2026-10-05 16:25:26.207] [warning] [thread 73471] [daheng_demo.cpp AddGain:161] GXSetFloatValue Gain 失败 (status = -11): {-11}{DoSetFloat:line[355]}{Value 24.100000 must be smaller than or equal 24.000000. : OutOfRangeException thrown in node 'Gain' while calling 'Gain.SetValue()' (file 'FloatT.h', line 87)}
[2026-10-05 16:25:26.241] [warning] [thread 73471] [daheng_demo.cpp AddGain:161] GXSetFloatValue Gain 失败 (status = -11): {-11}{DoSetFloat:line[355]}{Value 24.100000 must be smaller than or equal 24.000000. : OutOfRangeException thrown in node 'Gain' while calling 'Gain.SetValue()' (file 'FloatT.h', line 87)}
[2026-10-05 16:25:26.267] [warning] [thread 73471] [daheng_demo.cpp AddGain:161] GXSetFloatValue Gain 失败 (status = -11): {-11}{DoSetFloat:line[355]}{Value 24.100000 must be smaller than or equal 24.000000. : OutOfRangeException thrown in node 'Gain' while calling 'Gain.SetValue()' (file 'FloatT.h', line 87)}
[2026-10-05 16:25:26.301] [warning] [thread 73471] [daheng_demo.cpp AddGain:161] GXSetFloatValue Gain 失败 (status = -11): {-11}{DoSetFloat:line[355]}{Value 24.100000 must be smaller than or equal 24.000000. : OutOfRangeException thrown in node 'Gain' while calling 'Gain.SetValue()' (file 'FloatT.h', line 87)}
[2026-10-05 16:25:26.326] [warning] [thread 73471] [daheng_demo.cpp AddGain:161] GXSetFloatValue Gain 失败 (status = -11): {-11}{DoSetFloat:line[355]}{Value 24.100000 must be smaller than or equal 24.000000. : OutOfRangeException thrown in node 'Gain' while calling 'Gain.SetValue()' (file 'FloatT.h', line 87)}
[2026-10-05 16:25:26.360] [warning] [thread 73471] [daheng_demo.cpp AddGain:161] GXSetFloatValue Gain 失败 (status = -11): {-11}{DoSetFloat:line[355]}{Value 24.100000 must be smaller than or equal 24.000000. : OutOfRangeException thrown in node 'Gain' while calling 'Gain.SetValue()' (file 'FloatT.h', line 87)}
[2026-10-05 16:25:26.394] [warning] [thread 73471] [daheng_demo.cpp AddGain:161] GXSetFloatValue Gain 失败 (status = -11): {-11}{DoSetFloat:line[355]}{Value 24.100000 must be smaller than or equal 24.000000. : OutOfRangeException thrown in node 'Gain' while calling 'Gain.SetValue()' (file 'FloatT.h', line 87)}
[2026-10-05 16:25:26.417] [warning] [thread 73471] [daheng_demo.cpp AddGain:161] GXSetFloatValue Gain 失败 (status = -11): {-11}{DoSetFloat:line[355]}{Value 24.100000 must be smaller than or equal 24.000000. : OutOfRangeException thrown in node 'Gain' while calling 'Gain.SetValue()' (file 'FloatT.h', line 87)}
[2026-10-05 16:25:26.453] [warning] [thread 73471] [daheng_demo.cpp AddGain:161] GXSetFloatValue Gain 失败 (status = -11): {-11}{DoSetFloat:line[355]}{Value 24.100000 must be smaller than or equal 24.000000. : OutOfRangeException thrown in node 'Gain' while calling 'Gain.SetValue()' (file 'FloatT.h', line 87)}
[2026-10-05 16:25:26.485] [warning] [thread 73471] [daheng_demo.cpp AddGain:161] GXSetFloatValue Gain 失败 (status = -11): {-11}{DoSetFloat:line[355]}{Value 24.100000 must be smaller than or equal 24.000000. : OutOfRangeException thrown in node 'Gain' while calling 'Gain.SetValue()' (file 'FloatT.h', line 87)}
[2026-10-05 16:25:26.508] [warning] [thread 73471] [daheng_demo.cpp AddGain:161] GXSetFloatValue Gain 失败 (status = -11): {-11}{DoSetFloat:line[355]}{Value 24.100000 must be smaller than or equal 24.000000. : OutOfRangeException thrown in node 'Gain' while calling 'Gain.SetValue()' (file 'FloatT.h', line 87)}
[2026-10-05 16:25:26.543] [warning] [thread 73471] [daheng_demo.cpp AddGain:161] GXSetFloatValue Gain 失败 (status = -11): {-11}{DoSetFloat:line[355]}{Value 24.100000 must be smaller than or equal 24.000000. : OutOfRangeException thrown in node 'Gain' while calling 'Gain.SetValue()' (file 'FloatT.h', line 87)}
[2026-10-05 16:25:26.576] [warning] [thread 73471] [daheng_demo.cpp AddGain:161] GXSetFloatValue Gain 失败 (status = -11): {-11}{DoSetFloat:line[355]}{Value 24.100000 must be smaller than or equal 24.000000. : OutOfRangeException thrown in node 'Gain' while calling 'Gain.SetValue()' (file 'FloatT.h', line 87)}
[2026-10-05 16:25:26.600] [warning] [thread 73471] [daheng_demo.cpp AddGain:161] GXSetFloatValue Gain 失败 (status = -11): {-11}{DoSetFloat:line[355]}{Value 24.100000 must be smaller than or equal 24.000000. : OutOfRangeException thrown in node 'Gain' while calling 'Gain.SetValue()' (file 'FloatT.h', line 87)}
[2026-10-05 16:25:26.634] [warning] [thread 73471] [daheng_demo.cpp AddGain:161] GXSetFloatValue Gain 失败 (status = -11): {-11}{DoSetFloat:line[355]}{Value 24.100000 must be smaller than or equal 24.000000. : OutOfRangeException thrown in node 'Gain' while calling 'Gain.SetValue()' (file 'FloatT.h', line 87)}
[2026-10-05 16:25:26.667] [warning] [thread 73471] [daheng_demo.cpp AddGain:161] GXSetFloatValue Gain 失败 (status = -11): {-11}{DoSetFloat:line[355]}{Value 24.100000 must be smaller than or equal 24.000000. : OutOfRangeException thrown in node 'Gain' while calling 'Gain.SetValue()' (file 'FloatT.h', line 87)}
[2026-10-05 16:25:26.689] [warning] [thread 73471] [daheng_demo.cpp AddGain:161] GXSetFloatValue Gain 失败 (status = -11): {-11}{DoSetFloat:line[355]}{Value 24.100000 must be smaller than or equal 24.000000. : OutOfRangeException thrown in node 'Gain' while calling 'Gain.SetValue()' (file 'FloatT.h', line 87)}
[2026-10-05 16:25:27.120] [info] [thread 73471] [daheng_demo.cpp AddGain:164] 增益 -> 23.9 dB
[2026-10-05 16:25:27.621] [info] [thread 73471] [daheng_demo.cpp AddGain:164] 增益 -> 23.799999999999997 dB
[2026-10-05 16:25:27.655] [info] [thread 73471] [daheng_demo.cpp AddGain:164] 增益 -> 23.7 dB
[2026-10-05 16:25:27.678] [info] [thread 73471] [daheng_demo.cpp AddGain:164] 增益 -> 23.599999999999998 dB
[2026-10-05 16:25:27.714] [info] [thread 73471] [daheng_demo.cpp AddGain:164] 增益 -> 23.5 dB
[2026-10-05 16:25:27.737] [info] [thread 73471] [daheng_demo.cpp AddGain:164] 增益 -> 23.4 dB
[2026-10-05 16:25:27.773] [info] [thread 73471] [daheng_demo.cpp AddGain:164] 增益 -> 23.299999999999997 dB
[2026-10-05 16:25:27.798] [info] [thread 73471] [daheng_demo.cpp AddGain:164] 增益 -> 23.2 dB
[2026-10-05 16:25:27.833] [info] [thread 73471] [daheng_demo.cpp AddGain:164] 增益 -> 23.099999999999998 dB
[2026-10-05 16:25:27.858] [info] [thread 73471] [daheng_demo.cpp AddGain:164] 增益 -> 23 dB
[2026-10-05 16:25:27.894] [info] [thread 73471] [daheng_demo.cpp AddGain:164] 增益 -> 22.9 dB
[2026-10-05 16:25:27.928] [info] [thread 73471] [daheng_demo.cpp AddGain:164] 增益 -> 22.799999999999997 dB
[2026-10-05 16:25:27.951] [info] [thread 73471] [daheng_demo.cpp AddGain:164] 增益 -> 22.7 dB
[2026-10-05 16:25:27.984] [info] [thread 73471] [daheng_demo.cpp AddGain:164] 增益 -> 22.599999999999998 dB
[2026-10-05 16:25:28.019] [info] [thread 73471] [daheng_demo.cpp AddGain:164] 增益 -> 22.5 dB
[2026-10-05 16:25:28.044] [info] [thread 73471] [daheng_demo.cpp AddGain:164] 增益 -> 22.4 dB
[2026-10-05 16:25:28.080] [info] [thread 73471] [daheng_demo.cpp AddGain:164] 增益 -> 22.299999999999997 dB
[2026-10-05 16:25:28.104] [info] [thread 73471] [daheng_demo.cpp AddGain:164] 增益 -> 22.2 dB
[2026-10-05 16:25:28.138] [info] [thread 73471] [daheng_demo.cpp AddGain:164] 增益 -> 22.099999999999998 dB
[2026-10-05 16:25:28.163] [info] [thread 73471] [daheng_demo.cpp AddGain:164] 增益 -> 22 dB
[2026-10-05 16:25:28.198] [info] [thread 73471] [daheng_demo.cpp AddGain:164] 增益 -> 21.9 dB
[2026-10-05 16:25:28.225] [info] [thread 73471] [daheng_demo.cpp AddGain:164] 增益 -> 21.799999999999997 dB
[2026-10-05 16:25:28.261] [info] [thread 73471] [daheng_demo.cpp AddGain:164] 增益 -> 21.7 dB
[2026-10-05 16:25:28.285] [info] [thread 73471] [daheng_demo.cpp AddGain:164] 增益 -> 21.599999999999998 dB
[2026-10-05 16:25:28.319] [info] [thread 73471] [daheng_demo.cpp AddGain:164] 增益 -> 21.5 dB
[2026-10-05 16:25:28.353] [info] [thread 73471] [daheng_demo.cpp AddGain:164] 增益 -> 21.4 dB
[2026-10-05 16:25:28.379] [info] [thread 73471] [daheng_demo.cpp AddGain:164] 增益 -> 21.299999999999997 dB
[2026-10-05 16:25:28.414] [info] [thread 73471] [daheng_demo.cpp AddGain:164] 增益 -> 21.2 dB
[2026-10-05 16:25:28.448] [info] [thread 73471] [daheng_demo.cpp AddGain:164] 增益 -> 21.099999999999998 dB
[2026-10-05 16:25:28.471] [info] [thread 73471] [daheng_demo.cpp AddGain:164] 增益 -> 21 dB
[2026-10-05 16:25:28.506] [info] [thread 73471] [daheng_demo.cpp AddGain:164] 增益 -> 20.9 dB
[2026-10-05 16:25:28.531] [info] [thread 73471] [daheng_demo.cpp AddGain:164] 增益 -> 20.799999999999997 dB
[2026-10-05 16:25:28.566] [info] [thread 73471] [daheng_demo.cpp AddGain:164] 增益 -> 20.7 dB
[2026-10-05 16:25:28.596] [warning] [thread 73471] [daheng_demo.cpp AddGain:161] GXSetFloatValue Gain 失败 (status = 49671): {49671}{Write:line[74]}{{49671}{_ReveiveAck:line[299]}{USB3 Vision Error:Wrong status code of U3V acknowledgment packet from device: 0xC207}}
[2026-10-05 16:25:28.622] [info] [thread 73471] [daheng_demo.cpp AddGain:164] 增益 -> 20.599999999999998 dB
[2026-10-05 16:25:28.657] [info] [thread 73471] [daheng_demo.cpp AddGain:164] 增益 -> 20.5 dB
[2026-10-05 16:25:28.692] [info] [thread 73471] [daheng_demo.cpp AddGain:164] 增益 -> 20.4 dB
[2026-10-05 16:25:28.715] [info] [thread 73471] [daheng_demo.cpp AddGain:164] 增益 -> 20.299999999999997 dB
[2026-10-05 16:25:28.751] [info] [thread 73471] [daheng_demo.cpp AddGain:164] 增益 -> 20.2 dB
[2026-10-05 16:25:28.784] [info] [thread 73471] [daheng_demo.cpp AddGain:164] 增益 -> 20.099999999999998 dB
[2026-10-05 16:25:28.808] [info] [thread 73471] [daheng_demo.cpp AddGain:164] 增益 -> 20 dB
[2026-10-05 16:25:28.843] [info] [thread 73471] [daheng_demo.cpp AddGain:164] 增益 -> 19.9 dB
[2026-10-05 16:25:28.869] [info] [thread 73471] [daheng_demo.cpp AddGain:164] 增益 -> 19.799999999999997 dB
[2026-10-05 16:25:28.909] [info] [thread 73471] [daheng_demo.cpp AddGain:164] 增益 -> 19.7 dB
[2026-10-05 16:25:28.934] [info] [thread 73471] [daheng_demo.cpp AddGain:164] 增益 -> 19.599999999999998 dB
[2026-10-05 16:25:28.969] [info] [thread 73471] [daheng_demo.cpp AddGain:164] 增益 -> 19.5 dB
[2026-10-05 16:25:28.992] [info] [thread 73471] [daheng_demo.cpp AddGain:164] 增益 -> 19.4 dB
[2026-10-05 16:25:29.028] [info] [thread 73471] [daheng_demo.cpp AddGain:164] 增益 -> 19.299999999999997 dB
[2026-10-05 16:25:29.053] [info] [thread 73471] [daheng_demo.cpp AddGain:164] 增益 -> 19.2 dB
[2026-10-05 16:25:29.087] [info] [thread 73471] [daheng_demo.cpp AddGain:164] 增益 -> 19.099999999999998 dB
[2026-10-05 16:25:29.121] [info] [thread 73471] [daheng_demo.cpp AddGain:164] 增益 -> 19 dB
[2026-10-05 16:25:29.145] [info] [thread 73471] [daheng_demo.cpp AddGain:164] 增益 -> 18.9 dB
[2026-10-05 16:25:29.181] [info] [thread 73471] [daheng_demo.cpp AddGain:164] 增益 -> 18.799999999999997 dB
[2026-10-05 16:25:29.208] [info] [thread 73471] [daheng_demo.cpp AddGain:164] 增益 -> 18.7 dB
[2026-10-05 16:25:29.242] [info] [thread 73471] [daheng_demo.cpp AddGain:164] 增益 -> 18.599999999999998 dB
[2026-10-05 16:25:29.276] [info] [thread 73471] [daheng_demo.cpp AddGain:164] 增益 -> 18.5 dB
[2026-10-05 16:25:29.299] [info] [thread 73471] [daheng_demo.cpp AddGain:164] 增益 -> 18.4 dB
[2026-10-05 16:25:29.334] [info] [thread 73471] [daheng_demo.cpp AddGain:164] 增益 -> 18.299999999999997 dB
[2026-10-05 16:25:29.367] [info] [thread 73471] [daheng_demo.cpp AddGain:164] 增益 -> 18.2 dB
[2026-10-05 16:25:29.391] [info] [thread 73471] [daheng_demo.cpp AddGain:164] 增益 -> 18.099999999999998 dB
[2026-10-05 16:25:29.426] [info] [thread 73471] [daheng_demo.cpp AddGain:164] 增益 -> 18 dB
[2026-10-05 16:25:29.453] [info] [thread 73471] [daheng_demo.cpp AddGain:164] 增益 -> 17.9 dB
[2026-10-05 16:25:29.488] [info] [thread 73471] [daheng_demo.cpp AddGain:164] 增益 -> 17.799999999999997 dB
[2026-10-05 16:25:29.513] [info] [thread 73471] [daheng_demo.cpp AddGain:164] 增益 -> 17.7 dB
[2026-10-05 16:25:29.547] [info] [thread 73471] [daheng_demo.cpp AddGain:164] 增益 -> 17.599999999999998 dB
[2026-10-05 16:25:29.573] [info] [thread 73471] [daheng_demo.cpp AddGain:164] 增益 -> 17.5 dB
[2026-10-05 16:25:29.606] [info] [thread 73471] [daheng_demo.cpp AddGain:164] 增益 -> 17.4 dB
[2026-10-05 16:25:29.639] [info] [thread 73471] [daheng_demo.cpp AddGain:164] 增益 -> 17.299999999999997 dB
[2026-10-05 16:25:29.666] [info] [thread 73471] [daheng_demo.cpp AddGain:164] 增益 -> 17.2 dB
[2026-10-05 16:25:29.702] [info] [thread 73471] [daheng_demo.cpp AddGain:164] 增益 -> 17.099999999999998 dB
[2026-10-05 16:25:29.729] [info] [thread 73471] [daheng_demo.cpp AddGain:164] 增益 -> 17 dB
[2026-10-05 16:25:29.756] [info] [thread 73471] [daheng_demo.cpp AddGain:164] 增益 -> 16.9 dB
[2026-10-05 16:25:29.791] [info] [thread 73471] [daheng_demo.cpp AddGain:164] 增益 -> 16.799999999999997 dB
[2026-10-05 16:25:30.116] [info] [thread 73471] [daheng_demo.cpp AddGain:164] 增益 -> 16.900000000000002 dB
[2026-10-05 16:25:30.616] [info] [thread 73471] [daheng_demo.cpp AddGain:164] 增益 -> 17 dB
[2026-10-05 16:25:30.650] [info] [thread 73471] [daheng_demo.cpp AddGain:164] 增益 -> 17.1 dB
[2026-10-05 16:25:30.674] [info] [thread 73471] [daheng_demo.cpp AddGain:164] 增益 -> 17.200000000000003 dB
[2026-10-05 16:25:30.709] [info] [thread 73471] [daheng_demo.cpp AddGain:164] 增益 -> 17.3 dB
[2026-10-05 16:25:30.742] [info] [thread 73471] [daheng_demo.cpp AddGain:164] 增益 -> 17.400000000000002 dB
[2026-10-05 16:25:30.765] [info] [thread 73471] [daheng_demo.cpp AddGain:164] 增益 -> 17.5 dB
[2026-10-05 16:25:30.801] [info] [thread 73471] [daheng_demo.cpp AddGain:164] 增益 -> 17.6 dB
[2026-10-05 16:25:30.825] [info] [thread 73471] [daheng_demo.cpp AddGain:164] 增益 -> 17.700000000000003 dB
[2026-10-05 16:25:30.857] [info] [thread 73471] [daheng_demo.cpp AddGain:164] 增益 -> 17.8 dB
[2026-10-05 16:25:30.892] [info] [thread 73471] [daheng_demo.cpp AddGain:164] 增益 -> 17.900000000000002 dB
[2026-10-05 16:25:30.918] [info] [thread 73471] [daheng_demo.cpp AddGain:164] 增益 -> 18 dB
[2026-10-05 16:25:30.951] [info] [thread 73471] [daheng_demo.cpp AddGain:164] 增益 -> 18.1 dB
[2026-10-05 16:25:31.297] [info] [thread 73471] [daheng_demo.cpp AddGain:164] 增益 -> 18.200000000000003 dB
[2026-10-05 16:25:31.648] [info] [thread 73471] [daheng_demo.cpp AddGain:164] 增益 -> 18.3 dB
[2026-10-05 16:25:40.345] [info] [thread 73471] [daheng_demo.cpp main:440] 相机已关闭
[2026-10-05 16:26:12.525] [info] [thread 73787] [daheng_demo.cpp main:210] daheng_demo 启动
[2026-10-05 16:26:12.545] [debug] [thread 73787] [daheng_demo.cpp main:215] GXInitLib status = 0
[2026-10-05 16:26:13.557] [info] [thread 73787] [daheng_demo.cpp EnumerateDevices:83] 共找到 1 台设备:
[2026-10-05 16:26:13.557] [info] [thread 73787] [daheng_demo.cpp EnumerateDevices:95]   [1] 型号: MER-230-168U3C  序列号: NE0190010001
[2026-10-05 16:26:14.328] [info] [thread 73787] [daheng_demo.cpp main:253] 打开相机 NE0190010001 成功
[2026-10-05 16:26:14.359] [info] [thread 73787] [daheng_demo.cpp main:303] 分辨率 1920x1200
[2026-10-05 16:26:14.376] [info] [thread 73787] [daheng_demo.cpp main:358] 取流开始,按 e/d 调曝光、a/q 调增益、s/w 调伽马、ESC 退出
[2026-10-05 16:26:25.694] [info] [thread 73787] [daheng_demo.cpp AddGain:164] 增益 -> 18.2 dB
[2026-10-05 16:26:25.899] [info] [thread 73787] [daheng_demo.cpp AddGain:164] 增益 -> 18.099999999999998 dB
[2026-10-05 16:26:26.064] [info] [thread 73787] [daheng_demo.cpp AddGain:164] 增益 -> 18 dB
[2026-10-05 16:26:26.239] [info] [thread 73787] [daheng_demo.cpp AddGain:164] 增益 -> 17.9 dB
[2026-10-05 16:26:26.413] [info] [thread 73787] [daheng_demo.cpp AddGain:164] 增益 -> 17.799999999999997 dB
[2026-10-05 16:26:26.566] [info] [thread 73787] [daheng_demo.cpp AddGain:164] 增益 -> 17.7 dB
[2026-10-05 16:26:26.724] [info] [thread 73787] [daheng_demo.cpp AddGain:164] 增益 -> 17.599999999999998 dB
[2026-10-05 16:26:27.225] [info] [thread 73787] [daheng_demo.cpp AddGain:164] 增益 -> 17.5 dB
[2026-10-05 16:26:27.259] [info] [thread 73787] [daheng_demo.cpp AddGain:164] 增益 -> 17.4 dB
[2026-10-05 16:26:27.285] [info] [thread 73787] [daheng_demo.cpp AddGain:164] 增益 -> 17.299999999999997 dB
[2026-10-05 16:26:27.321] [info] [thread 73787] [daheng_demo.cpp AddGain:164] 增益 -> 17.2 dB
[2026-10-05 16:26:27.347] [info] [thread 73787] [daheng_demo.cpp AddGain:164] 增益 -> 17.099999999999998 dB
[2026-10-05 16:26:27.384] [info] [thread 73787] [daheng_demo.cpp AddGain:164] 增益 -> 17 dB
[2026-10-05 16:26:27.409] [info] [thread 73787] [daheng_demo.cpp AddGain:164] 增益 -> 16.9 dB
[2026-10-05 16:26:27.444] [info] [thread 73787] [daheng_demo.cpp AddGain:164] 增益 -> 16.799999999999997 dB
[2026-10-05 16:26:27.478] [info] [thread 73787] [daheng_demo.cpp AddGain:164] 增益 -> 16.7 dB
[2026-10-05 16:26:27.502] [info] [thread 73787] [daheng_demo.cpp AddGain:164] 增益 -> 16.599999999999998 dB
[2026-10-05 16:26:27.538] [info] [thread 73787] [daheng_demo.cpp AddGain:164] 增益 -> 16.5 dB
[2026-10-05 16:26:27.563] [info] [thread 73787] [daheng_demo.cpp AddGain:164] 增益 -> 16.4 dB
[2026-10-05 16:26:27.598] [info] [thread 73787] [daheng_demo.cpp AddGain:164] 增益 -> 16.299999999999997 dB
[2026-10-05 16:26:27.623] [info] [thread 73787] [daheng_demo.cpp AddGain:164] 增益 -> 16.2 dB
[2026-10-05 16:26:27.658] [info] [thread 73787] [daheng_demo.cpp AddGain:164] 增益 -> 16.099999999999998 dB
[2026-10-05 16:26:27.685] [info] [thread 73787] [daheng_demo.cpp AddGain:164] 增益 -> 16 dB
[2026-10-05 16:26:27.719] [info] [thread 73787] [daheng_demo.cpp AddGain:164] 增益 -> 15.9 dB
[2026-10-05 16:26:27.746] [info] [thread 73787] [daheng_demo.cpp AddGain:164] 增益 -> 15.8 dB
[2026-10-05 16:26:27.782] [info] [thread 73787] [daheng_demo.cpp AddGain:164] 增益 -> 15.700000000000001 dB
[2026-10-05 16:26:27.816] [info] [thread 73787] [daheng_demo.cpp AddGain:164] 增益 -> 15.6 dB
[2026-10-05 16:26:27.843] [warning] [thread 73787] [daheng_demo.cpp AddGain:161] GXSetFloatValue Gain 失败 (status = 49671): {49671}{Write:line[74]}{{49671}{_ReveiveAck:line[299]}{USB3 Vision Error:Wrong status code of U3V acknowledgment packet from device: 0xC207}}
[2026-10-05 16:26:27.869] [info] [thread 73787] [daheng_demo.cpp AddGain:164] 增益 -> 15.5 dB
[2026-10-05 16:26:27.905] [info] [thread 73787] [daheng_demo.cpp AddGain:164] 增益 -> 15.4 dB
[2026-10-05 16:26:27.931] [info] [thread 73787] [daheng_demo.cpp AddGain:164] 增益 -> 15.3 dB
[2026-10-05 16:26:27.965] [info] [thread 73787] [daheng_demo.cpp AddGain:164] 增益 -> 15.200000000000001 dB
[2026-10-05 16:26:27.999] [info] [thread 73787] [daheng_demo.cpp AddGain:164] 增益 -> 15.1 dB
[2026-10-05 16:26:28.023] [info] [thread 73787] [daheng_demo.cpp AddGain:164] 增益 -> 15 dB
[2026-10-05 16:26:28.058] [info] [thread 73787] [daheng_demo.cpp AddGain:164] 增益 -> 14.9 dB
[2026-10-05 16:26:28.083] [info] [thread 73787] [daheng_demo.cpp AddGain:164] 增益 -> 14.8 dB
[2026-10-05 16:26:28.119] [info] [thread 73787] [daheng_demo.cpp AddGain:164] 增益 -> 14.700000000000001 dB
[2026-10-05 16:26:28.145] [info] [thread 73787] [daheng_demo.cpp AddGain:164] 增益 -> 14.6 dB
[2026-10-05 16:26:28.181] [info] [thread 73787] [daheng_demo.cpp AddGain:164] 增益 -> 14.5 dB
[2026-10-05 16:26:28.207] [info] [thread 73787] [daheng_demo.cpp AddGain:164] 增益 -> 14.4 dB
[2026-10-05 16:26:28.243] [info] [thread 73787] [daheng_demo.cpp AddGain:164] 增益 -> 14.3 dB
[2026-10-05 16:26:28.267] [info] [thread 73787] [daheng_demo.cpp AddGain:164] 增益 -> 14.200000000000001 dB
[2026-10-05 16:26:28.302] [info] [thread 73787] [daheng_demo.cpp AddGain:164] 增益 -> 14.1 dB
[2026-10-05 16:26:28.337] [info] [thread 73787] [daheng_demo.cpp AddGain:164] 增益 -> 14 dB
[2026-10-05 16:26:28.361] [info] [thread 73787] [daheng_demo.cpp AddGain:164] 增益 -> 13.9 dB
[2026-10-05 16:26:28.395] [info] [thread 73787] [daheng_demo.cpp AddGain:164] 增益 -> 13.8 dB
[2026-10-05 16:26:28.422] [info] [thread 73787] [daheng_demo.cpp AddGain:164] 增益 -> 13.700000000000001 dB
[2026-10-05 16:26:28.457] [info] [thread 73787] [daheng_demo.cpp AddGain:164] 增益 -> 13.6 dB
[2026-10-05 16:26:28.481] [info] [thread 73787] [daheng_demo.cpp AddGain:164] 增益 -> 13.5 dB
[2026-10-05 16:26:28.517] [info] [thread 73787] [daheng_demo.cpp AddGain:164] 增益 -> 13.4 dB
[2026-10-05 16:26:28.541] [info] [thread 73787] [daheng_demo.cpp AddGain:164] 增益 -> 13.3 dB
[2026-10-05 16:26:28.576] [info] [thread 73787] [daheng_demo.cpp AddGain:164] 增益 -> 13.200000000000001 dB
[2026-10-05 16:26:28.602] [info] [thread 73787] [daheng_demo.cpp AddGain:164] 增益 -> 13.1 dB
[2026-10-05 16:26:28.637] [info] [thread 73787] [daheng_demo.cpp AddGain:164] 增益 -> 13 dB
[2026-10-05 16:26:28.663] [info] [thread 73787] [daheng_demo.cpp AddGain:164] 增益 -> 12.9 dB
[2026-10-05 16:26:28.699] [info] [thread 73787] [daheng_demo.cpp AddGain:164] 增益 -> 12.8 dB
[2026-10-05 16:26:28.724] [info] [thread 73787] [daheng_demo.cpp AddGain:164] 增益 -> 12.700000000000001 dB
[2026-10-05 16:26:29.132] [info] [thread 73787] [daheng_demo.cpp AddGain:164] 增益 -> 12.799999999999999 dB
[2026-10-05 16:26:29.631] [info] [thread 73787] [daheng_demo.cpp AddGain:164] 增益 -> 12.9 dB
[2026-10-05 16:26:29.664] [info] [thread 73787] [daheng_demo.cpp AddGain:164] 增益 -> 13 dB
[2026-10-05 16:26:29.698] [info] [thread 73787] [daheng_demo.cpp AddGain:164] 增益 -> 13.1 dB
[2026-10-05 16:26:29.724] [info] [thread 73787] [daheng_demo.cpp AddGain:164] 增益 -> 13.2 dB
[2026-10-05 16:26:29.758] [info] [thread 73787] [daheng_demo.cpp AddGain:164] 增益 -> 13.299999999999999 dB
[2026-10-05 16:26:29.785] [info] [thread 73787] [daheng_demo.cpp AddGain:164] 增益 -> 13.4 dB
[2026-10-05 16:26:29.819] [info] [thread 73787] [daheng_demo.cpp AddGain:164] 增益 -> 13.5 dB
[2026-10-05 16:26:29.845] [info] [thread 73787] [daheng_demo.cpp AddGain:164] 增益 -> 13.6 dB
[2026-10-05 16:26:29.880] [info] [thread 73787] [daheng_demo.cpp AddGain:164] 增益 -> 13.7 dB
[2026-10-05 16:26:29.916] [info] [thread 73787] [daheng_demo.cpp AddGain:164] 增益 -> 13.799999999999999 dB
[2026-10-05 16:26:29.939] [info] [thread 73787] [daheng_demo.cpp AddGain:164] 增益 -> 13.9 dB
[2026-10-05 16:26:29.973] [info] [thread 73787] [daheng_demo.cpp AddGain:164] 增益 -> 14 dB
[2026-10-05 16:26:30.007] [info] [thread 73787] [daheng_demo.cpp AddGain:164] 增益 -> 14.1 dB
[2026-10-05 16:26:30.031] [info] [thread 73787] [daheng_demo.cpp AddGain:164] 增益 -> 14.2 dB
[2026-10-05 16:26:30.066] [info] [thread 73787] [daheng_demo.cpp AddGain:164] 增益 -> 14.299999999999999 dB
[2026-10-05 16:26:30.092] [info] [thread 73787] [daheng_demo.cpp AddGain:164] 增益 -> 14.4 dB
[2026-10-05 16:26:30.128] [info] [thread 73787] [daheng_demo.cpp AddGain:164] 增益 -> 14.5 dB
[2026-10-05 16:26:30.155] [info] [thread 73787] [daheng_demo.cpp AddGain:164] 增益 -> 14.6 dB
[2026-10-05 16:26:30.184] [info] [thread 73787] [daheng_demo.cpp AddGain:164] 增益 -> 14.7 dB
[2026-10-05 16:26:30.219] [info] [thread 73787] [daheng_demo.cpp AddGain:164] 增益 -> 14.799999999999999 dB
[2026-10-05 16:26:30.245] [info] [thread 73787] [daheng_demo.cpp AddGain:164] 增益 -> 14.9 dB
[2026-10-05 16:26:30.282] [info] [thread 73787] [daheng_demo.cpp AddGain:164] 增益 -> 15 dB
[2026-10-05 16:26:30.307] [info] [thread 73787] [daheng_demo.cpp AddGain:164] 增益 -> 15.1 dB
[2026-10-05 16:26:30.343] [info] [thread 73787] [daheng_demo.cpp AddGain:164] 增益 -> 15.2 dB
[2026-10-05 16:26:30.367] [info] [thread 73787] [daheng_demo.cpp AddGain:164] 增益 -> 15.299999999999999 dB
[2026-10-05 16:26:30.403] [info] [thread 73787] [daheng_demo.cpp AddGain:164] 增益 -> 15.4 dB
[2026-10-05 16:26:30.437] [info] [thread 73787] [daheng_demo.cpp AddGain:164] 增益 -> 15.5 dB
[2026-10-05 16:26:30.461] [info] [thread 73787] [daheng_demo.cpp AddGain:164] 增益 -> 15.6 dB
[2026-10-05 16:26:30.497] [info] [thread 73787] [daheng_demo.cpp AddGain:164] 增益 -> 15.7 dB
[2026-10-05 16:26:30.532] [info] [thread 73787] [daheng_demo.cpp AddGain:164] 增益 -> 15.799999999999999 dB
[2026-10-05 16:26:30.555] [info] [thread 73787] [daheng_demo.cpp AddGain:164] 增益 -> 15.9 dB
[2026-10-05 16:26:30.589] [info] [thread 73787] [daheng_demo.cpp AddGain:164] 增益 -> 16 dB
[2026-10-05 16:26:30.615] [info] [thread 73787] [daheng_demo.cpp AddGain:164] 增益 -> 16.1 dB
[2026-10-05 16:26:30.648] [info] [thread 73787] [daheng_demo.cpp AddGain:164] 增益 -> 16.200000000000003 dB
[2026-10-05 16:26:30.683] [info] [thread 73787] [daheng_demo.cpp AddGain:164] 增益 -> 16.3 dB
[2026-10-05 16:26:30.715] [info] [thread 73787] [daheng_demo.cpp AddGain:164] 增益 -> 16.400000000000002 dB
[2026-10-05 16:26:30.738] [info] [thread 73787] [daheng_demo.cpp AddGain:164] 增益 -> 16.5 dB
[2026-10-05 16:26:30.774] [info] [thread 73787] [daheng_demo.cpp AddGain:164] 增益 -> 16.6 dB
[2026-10-05 16:26:30.801] [info] [thread 73787] [daheng_demo.cpp AddGain:164] 增益 -> 16.700000000000003 dB
[2026-10-05 16:26:30.829] [info] [thread 73787] [daheng_demo.cpp AddGain:164] 增益 -> 16.8 dB
[2026-10-05 16:26:30.864] [info] [thread 73787] [daheng_demo.cpp AddGain:164] 增益 -> 16.900000000000002 dB
[2026-10-05 16:26:30.898] [info] [thread 73787] [daheng_demo.cpp AddGain:164] 增益 -> 17 dB
[2026-10-05 16:26:30.922] [info] [thread 73787] [daheng_demo.cpp AddGain:164] 增益 -> 17.1 dB
[2026-10-05 16:26:30.955] [info] [thread 73787] [daheng_demo.cpp AddGain:164] 增益 -> 17.200000000000003 dB
[2026-10-05 16:26:30.992] [info] [thread 73787] [daheng_demo.cpp AddGain:164] 增益 -> 17.3 dB
[2026-10-05 16:26:31.018] [info] [thread 73787] [daheng_demo.cpp AddGain:164] 增益 -> 17.400000000000002 dB
[2026-10-05 16:26:47.728] [info] [thread 73787] [daheng_demo.cpp AddGain:164] 增益 -> 17.5 dB
[2026-10-05 16:26:48.229] [info] [thread 73787] [daheng_demo.cpp AddGain:164] 增益 -> 17.6 dB
[2026-10-05 16:26:48.265] [info] [thread 73787] [daheng_demo.cpp AddGain:164] 增益 -> 17.700000000000003 dB
[2026-10-05 16:26:48.290] [info] [thread 73787] [daheng_demo.cpp AddGain:164] 增益 -> 17.8 dB
[2026-10-05 16:26:48.325] [info] [thread 73787] [daheng_demo.cpp AddGain:164] 增益 -> 17.900000000000002 dB
[2026-10-05 16:26:48.359] [info] [thread 73787] [daheng_demo.cpp AddGain:164] 增益 -> 18 dB
[2026-10-05 16:26:48.382] [info] [thread 73787] [daheng_demo.cpp AddGain:164] 增益 -> 18.1 dB
[2026-10-05 16:26:48.415] [info] [thread 73787] [daheng_demo.cpp AddGain:164] 增益 -> 18.200000000000003 dB
[2026-10-05 16:26:48.448] [info] [thread 73787] [daheng_demo.cpp AddGain:164] 增益 -> 18.3 dB
[2026-10-05 16:26:48.672] [info] [thread 73787] [daheng_demo.cpp AddGain:164] 增益 -> 18.2 dB
[2026-10-05 16:26:49.168] [info] [thread 73787] [daheng_demo.cpp AddGain:164] 增益 -> 18.099999999999998 dB
[2026-10-05 16:26:49.203] [info] [thread 73787] [daheng_demo.cpp AddGain:164] 增益 -> 18 dB
[2026-10-05 16:26:49.237] [info] [thread 73787] [daheng_demo.cpp AddGain:164] 增益 -> 17.9 dB
[2026-10-05 16:26:49.263] [info] [thread 73787] [daheng_demo.cpp AddGain:164] 增益 -> 17.799999999999997 dB
[2026-10-05 16:26:49.298] [info] [thread 73787] [daheng_demo.cpp AddGain:164] 增益 -> 17.7 dB
[2026-10-05 16:26:49.322] [info] [thread 73787] [daheng_demo.cpp AddGain:164] 增益 -> 17.599999999999998 dB
[2026-10-05 16:26:49.356] [info] [thread 73787] [daheng_demo.cpp AddGain:164] 增益 -> 17.5 dB
[2026-10-05 16:26:49.382] [info] [thread 73787] [daheng_demo.cpp AddGain:164] 增益 -> 17.4 dB
[2026-10-05 16:26:49.417] [info] [thread 73787] [daheng_demo.cpp AddGain:164] 增益 -> 17.299999999999997 dB
[2026-10-05 16:26:49.738] [info] [thread 73787] [daheng_demo.cpp AddGain:164] 增益 -> 17.400000000000002 dB
[2026-10-05 16:26:50.240] [info] [thread 73787] [daheng_demo.cpp AddGain:164] 增益 -> 17.5 dB
[2026-10-05 16:26:50.267] [info] [thread 73787] [daheng_demo.cpp AddGain:164] 增益 -> 17.6 dB
[2026-10-05 16:26:50.294] [info] [thread 73787] [daheng_demo.cpp AddGain:164] 增益 -> 17.700000000000003 dB
[2026-10-05 16:26:50.329] [info] [thread 73787] [daheng_demo.cpp AddGain:164] 增益 -> 17.8 dB
[2026-10-05 16:26:50.362] [info] [thread 73787] [daheng_demo.cpp AddGain:164] 增益 -> 17.900000000000002 dB
[2026-10-05 16:26:50.386] [info] [thread 73787] [daheng_demo.cpp AddGain:164] 增益 -> 18 dB
[2026-10-05 16:26:50.422] [info] [thread 73787] [daheng_demo.cpp AddGain:164] 增益 -> 18.1 dB
[2026-10-05 16:26:50.456] [info] [thread 73787] [daheng_demo.cpp AddGain:164] 增益 -> 18.200000000000003 dB
[2026-10-05 16:26:50.481] [info] [thread 73787] [daheng_demo.cpp AddGain:164] 增益 -> 18.3 dB
[2026-10-05 16:26:50.515] [info] [thread 73787] [daheng_demo.cpp AddGain:164] 增益 -> 18.400000000000002 dB
[2026-10-05 16:26:50.550] [info] [thread 73787] [daheng_demo.cpp AddGain:164] 增益 -> 18.5 dB
[2026-10-05 16:26:50.573] [info] [thread 73787] [daheng_demo.cpp AddGain:164] 增益 -> 18.6 dB
[2026-10-05 16:26:50.607] [info] [thread 73787] [daheng_demo.cpp AddGain:164] 增益 -> 18.700000000000003 dB
[2026-10-05 16:26:53.989] [info] [thread 73787] [daheng_demo.cpp main:440] 相机已关闭
[2026-10-05 16:31:04.980] [info] [thread 74255] [daheng_demo.cpp main:210] daheng_demo 启动
[2026-10-05 16:31:05.004] [debug] [thread 74255] [daheng_demo.cpp main:215] GXInitLib status = 0
[2026-10-05 16:31:06.016] [info] [thread 74255] [daheng_demo.cpp EnumerateDevices:83] 共找到 1 台设备:
[2026-10-05 16:31:06.016] [info] [thread 74255] [daheng_demo.cpp EnumerateDevices:95]   [1] 型号: MER-230-168U3C  序列号: NE0190010001
[2026-10-05 16:31:06.789] [info] [thread 74255] [daheng_demo.cpp main:253] 打开相机 NE0190010001 成功
[2026-10-05 16:31:06.821] [info] [thread 74255] [daheng_demo.cpp main:303] 分辨率 1920x1200
[2026-10-05 16:31:06.838] [info] [thread 74255] [daheng_demo.cpp main:358] 取流开始,按 e/d 调曝光、a/q 调增益、s/w 调伽马、ESC 退出
[2026-10-05 16:31:27.083] [info] [thread 74255] [daheng_demo.cpp main:443] 相机已关闭
[2026-10-05 16:32:01.033] [info] [thread 74537] [daheng_demo.cpp main:210] daheng_demo 启动
[2026-10-05 16:32:01.053] [debug] [thread 74537] [daheng_demo.cpp main:215] GXInitLib status = 0
[2026-10-05 16:32:02.064] [info] [thread 74537] [daheng_demo.cpp EnumerateDevices:83] 共找到 1 台设备:
[2026-10-05 16:32:02.064] [info] [thread 74537] [daheng_demo.cpp EnumerateDevices:95]   [1] 型号: MER-230-168U3C  序列号: NE0190010001
[2026-10-05 16:32:02.835] [info] [thread 74537] [daheng_demo.cpp main:253] 打开相机 NE0190010001 成功
[2026-10-05 16:32:02.868] [info] [thread 74537] [daheng_demo.cpp main:303] 分辨率 1920x1200
[2026-10-05 16:32:02.884] [info] [thread 74537] [daheng_demo.cpp main:358] 取流开始,按 e/d 调曝光、a/q 调增益、s/w 调伽马、ESC 退出
[2026-10-05 16:32:37.261] [info] [thread 74537] [daheng_demo.cpp main:443] 相机已关闭
[2026-10-05 16:46:31.639] [info] [thread 75956] [daheng_demo.cpp main:210] daheng_demo 启动
[2026-10-05 16:46:31.659] [debug] [thread 75956] [daheng_demo.cpp main:215] GXInitLib status = 0
[2026-10-05 16:46:32.674] [info] [thread 75956] [daheng_demo.cpp EnumerateDevices:83] 共找到 1 台设备:
[2026-10-05 16:46:32.674] [info] [thread 75956] [daheng_demo.cpp EnumerateDevices:95]   [1] 型号: MER-230-168U3C  序列号: NE0190010001
[2026-10-05 16:46:33.455] [info] [thread 75956] [daheng_demo.cpp main:253] 打开相机 NE0190010001 成功
[2026-10-05 16:46:33.487] [info] [thread 75956] [daheng_demo.cpp main:303] 分辨率 1920x1200
[2026-10-05 16:46:33.503] [info] [thread 75956] [daheng_demo.cpp main:358] 取流开始,按 e/d 调曝光、a/q 调增益、s/w 调伽马、ESC 退出
[2026-10-05 16:46:51.214] [info] [thread 75956] [daheng_demo.cpp AddGain:164] 增益 -> 18.599999999999998 dB
[2026-10-05 16:46:51.708] [info] [thread 75956] [daheng_demo.cpp AddGain:164] 增益 -> 18.5 dB
[2026-10-05 16:46:51.737] [info] [thread 75956] [daheng_demo.cpp AddGain:164] 增益 -> 18.4 dB
[2026-10-05 16:46:51.766] [info] [thread 75956] [daheng_demo.cpp AddGain:164] 增益 -> 18.299999999999997 dB
[2026-10-05 16:46:51.797] [info] [thread 75956] [daheng_demo.cpp AddGain:164] 增益 -> 18.2 dB
[2026-10-05 16:46:51.833] [info] [thread 75956] [daheng_demo.cpp AddGain:164] 增益 -> 18.099999999999998 dB
[2026-10-05 16:46:51.857] [info] [thread 75956] [daheng_demo.cpp AddGain:164] 增益 -> 18 dB
[2026-10-05 16:46:51.886] [info] [thread 75956] [daheng_demo.cpp AddGain:164] 增益 -> 17.9 dB
[2026-10-05 16:46:51.922] [info] [thread 75956] [daheng_demo.cpp AddGain:164] 增益 -> 17.799999999999997 dB
[2026-10-05 16:46:51.949] [info] [thread 75956] [daheng_demo.cpp AddGain:164] 增益 -> 17.7 dB
[2026-10-05 16:46:52.373] [info] [thread 75956] [daheng_demo.cpp AddGain:164] 增益 -> 17.599999999999998 dB
[2026-10-05 16:46:54.856] [info] [thread 75956] [daheng_demo.cpp AddGain:164] 增益 -> 17.5 dB
[2026-10-05 16:46:55.359] [info] [thread 75956] [daheng_demo.cpp AddGain:164] 增益 -> 17.4 dB
[2026-10-05 16:46:55.389] [info] [thread 75956] [daheng_demo.cpp AddGain:164] 增益 -> 17.299999999999997 dB
[2026-10-05 16:46:55.423] [warning] [thread 75956] [daheng_demo.cpp AddGain:161] GXSetFloatValue Gain 失败 (status = 49671): {49671}{Write:line[74]}{{49671}{_ReveiveAck:line[299]}{USB3 Vision Error:Wrong status code of U3V acknowledgment packet from device: 0xC207}}
[2026-10-05 16:46:55.449] [info] [thread 75956] [daheng_demo.cpp AddGain:164] 增益 -> 17.2 dB
[2026-10-05 16:46:55.482] [info] [thread 75956] [daheng_demo.cpp AddGain:164] 增益 -> 17.099999999999998 dB
[2026-10-05 16:46:55.508] [info] [thread 75956] [daheng_demo.cpp AddGain:164] 增益 -> 17 dB
[2026-10-05 16:46:55.539] [info] [thread 75956] [daheng_demo.cpp AddGain:164] 增益 -> 16.9 dB
[2026-10-05 16:46:55.570] [info] [thread 75956] [daheng_demo.cpp AddGain:164] 增益 -> 16.799999999999997 dB
[2026-10-05 16:46:55.600] [info] [thread 75956] [daheng_demo.cpp AddGain:164] 增益 -> 16.7 dB
[2026-10-05 16:46:55.636] [info] [thread 75956] [daheng_demo.cpp AddGain:164] 增益 -> 16.599999999999998 dB
[2026-10-05 16:46:55.661] [info] [thread 75956] [daheng_demo.cpp AddGain:164] 增益 -> 16.5 dB
[2026-10-05 16:46:55.692] [info] [thread 75956] [daheng_demo.cpp AddGain:164] 增益 -> 16.4 dB
[2026-10-05 16:46:55.726] [info] [thread 75956] [daheng_demo.cpp AddGain:164] 增益 -> 16.299999999999997 dB
[2026-10-05 16:46:55.751] [info] [thread 75956] [daheng_demo.cpp AddGain:164] 增益 -> 16.2 dB
[2026-10-05 16:46:55.786] [info] [thread 75956] [daheng_demo.cpp AddGain:164] 增益 -> 16.099999999999998 dB
[2026-10-05 16:46:55.817] [info] [thread 75956] [daheng_demo.cpp AddGain:164] 增益 -> 16 dB
[2026-10-05 16:46:55.848] [info] [thread 75956] [daheng_demo.cpp AddGain:164] 增益 -> 15.9 dB
[2026-10-05 16:46:55.878] [info] [thread 75956] [daheng_demo.cpp AddGain:164] 增益 -> 15.8 dB
[2026-10-05 16:46:55.906] [info] [thread 75956] [daheng_demo.cpp AddGain:164] 增益 -> 15.700000000000001 dB
[2026-10-05 16:46:55.936] [info] [thread 75956] [daheng_demo.cpp AddGain:164] 增益 -> 15.6 dB
[2026-10-05 16:46:55.967] [info] [thread 75956] [daheng_demo.cpp AddGain:164] 增益 -> 15.5 dB
[2026-10-05 16:46:55.998] [info] [thread 75956] [daheng_demo.cpp AddGain:164] 增益 -> 15.4 dB
[2026-10-05 16:46:56.027] [info] [thread 75956] [daheng_demo.cpp AddGain:164] 增益 -> 15.3 dB
[2026-10-05 16:46:56.057] [info] [thread 75956] [daheng_demo.cpp AddGain:164] 增益 -> 15.200000000000001 dB
[2026-10-05 16:46:56.087] [info] [thread 75956] [daheng_demo.cpp AddGain:164] 增益 -> 15.1 dB
[2026-10-05 16:46:56.116] [info] [thread 75956] [daheng_demo.cpp AddGain:164] 增益 -> 15 dB
[2026-10-05 16:46:56.146] [info] [thread 75956] [daheng_demo.cpp AddGain:164] 增益 -> 14.9 dB
[2026-10-05 16:46:56.178] [info] [thread 75956] [daheng_demo.cpp AddGain:164] 增益 -> 14.8 dB
[2026-10-05 16:46:56.214] [info] [thread 75956] [daheng_demo.cpp AddGain:164] 增益 -> 14.700000000000001 dB
[2026-10-05 16:46:56.244] [info] [thread 75956] [daheng_demo.cpp AddGain:164] 增益 -> 14.6 dB
[2026-10-05 16:46:56.274] [info] [thread 75956] [daheng_demo.cpp AddGain:164] 增益 -> 14.5 dB
[2026-10-05 16:46:56.304] [info] [thread 75956] [daheng_demo.cpp AddGain:164] 增益 -> 14.4 dB
[2026-10-05 16:46:56.333] [info] [thread 75956] [daheng_demo.cpp AddGain:164] 增益 -> 14.3 dB
[2026-10-05 16:46:56.367] [info] [thread 75956] [daheng_demo.cpp AddGain:164] 增益 -> 14.200000000000001 dB
[2026-10-05 16:46:56.394] [info] [thread 75956] [daheng_demo.cpp AddGain:164] 增益 -> 14.1 dB
[2026-10-05 16:46:56.424] [info] [thread 75956] [daheng_demo.cpp AddGain:164] 增益 -> 14 dB
[2026-10-05 16:46:56.454] [info] [thread 75956] [daheng_demo.cpp AddGain:164] 增益 -> 13.9 dB
[2026-10-05 16:46:56.484] [info] [thread 75956] [daheng_demo.cpp AddGain:164] 增益 -> 13.8 dB
[2026-10-05 16:46:56.514] [info] [thread 75956] [daheng_demo.cpp AddGain:164] 增益 -> 13.700000000000001 dB
[2026-10-05 16:46:56.546] [info] [thread 75956] [daheng_demo.cpp AddGain:164] 增益 -> 13.6 dB
[2026-10-05 16:46:56.581] [info] [thread 75956] [daheng_demo.cpp AddGain:164] 增益 -> 13.5 dB
[2026-10-05 16:46:56.612] [info] [thread 75956] [daheng_demo.cpp AddGain:164] 增益 -> 13.4 dB
[2026-10-05 16:46:56.637] [info] [thread 75956] [daheng_demo.cpp AddGain:164] 增益 -> 13.3 dB
[2026-10-05 16:46:56.672] [info] [thread 75956] [daheng_demo.cpp AddGain:164] 增益 -> 13.200000000000001 dB
[2026-10-05 16:47:06.771] [info] [thread 75956] [daheng_demo.cpp AddGain:164] 增益 -> 13.299999999999999 dB
[2026-10-05 16:47:07.268] [info] [thread 75956] [daheng_demo.cpp AddGain:164] 增益 -> 13.4 dB
[2026-10-05 16:47:07.298] [info] [thread 75956] [daheng_demo.cpp AddGain:164] 增益 -> 13.5 dB
[2026-10-05 16:47:07.328] [info] [thread 75956] [daheng_demo.cpp AddGain:164] 增益 -> 13.6 dB
[2026-10-05 16:47:07.358] [info] [thread 75956] [daheng_demo.cpp AddGain:164] 增益 -> 13.7 dB
[2026-10-05 16:47:07.385] [info] [thread 75956] [daheng_demo.cpp AddGain:164] 增益 -> 13.799999999999999 dB
[2026-10-05 16:47:07.424] [info] [thread 75956] [daheng_demo.cpp AddGain:164] 增益 -> 13.9 dB
[2026-10-05 16:47:07.447] [info] [thread 75956] [daheng_demo.cpp AddGain:164] 增益 -> 14 dB
[2026-10-05 16:47:07.484] [info] [thread 75956] [daheng_demo.cpp AddGain:164] 增益 -> 14.1 dB
[2026-10-05 16:47:07.508] [info] [thread 75956] [daheng_demo.cpp AddGain:164] 增益 -> 14.2 dB
[2026-10-05 16:47:07.538] [info] [thread 75956] [daheng_demo.cpp AddGain:164] 增益 -> 14.299999999999999 dB
[2026-10-05 16:47:07.568] [info] [thread 75956] [daheng_demo.cpp AddGain:164] 增益 -> 14.4 dB
[2026-10-05 16:47:07.603] [info] [thread 75956] [daheng_demo.cpp AddGain:164] 增益 -> 14.5 dB
[2026-10-05 16:47:07.633] [info] [thread 75956] [daheng_demo.cpp AddGain:164] 增益 -> 14.6 dB
[2026-10-05 16:47:07.663] [info] [thread 75956] [daheng_demo.cpp AddGain:164] 增益 -> 14.7 dB
[2026-10-05 16:47:07.693] [info] [thread 75956] [daheng_demo.cpp AddGain:164] 增益 -> 14.799999999999999 dB
[2026-10-05 16:47:07.723] [info] [thread 75956] [daheng_demo.cpp AddGain:164] 增益 -> 14.9 dB
[2026-10-05 16:47:07.753] [info] [thread 75956] [daheng_demo.cpp AddGain:164] 增益 -> 15 dB
[2026-10-05 16:47:07.783] [info] [thread 75956] [daheng_demo.cpp AddGain:164] 增益 -> 15.1 dB
[2026-10-05 16:47:07.813] [info] [thread 75956] [daheng_demo.cpp AddGain:164] 增益 -> 15.2 dB
[2026-10-05 16:47:07.842] [info] [thread 75956] [daheng_demo.cpp AddGain:164] 增益 -> 15.299999999999999 dB
[2026-10-05 16:47:07.874] [info] [thread 75956] [daheng_demo.cpp AddGain:164] 增益 -> 15.4 dB
[2026-10-05 16:47:07.904] [info] [thread 75956] [daheng_demo.cpp AddGain:164] 增益 -> 15.5 dB
[2026-10-05 16:47:07.941] [info] [thread 75956] [daheng_demo.cpp AddGain:164] 增益 -> 15.6 dB
[2026-10-05 16:47:07.965] [info] [thread 75956] [daheng_demo.cpp AddGain:164] 增益 -> 15.7 dB
[2026-10-05 16:47:07.996] [info] [thread 75956] [daheng_demo.cpp AddGain:164] 增益 -> 15.799999999999999 dB
[2026-10-05 16:47:08.027] [info] [thread 75956] [daheng_demo.cpp AddGain:164] 增益 -> 15.9 dB
[2026-10-05 16:47:08.055] [info] [thread 75956] [daheng_demo.cpp AddGain:164] 增益 -> 16 dB
[2026-10-05 16:47:08.091] [info] [thread 75956] [daheng_demo.cpp AddGain:164] 增益 -> 16.1 dB
[2026-10-05 16:47:08.120] [info] [thread 75956] [daheng_demo.cpp AddGain:164] 增益 -> 16.200000000000003 dB
[2026-10-05 16:47:08.150] [info] [thread 75956] [daheng_demo.cpp AddGain:164] 增益 -> 16.3 dB
[2026-10-05 16:47:08.183] [info] [thread 75956] [daheng_demo.cpp AddGain:164] 增益 -> 16.400000000000002 dB
[2026-10-05 16:47:08.213] [info] [thread 75956] [daheng_demo.cpp AddGain:164] 增益 -> 16.5 dB
[2026-10-05 16:47:08.240] [info] [thread 75956] [daheng_demo.cpp AddGain:164] 增益 -> 16.6 dB
[2026-10-05 16:47:08.271] [info] [thread 75956] [daheng_demo.cpp AddGain:164] 增益 -> 16.700000000000003 dB
[2026-10-05 16:47:08.301] [info] [thread 75956] [daheng_demo.cpp AddGain:164] 增益 -> 16.8 dB
[2026-10-05 16:47:08.330] [info] [thread 75956] [daheng_demo.cpp AddGain:164] 增益 -> 16.900000000000002 dB
[2026-10-05 16:47:12.525] [info] [thread 75956] [daheng_demo.cpp AddGain:164] 增益 -> 17 dB
[2026-10-05 16:47:17.837] [info] [thread 75956] [daheng_demo.cpp AddGain:164] 增益 -> 17.1 dB
[2026-10-05 16:47:18.338] [info] [thread 75956] [daheng_demo.cpp AddGain:164] 增益 -> 17.200000000000003 dB
[2026-10-05 16:47:18.369] [info] [thread 75956] [daheng_demo.cpp AddGain:164] 增益 -> 17.3 dB
[2026-10-05 16:47:18.399] [info] [thread 75956] [daheng_demo.cpp AddGain:164] 增益 -> 17.400000000000002 dB
[2026-10-05 16:47:18.429] [info] [thread 75956] [daheng_demo.cpp AddGain:164] 增益 -> 17.5 dB
[2026-10-05 16:47:18.460] [info] [thread 75956] [daheng_demo.cpp AddGain:164] 增益 -> 17.6 dB
[2026-10-05 16:47:18.490] [info] [thread 75956] [daheng_demo.cpp AddGain:164] 增益 -> 17.700000000000003 dB
[2026-10-05 16:47:18.520] [info] [thread 75956] [daheng_demo.cpp AddGain:164] 增益 -> 17.8 dB
[2026-10-05 16:47:18.549] [info] [thread 75956] [daheng_demo.cpp AddGain:164] 增益 -> 17.900000000000002 dB
[2026-10-05 16:47:18.583] [warning] [thread 75956] [daheng_demo.cpp AddGain:161] GXSetFloatValue Gain 失败 (status = 49671): {49671}{Write:line[74]}{{49671}{_ReveiveAck:line[299]}{USB3 Vision Error:Wrong status code of U3V acknowledgment packet from device: 0xC207}}
[2026-10-05 16:47:18.610] [info] [thread 75956] [daheng_demo.cpp AddGain:164] 增益 -> 18 dB
[2026-10-05 16:47:18.640] [info] [thread 75956] [daheng_demo.cpp AddGain:164] 增益 -> 18.1 dB
[2026-10-05 16:47:18.671] [info] [thread 75956] [daheng_demo.cpp AddGain:164] 增益 -> 18.200000000000003 dB
[2026-10-05 16:47:18.707] [info] [thread 75956] [daheng_demo.cpp AddGain:164] 增益 -> 18.3 dB
[2026-10-05 16:47:18.731] [info] [thread 75956] [daheng_demo.cpp AddGain:164] 增益 -> 18.400000000000002 dB
[2026-10-05 16:47:18.767] [info] [thread 75956] [daheng_demo.cpp AddGain:164] 增益 -> 18.5 dB
[2026-10-05 16:47:18.797] [info] [thread 75956] [daheng_demo.cpp AddGain:164] 增益 -> 18.6 dB
[2026-10-05 16:47:18.828] [info] [thread 75956] [daheng_demo.cpp AddGain:164] 增益 -> 18.700000000000003 dB
[2026-10-05 16:47:18.856] [info] [thread 75956] [daheng_demo.cpp AddGain:164] 增益 -> 18.8 dB
[2026-10-05 16:47:18.886] [info] [thread 75956] [daheng_demo.cpp AddGain:164] 增益 -> 18.900000000000002 dB
[2026-10-05 16:47:18.919] [info] [thread 75956] [daheng_demo.cpp AddGain:164] 增益 -> 19 dB
[2026-10-05 16:47:18.947] [info] [thread 75956] [daheng_demo.cpp AddGain:164] 增益 -> 19.1 dB
[2026-10-05 16:47:18.977] [info] [thread 75956] [daheng_demo.cpp AddGain:164] 增益 -> 19.200000000000003 dB
[2026-10-05 16:47:19.007] [info] [thread 75956] [daheng_demo.cpp AddGain:164] 增益 -> 19.3 dB
[2026-10-05 16:47:19.043] [info] [thread 75956] [daheng_demo.cpp AddGain:164] 增益 -> 19.400000000000002 dB
[2026-10-05 16:47:19.070] [info] [thread 75956] [daheng_demo.cpp AddGain:164] 增益 -> 19.5 dB
[2026-10-05 16:47:19.099] [info] [thread 75956] [daheng_demo.cpp AddGain:164] 增益 -> 19.6 dB
[2026-10-05 16:47:19.129] [info] [thread 75956] [daheng_demo.cpp AddGain:164] 增益 -> 19.700000000000003 dB
[2026-10-05 16:47:19.158] [info] [thread 75956] [daheng_demo.cpp AddGain:164] 增益 -> 19.8 dB
[2026-10-05 16:47:19.195] [info] [thread 75956] [daheng_demo.cpp AddGain:164] 增益 -> 19.900000000000002 dB
[2026-10-05 16:47:19.219] [info] [thread 75956] [daheng_demo.cpp AddGain:164] 增益 -> 20 dB
[2026-10-05 16:47:19.251] [info] [thread 75956] [daheng_demo.cpp AddGain:164] 增益 -> 20.1 dB
[2026-10-05 16:47:19.280] [info] [thread 75956] [daheng_demo.cpp AddGain:164] 增益 -> 20.200000000000003 dB
[2026-10-05 16:47:19.316] [info] [thread 75956] [daheng_demo.cpp AddGain:164] 增益 -> 20.3 dB
[2026-10-05 16:47:19.344] [info] [thread 75956] [daheng_demo.cpp AddGain:164] 增益 -> 20.400000000000002 dB
[2026-10-05 16:47:19.374] [info] [thread 75956] [daheng_demo.cpp AddGain:164] 增益 -> 20.5 dB
[2026-10-05 16:47:19.405] [info] [thread 75956] [daheng_demo.cpp AddGain:164] 增益 -> 20.6 dB
[2026-10-05 16:47:23.276] [info] [thread 75956] [daheng_demo.cpp AddGain:164] 增益 -> 20.5 dB
[2026-10-05 16:47:23.778] [info] [thread 75956] [daheng_demo.cpp AddGain:164] 增益 -> 20.4 dB
[2026-10-05 16:47:23.808] [info] [thread 75956] [daheng_demo.cpp AddGain:164] 增益 -> 20.299999999999997 dB
[2026-10-05 16:47:23.838] [info] [thread 75956] [daheng_demo.cpp AddGain:164] 增益 -> 20.2 dB
[2026-10-05 16:47:23.868] [info] [thread 75956] [daheng_demo.cpp AddGain:164] 增益 -> 20.099999999999998 dB
[2026-10-05 16:47:23.898] [info] [thread 75956] [daheng_demo.cpp AddGain:164] 增益 -> 20 dB
[2026-10-05 16:47:23.928] [info] [thread 75956] [daheng_demo.cpp AddGain:164] 增益 -> 19.9 dB
[2026-10-05 16:47:23.958] [info] [thread 75956] [daheng_demo.cpp AddGain:164] 增益 -> 19.799999999999997 dB
[2026-10-05 16:47:23.990] [info] [thread 75956] [daheng_demo.cpp AddGain:164] 增益 -> 19.7 dB
[2026-10-05 16:47:24.019] [info] [thread 75956] [daheng_demo.cpp AddGain:164] 增益 -> 19.599999999999998 dB
[2026-10-05 16:47:24.048] [info] [thread 75956] [daheng_demo.cpp AddGain:164] 增益 -> 19.5 dB
[2026-10-05 16:47:24.078] [info] [thread 75956] [daheng_demo.cpp AddGain:164] 增益 -> 19.4 dB
[2026-10-05 16:47:24.109] [info] [thread 75956] [daheng_demo.cpp AddGain:164] 增益 -> 19.299999999999997 dB
[2026-10-05 16:47:24.147] [info] [thread 75956] [daheng_demo.cpp AddGain:164] 增益 -> 19.2 dB
[2026-10-05 16:47:24.176] [info] [thread 75956] [daheng_demo.cpp AddGain:164] 增益 -> 19.099999999999998 dB
[2026-10-05 16:47:24.206] [info] [thread 75956] [daheng_demo.cpp AddGain:164] 增益 -> 19 dB
[2026-10-05 16:47:24.236] [info] [thread 75956] [daheng_demo.cpp AddGain:164] 增益 -> 18.9 dB
[2026-10-05 16:47:24.266] [info] [thread 75956] [daheng_demo.cpp AddGain:164] 增益 -> 18.799999999999997 dB
[2026-10-05 16:47:24.296] [info] [thread 75956] [daheng_demo.cpp AddGain:164] 增益 -> 18.7 dB
[2026-10-05 16:47:24.325] [info] [thread 75956] [daheng_demo.cpp AddGain:164] 增益 -> 18.599999999999998 dB
[2026-10-05 16:47:24.356] [info] [thread 75956] [daheng_demo.cpp AddGain:164] 增益 -> 18.5 dB
[2026-10-05 16:47:24.387] [info] [thread 75956] [daheng_demo.cpp AddGain:164] 增益 -> 18.4 dB
[2026-10-05 16:47:24.417] [info] [thread 75956] [daheng_demo.cpp AddGain:164] 增益 -> 18.299999999999997 dB
[2026-10-05 16:47:24.447] [info] [thread 75956] [daheng_demo.cpp AddGain:164] 增益 -> 18.2 dB
[2026-10-05 16:47:24.476] [info] [thread 75956] [daheng_demo.cpp AddGain:164] 增益 -> 18.099999999999998 dB
[2026-10-05 16:47:24.506] [info] [thread 75956] [daheng_demo.cpp AddGain:164] 增益 -> 18 dB
[2026-10-05 16:47:24.536] [info] [thread 75956] [daheng_demo.cpp AddGain:164] 增益 -> 17.9 dB
[2026-10-05 16:47:24.571] [info] [thread 75956] [daheng_demo.cpp AddGain:164] 增益 -> 17.799999999999997 dB
[2026-10-05 16:47:24.598] [info] [thread 75956] [daheng_demo.cpp AddGain:164] 增益 -> 17.7 dB
[2026-10-05 16:47:24.626] [info] [thread 75956] [daheng_demo.cpp AddGain:164] 增益 -> 17.599999999999998 dB
[2026-10-05 16:47:24.663] [info] [thread 75956] [daheng_demo.cpp AddGain:164] 增益 -> 17.5 dB
[2026-10-05 16:47:24.689] [info] [thread 75956] [daheng_demo.cpp AddGain:164] 增益 -> 17.4 dB
[2026-10-05 16:47:24.718] [info] [thread 75956] [daheng_demo.cpp AddGain:164] 增益 -> 17.299999999999997 dB
[2026-10-05 16:47:24.754] [info] [thread 75956] [daheng_demo.cpp AddGain:164] 增益 -> 17.2 dB
[2026-10-05 16:47:24.778] [info] [thread 75956] [daheng_demo.cpp AddGain:164] 增益 -> 17.099999999999998 dB
[2026-10-05 16:47:24.809] [info] [thread 75956] [daheng_demo.cpp AddGain:164] 增益 -> 17 dB
[2026-10-05 16:47:24.845] [info] [thread 75956] [daheng_demo.cpp AddGain:164] 增益 -> 16.9 dB
[2026-10-05 16:47:32.768] [info] [thread 75956] [daheng_demo.cpp AddGain:164] 增益 -> 17 dB
[2026-10-05 16:47:33.262] [info] [thread 75956] [daheng_demo.cpp AddGain:164] 增益 -> 17.1 dB
[2026-10-05 16:47:33.294] [info] [thread 75956] [daheng_demo.cpp AddGain:164] 增益 -> 17.200000000000003 dB
[2026-10-05 16:47:33.323] [info] [thread 75956] [daheng_demo.cpp AddGain:164] 增益 -> 17.3 dB
[2026-10-05 16:47:33.353] [info] [thread 75956] [daheng_demo.cpp AddGain:164] 增益 -> 17.400000000000002 dB
[2026-10-05 16:47:33.392] [info] [thread 75956] [daheng_demo.cpp AddGain:164] 增益 -> 17.5 dB
[2026-10-05 16:47:33.420] [info] [thread 75956] [daheng_demo.cpp AddGain:164] 增益 -> 17.6 dB
[2026-10-05 16:47:33.449] [info] [thread 75956] [daheng_demo.cpp AddGain:164] 增益 -> 17.700000000000003 dB
[2026-10-05 16:47:33.474] [info] [thread 75956] [daheng_demo.cpp AddGain:164] 增益 -> 17.8 dB
[2026-10-05 16:47:33.509] [info] [thread 75956] [daheng_demo.cpp AddGain:164] 增益 -> 17.900000000000002 dB
[2026-10-05 16:47:33.539] [info] [thread 75956] [daheng_demo.cpp AddGain:164] 增益 -> 18 dB
[2026-10-05 16:47:33.569] [info] [thread 75956] [daheng_demo.cpp AddGain:164] 增益 -> 18.1 dB
[2026-10-05 16:47:33.599] [info] [thread 75956] [daheng_demo.cpp AddGain:164] 增益 -> 18.200000000000003 dB
[2026-10-05 16:47:33.629] [info] [thread 75956] [daheng_demo.cpp AddGain:164] 增益 -> 18.3 dB
[2026-10-05 16:47:33.659] [info] [thread 75956] [daheng_demo.cpp AddGain:164] 增益 -> 18.400000000000002 dB
[2026-10-05 16:47:33.689] [info] [thread 75956] [daheng_demo.cpp AddGain:164] 增益 -> 18.5 dB
[2026-10-05 16:47:33.719] [info] [thread 75956] [daheng_demo.cpp AddGain:164] 增益 -> 18.6 dB
[2026-10-05 16:47:33.749] [info] [thread 75956] [daheng_demo.cpp AddGain:164] 增益 -> 18.700000000000003 dB
[2026-10-05 16:47:33.779] [info] [thread 75956] [daheng_demo.cpp AddGain:164] 增益 -> 18.8 dB
[2026-10-05 16:47:33.809] [info] [thread 75956] [daheng_demo.cpp AddGain:164] 增益 -> 18.900000000000002 dB
[2026-10-05 16:47:33.839] [info] [thread 75956] [daheng_demo.cpp AddGain:164] 增益 -> 19 dB
[2026-10-05 16:47:33.869] [info] [thread 75956] [daheng_demo.cpp AddGain:164] 增益 -> 19.1 dB
[2026-10-05 16:47:33.900] [info] [thread 75956] [daheng_demo.cpp AddGain:164] 增益 -> 19.200000000000003 dB
[2026-10-05 16:47:33.930] [info] [thread 75956] [daheng_demo.cpp AddGain:164] 增益 -> 19.3 dB
[2026-10-05 16:47:33.967] [info] [thread 75956] [daheng_demo.cpp AddGain:164] 增益 -> 19.400000000000002 dB
[2026-10-05 16:47:33.997] [info] [thread 75956] [daheng_demo.cpp AddGain:164] 增益 -> 19.5 dB
[2026-10-05 16:47:34.026] [info] [thread 75956] [daheng_demo.cpp AddGain:164] 增益 -> 19.6 dB
[2026-10-05 16:47:34.057] [info] [thread 75956] [daheng_demo.cpp AddGain:164] 增益 -> 19.700000000000003 dB
[2026-10-05 16:47:34.087] [info] [thread 75956] [daheng_demo.cpp AddGain:164] 增益 -> 19.8 dB
[2026-10-05 16:47:34.117] [info] [thread 75956] [daheng_demo.cpp AddGain:164] 增益 -> 19.900000000000002 dB
[2026-10-05 16:47:34.147] [info] [thread 75956] [daheng_demo.cpp AddGain:164] 增益 -> 20 dB
[2026-10-05 16:47:34.179] [info] [thread 75956] [daheng_demo.cpp AddGain:164] 增益 -> 20.1 dB
[2026-10-05 16:47:34.207] [info] [thread 75956] [daheng_demo.cpp AddGain:164] 增益 -> 20.200000000000003 dB
[2026-10-05 16:47:34.238] [info] [thread 75956] [daheng_demo.cpp AddGain:164] 增益 -> 20.3 dB
[2026-10-05 16:47:34.627] [info] [thread 75956] [daheng_demo.cpp AddGain:164] 增益 -> 20.2 dB
[2026-10-05 16:47:35.126] [warning] [thread 75956] [daheng_demo.cpp AddGain:161] GXSetFloatValue Gain 失败 (status = 49671): {49671}{Write:line[74]}{{49671}{_ReveiveAck:line[299]}{USB3 Vision Error:Wrong status code of U3V acknowledgment packet from device: 0xC207}}
[2026-10-05 16:47:35.153] [info] [thread 75956] [daheng_demo.cpp AddGain:164] 增益 -> 20.099999999999998 dB
[2026-10-05 16:47:35.182] [info] [thread 75956] [daheng_demo.cpp AddGain:164] 增益 -> 20 dB
[2026-10-05 16:47:35.214] [info] [thread 75956] [daheng_demo.cpp AddGain:164] 增益 -> 19.9 dB
[2026-10-05 16:47:35.244] [info] [thread 75956] [daheng_demo.cpp AddGain:164] 增益 -> 19.799999999999997 dB
[2026-10-05 16:47:35.275] [info] [thread 75956] [daheng_demo.cpp AddGain:164] 增益 -> 19.7 dB
[2026-10-05 16:47:35.302] [info] [thread 75956] [daheng_demo.cpp AddGain:164] 增益 -> 19.599999999999998 dB
[2026-10-05 16:47:35.332] [info] [thread 75956] [daheng_demo.cpp AddGain:164] 增益 -> 19.5 dB
[2026-10-05 16:47:35.363] [info] [thread 75956] [daheng_demo.cpp AddGain:164] 增益 -> 19.4 dB
[2026-10-05 16:47:35.392] [info] [thread 75956] [daheng_demo.cpp AddGain:164] 增益 -> 19.299999999999997 dB
[2026-10-05 16:47:35.429] [info] [thread 75956] [daheng_demo.cpp AddGain:164] 增益 -> 19.2 dB
[2026-10-05 16:47:35.454] [info] [thread 75956] [daheng_demo.cpp AddGain:164] 增益 -> 19.099999999999998 dB
[2026-10-05 16:47:35.489] [info] [thread 75956] [daheng_demo.cpp AddGain:164] 增益 -> 19 dB
[2026-10-05 16:47:35.514] [info] [thread 75956] [daheng_demo.cpp AddGain:164] 增益 -> 18.9 dB
[2026-10-05 16:47:35.550] [info] [thread 75956] [daheng_demo.cpp AddGain:164] 增益 -> 18.799999999999997 dB
[2026-10-05 16:47:35.580] [info] [thread 75956] [daheng_demo.cpp AddGain:164] 增益 -> 18.7 dB
[2026-10-05 16:47:35.610] [info] [thread 75956] [daheng_demo.cpp AddGain:164] 增益 -> 18.599999999999998 dB
[2026-10-05 16:47:35.640] [info] [thread 75956] [daheng_demo.cpp AddGain:164] 增益 -> 18.5 dB
[2026-10-05 16:47:35.670] [info] [thread 75956] [daheng_demo.cpp AddGain:164] 增益 -> 18.4 dB
[2026-10-05 16:47:35.700] [info] [thread 75956] [daheng_demo.cpp AddGain:164] 增益 -> 18.299999999999997 dB
[2026-10-05 16:47:35.730] [info] [thread 75956] [daheng_demo.cpp AddGain:164] 增益 -> 18.2 dB
[2026-10-05 16:47:35.759] [info] [thread 75956] [daheng_demo.cpp AddGain:164] 增益 -> 18.099999999999998 dB
[2026-10-05 16:47:35.789] [info] [thread 75956] [daheng_demo.cpp AddGain:164] 增益 -> 18 dB
[2026-10-05 16:47:35.821] [info] [thread 75956] [daheng_demo.cpp AddGain:164] 增益 -> 17.9 dB
[2026-10-05 16:47:35.850] [info] [thread 75956] [daheng_demo.cpp AddGain:164] 增益 -> 17.799999999999997 dB
[2026-10-05 16:47:35.881] [info] [thread 75956] [daheng_demo.cpp AddGain:164] 增益 -> 17.7 dB
[2026-10-05 16:47:36.167] [info] [thread 75956] [daheng_demo.cpp AddGain:164] 增益 -> 17.599999999999998 dB
[2026-10-05 16:47:36.666] [info] [thread 75956] [daheng_demo.cpp AddGain:164] 增益 -> 17.5 dB
[2026-10-05 16:47:36.702] [warning] [thread 75956] [daheng_demo.cpp AddGain:161] GXSetFloatValue Gain 失败 (status = 49671): {49671}{Write:line[74]}{{49671}{_ReveiveAck:line[299]}{USB3 Vision Error:Wrong status code of U3V acknowledgment packet from device: 0xC207}}
[2026-10-05 16:47:36.727] [info] [thread 75956] [daheng_demo.cpp AddGain:164] 增益 -> 17.4 dB
[2026-10-05 16:47:36.758] [info] [thread 75956] [daheng_demo.cpp AddGain:164] 增益 -> 17.299999999999997 dB
[2026-10-05 16:47:36.791] [info] [thread 75956] [daheng_demo.cpp AddGain:164] 增益 -> 17.2 dB
[2026-10-05 16:47:36.818] [info] [thread 75956] [daheng_demo.cpp AddGain:164] 增益 -> 17.099999999999998 dB
[2026-10-05 16:47:36.848] [info] [thread 75956] [daheng_demo.cpp AddGain:164] 增益 -> 17 dB
[2026-10-05 16:47:36.878] [info] [thread 75956] [daheng_demo.cpp AddGain:164] 增益 -> 16.9 dB
[2026-10-05 16:47:36.908] [info] [thread 75956] [daheng_demo.cpp AddGain:164] 增益 -> 16.799999999999997 dB
[2026-10-05 16:47:36.938] [info] [thread 75956] [daheng_demo.cpp AddGain:164] 增益 -> 16.7 dB
[2026-10-05 16:47:36.968] [info] [thread 75956] [daheng_demo.cpp AddGain:164] 增益 -> 16.599999999999998 dB
[2026-10-05 16:47:36.999] [info] [thread 75956] [daheng_demo.cpp AddGain:164] 增益 -> 16.5 dB
[2026-10-05 16:47:37.028] [info] [thread 75956] [daheng_demo.cpp AddGain:164] 增益 -> 16.4 dB
[2026-10-05 16:47:37.890] [info] [thread 75956] [daheng_demo.cpp AddGain:164] 增益 -> 16.5 dB
[2026-10-05 16:47:38.193] [info] [thread 75956] [daheng_demo.cpp AddGain:164] 增益 -> 16.6 dB
[2026-10-05 16:47:38.423] [info] [thread 75956] [daheng_demo.cpp AddGain:164] 增益 -> 16.700000000000003 dB
[2026-10-05 16:47:38.641] [info] [thread 75956] [daheng_demo.cpp AddGain:164] 增益 -> 16.8 dB
[2026-10-05 16:47:39.981] [info] [thread 75956] [daheng_demo.cpp AddExposureTime:140] 曝光时间 -> 7475 us
[2026-10-05 16:47:40.474] [info] [thread 75956] [daheng_demo.cpp AddExposureTime:140] 曝光时间 -> 7500 us
[2026-10-05 16:47:40.503] [info] [thread 75956] [daheng_demo.cpp AddExposureTime:140] 曝光时间 -> 7525 us
[2026-10-05 16:47:40.533] [info] [thread 75956] [daheng_demo.cpp AddExposureTime:140] 曝光时间 -> 7550 us
[2026-10-05 16:47:40.565] [info] [thread 75956] [daheng_demo.cpp AddExposureTime:140] 曝光时间 -> 7575 us
[2026-10-05 16:47:40.595] [info] [thread 75956] [daheng_demo.cpp AddExposureTime:140] 曝光时间 -> 7600 us
[2026-10-05 16:47:40.625] [info] [thread 75956] [daheng_demo.cpp AddExposureTime:140] 曝光时间 -> 7625 us
[2026-10-05 16:47:40.656] [info] [thread 75956] [daheng_demo.cpp AddExposureTime:140] 曝光时间 -> 7650 us
[2026-10-05 16:47:40.686] [info] [thread 75956] [daheng_demo.cpp AddExposureTime:140] 曝光时间 -> 7675 us
[2026-10-05 16:47:40.718] [info] [thread 75956] [daheng_demo.cpp AddExposureTime:140] 曝光时间 -> 7700 us
[2026-10-05 16:47:40.749] [info] [thread 75956] [daheng_demo.cpp AddExposureTime:140] 曝光时间 -> 7725 us
[2026-10-05 16:47:40.780] [info] [thread 75956] [daheng_demo.cpp AddExposureTime:140] 曝光时间 -> 7750 us
[2026-10-05 16:47:40.811] [info] [thread 75956] [daheng_demo.cpp AddExposureTime:140] 曝光时间 -> 7775 us
[2026-10-05 16:47:40.842] [info] [thread 75956] [daheng_demo.cpp AddExposureTime:140] 曝光时间 -> 7800 us
[2026-10-05 16:47:40.872] [info] [thread 75956] [daheng_demo.cpp AddExposureTime:140] 曝光时间 -> 7825 us
[2026-10-05 16:47:40.904] [info] [thread 75956] [daheng_demo.cpp AddExposureTime:140] 曝光时间 -> 7850 us
[2026-10-05 16:47:40.937] [info] [thread 75956] [daheng_demo.cpp AddExposureTime:140] 曝光时间 -> 7875 us
[2026-10-05 16:47:40.968] [info] [thread 75956] [daheng_demo.cpp AddExposureTime:140] 曝光时间 -> 7900 us
[2026-10-05 16:47:41.000] [info] [thread 75956] [daheng_demo.cpp AddExposureTime:140] 曝光时间 -> 7925 us
[2026-10-05 16:47:41.026] [info] [thread 75956] [daheng_demo.cpp AddExposureTime:140] 曝光时间 -> 7950 us
[2026-10-05 16:47:41.058] [info] [thread 75956] [daheng_demo.cpp AddExposureTime:140] 曝光时间 -> 7975 us
[2026-10-05 16:47:41.087] [info] [thread 75956] [daheng_demo.cpp AddExposureTime:140] 曝光时间 -> 8000 us
[2026-10-05 16:47:41.119] [info] [thread 75956] [daheng_demo.cpp AddExposureTime:140] 曝光时间 -> 8025 us
[2026-10-05 16:47:41.153] [info] [thread 75956] [daheng_demo.cpp AddExposureTime:140] 曝光时间 -> 8050 us
[2026-10-05 16:47:41.183] [info] [thread 75956] [daheng_demo.cpp AddExposureTime:140] 曝光时间 -> 8075 us
[2026-10-05 16:47:41.210] [info] [thread 75956] [daheng_demo.cpp AddExposureTime:140] 曝光时间 -> 8100 us
[2026-10-05 16:47:41.241] [info] [thread 75956] [daheng_demo.cpp AddExposureTime:140] 曝光时间 -> 8125 us
[2026-10-05 16:47:41.273] [info] [thread 75956] [daheng_demo.cpp AddExposureTime:140] 曝光时间 -> 8150 us
[2026-10-05 16:47:41.299] [info] [thread 75956] [daheng_demo.cpp AddExposureTime:140] 曝光时间 -> 8175 us
[2026-10-05 16:47:41.330] [info] [thread 75956] [daheng_demo.cpp AddExposureTime:140] 曝光时间 -> 8200 us
[2026-10-05 16:47:41.363] [info] [thread 75956] [daheng_demo.cpp AddExposureTime:140] 曝光时间 -> 8225 us
[2026-10-05 16:47:41.396] [info] [thread 75956] [daheng_demo.cpp AddExposureTime:140] 曝光时间 -> 8250 us
[2026-10-05 16:47:41.421] [info] [thread 75956] [daheng_demo.cpp AddExposureTime:140] 曝光时间 -> 8275 us
[2026-10-05 16:47:41.454] [info] [thread 75956] [daheng_demo.cpp AddExposureTime:140] 曝光时间 -> 8300 us
[2026-10-05 16:47:41.483] [info] [thread 75956] [daheng_demo.cpp AddExposureTime:140] 曝光时间 -> 8325 us
[2026-10-05 16:47:41.513] [info] [thread 75956] [daheng_demo.cpp AddExposureTime:140] 曝光时间 -> 8350 us
[2026-10-05 16:47:41.546] [info] [thread 75956] [daheng_demo.cpp AddExposureTime:140] 曝光时间 -> 8375 us
[2026-10-05 16:47:41.580] [info] [thread 75956] [daheng_demo.cpp AddExposureTime:140] 曝光时间 -> 8400 us
[2026-10-05 16:47:41.607] [info] [thread 75956] [daheng_demo.cpp AddExposureTime:140] 曝光时间 -> 8425 us
[2026-10-05 16:47:41.640] [info] [thread 75956] [daheng_demo.cpp AddExposureTime:140] 曝光时间 -> 8450 us
[2026-10-05 16:47:41.668] [info] [thread 75956] [daheng_demo.cpp AddExposureTime:140] 曝光时间 -> 8475 us
[2026-10-05 16:47:41.698] [info] [thread 75956] [daheng_demo.cpp AddExposureTime:140] 曝光时间 -> 8500 us
[2026-10-05 16:47:41.733] [info] [thread 75956] [daheng_demo.cpp AddExposureTime:140] 曝光时间 -> 8525 us
[2026-10-05 16:47:41.762] [info] [thread 75956] [daheng_demo.cpp AddExposureTime:140] 曝光时间 -> 8550 us
[2026-10-05 16:47:41.817] [info] [thread 75956] [daheng_demo.cpp AddExposureTime:140] 曝光时间 -> 8575 us
[2026-10-05 16:47:41.828] [info] [thread 75956] [daheng_demo.cpp AddExposureTime:140] 曝光时间 -> 8600 us
[2026-10-05 16:47:41.852] [info] [thread 75956] [daheng_demo.cpp AddExposureTime:140] 曝光时间 -> 8625 us
[2026-10-05 16:47:41.888] [info] [thread 75956] [daheng_demo.cpp AddExposureTime:140] 曝光时间 -> 8650 us
[2026-10-05 16:47:41.913] [info] [thread 75956] [daheng_demo.cpp AddExposureTime:140] 曝光时间 -> 8675 us
[2026-10-05 16:47:41.950] [info] [thread 75956] [daheng_demo.cpp AddExposureTime:140] 曝光时间 -> 8700 us
[2026-10-05 16:47:41.977] [info] [thread 75956] [daheng_demo.cpp AddExposureTime:140] 曝光时间 -> 8725 us
[2026-10-05 16:47:42.011] [info] [thread 75956] [daheng_demo.cpp AddExposureTime:140] 曝光时间 -> 8750 us
[2026-10-05 16:47:42.036] [info] [thread 75956] [daheng_demo.cpp AddExposureTime:140] 曝光时间 -> 8775 us
[2026-10-05 16:47:42.072] [info] [thread 75956] [daheng_demo.cpp AddExposureTime:140] 曝光时间 -> 8800 us
[2026-10-05 16:47:42.098] [info] [thread 75956] [daheng_demo.cpp AddExposureTime:140] 曝光时间 -> 8825 us
[2026-10-05 16:47:42.133] [info] [thread 75956] [daheng_demo.cpp AddExposureTime:140] 曝光时间 -> 8850 us
[2026-10-05 16:47:42.160] [info] [thread 75956] [daheng_demo.cpp AddExposureTime:140] 曝光时间 -> 8875 us
[2026-10-05 16:47:42.195] [info] [thread 75956] [daheng_demo.cpp AddExposureTime:140] 曝光时间 -> 8900 us
[2026-10-05 16:47:42.222] [info] [thread 75956] [daheng_demo.cpp AddExposureTime:140] 曝光时间 -> 8925 us
[2026-10-05 16:47:42.259] [info] [thread 75956] [daheng_demo.cpp AddExposureTime:140] 曝光时间 -> 8950 us
[2026-10-05 16:47:42.285] [info] [thread 75956] [daheng_demo.cpp AddExposureTime:140] 曝光时间 -> 8975 us
[2026-10-05 16:47:42.312] [info] [thread 75956] [daheng_demo.cpp AddExposureTime:140] 曝光时间 -> 9000 us
[2026-10-05 16:47:42.348] [info] [thread 75956] [daheng_demo.cpp AddExposureTime:140] 曝光时间 -> 9025 us
[2026-10-05 16:47:42.375] [info] [thread 75956] [daheng_demo.cpp AddExposureTime:140] 曝光时间 -> 9050 us
[2026-10-05 16:47:42.403] [info] [thread 75956] [daheng_demo.cpp AddExposureTime:140] 曝光时间 -> 9075 us
[2026-10-05 16:47:42.439] [info] [thread 75956] [daheng_demo.cpp AddExposureTime:140] 曝光时间 -> 9100 us
[2026-10-05 16:47:42.467] [info] [thread 75956] [daheng_demo.cpp AddExposureTime:140] 曝光时间 -> 9125 us
[2026-10-05 16:47:42.496] [info] [thread 75956] [daheng_demo.cpp AddExposureTime:140] 曝光时间 -> 9150 us
[2026-10-05 16:47:42.531] [info] [thread 75956] [daheng_demo.cpp AddExposureTime:140] 曝光时间 -> 9175 us
[2026-10-05 16:47:42.559] [info] [thread 75956] [daheng_demo.cpp AddExposureTime:140] 曝光时间 -> 9200 us
[2026-10-05 16:47:42.590] [info] [thread 75956] [daheng_demo.cpp AddExposureTime:140] 曝光时间 -> 9225 us
[2026-10-05 16:47:42.623] [info] [thread 75956] [daheng_demo.cpp AddExposureTime:140] 曝光时间 -> 9250 us
[2026-10-05 16:47:42.653] [info] [thread 75956] [daheng_demo.cpp AddExposureTime:140] 曝光时间 -> 9275 us
[2026-10-05 16:47:42.680] [info] [thread 75956] [daheng_demo.cpp AddExposureTime:140] 曝光时间 -> 9300 us
[2026-10-05 16:47:42.709] [info] [thread 75956] [daheng_demo.cpp AddExposureTime:140] 曝光时间 -> 9325 us
[2026-10-05 16:47:42.745] [info] [thread 75956] [daheng_demo.cpp AddExposureTime:140] 曝光时间 -> 9350 us
[2026-10-05 16:47:42.773] [info] [thread 75956] [daheng_demo.cpp AddExposureTime:140] 曝光时间 -> 9375 us
[2026-10-05 16:47:42.802] [info] [thread 75956] [daheng_demo.cpp AddExposureTime:140] 曝光时间 -> 9400 us
[2026-10-05 16:47:42.834] [info] [thread 75956] [daheng_demo.cpp AddExposureTime:140] 曝光时间 -> 9425 us
[2026-10-05 16:47:42.867] [info] [thread 75956] [daheng_demo.cpp AddExposureTime:140] 曝光时间 -> 9450 us
[2026-10-05 16:47:42.897] [info] [thread 75956] [daheng_demo.cpp AddExposureTime:140] 曝光时间 -> 9475 us
[2026-10-05 16:47:43.009] [info] [thread 75956] [daheng_demo.cpp AddExposureTime:140] 曝光时间 -> 9450 us
[2026-10-05 16:47:43.514] [info] [thread 75956] [daheng_demo.cpp AddExposureTime:140] 曝光时间 -> 9425 us
[2026-10-05 16:47:43.541] [info] [thread 75956] [daheng_demo.cpp AddExposureTime:140] 曝光时间 -> 9400 us
[2026-10-05 16:47:43.571] [info] [thread 75956] [daheng_demo.cpp AddExposureTime:140] 曝光时间 -> 9375 us
[2026-10-05 16:47:43.598] [info] [thread 75956] [daheng_demo.cpp AddExposureTime:140] 曝光时间 -> 9350 us
[2026-10-05 16:47:43.627] [info] [thread 75956] [daheng_demo.cpp AddExposureTime:140] 曝光时间 -> 9325 us
[2026-10-05 16:47:43.655] [info] [thread 75956] [daheng_demo.cpp AddExposureTime:140] 曝光时间 -> 9300 us
[2026-10-05 16:47:43.686] [info] [thread 75956] [daheng_demo.cpp AddExposureTime:140] 曝光时间 -> 9275 us
[2026-10-05 16:47:43.721] [info] [thread 75956] [daheng_demo.cpp AddExposureTime:140] 曝光时间 -> 9250 us
[2026-10-05 16:47:43.748] [info] [thread 75956] [daheng_demo.cpp AddExposureTime:140] 曝光时间 -> 9225 us
[2026-10-05 16:47:43.779] [info] [thread 75956] [daheng_demo.cpp AddExposureTime:140] 曝光时间 -> 9200 us
[2026-10-05 16:47:43.814] [info] [thread 75956] [daheng_demo.cpp AddExposureTime:140] 曝光时间 -> 9175 us
[2026-10-05 16:47:43.841] [info] [thread 75956] [daheng_demo.cpp AddExposureTime:140] 曝光时间 -> 9150 us
[2026-10-05 16:47:43.869] [info] [thread 75956] [daheng_demo.cpp AddExposureTime:140] 曝光时间 -> 9125 us
[2026-10-05 16:47:43.905] [info] [thread 75956] [daheng_demo.cpp AddExposureTime:140] 曝光时间 -> 9100 us
[2026-10-05 16:47:43.933] [info] [thread 75956] [daheng_demo.cpp AddExposureTime:140] 曝光时间 -> 9075 us
[2026-10-05 16:47:43.960] [info] [thread 75956] [daheng_demo.cpp AddExposureTime:140] 曝光时间 -> 9050 us
[2026-10-05 16:47:43.992] [info] [thread 75956] [daheng_demo.cpp AddExposureTime:140] 曝光时间 -> 9025 us
[2026-10-05 16:47:44.025] [info] [thread 75956] [daheng_demo.cpp AddExposureTime:140] 曝光时间 -> 9000 us
[2026-10-05 16:47:44.052] [info] [thread 75956] [daheng_demo.cpp AddExposureTime:140] 曝光时间 -> 8975 us
[2026-10-05 16:47:44.081] [info] [thread 75956] [daheng_demo.cpp AddExposureTime:140] 曝光时间 -> 8950 us
[2026-10-05 16:47:44.115] [info] [thread 75956] [daheng_demo.cpp AddExposureTime:140] 曝光时间 -> 8925 us
[2026-10-05 16:47:44.141] [info] [thread 75956] [daheng_demo.cpp AddExposureTime:140] 曝光时间 -> 8900 us
[2026-10-05 16:47:44.177] [info] [thread 75956] [daheng_demo.cpp AddExposureTime:140] 曝光时间 -> 8875 us
[2026-10-05 16:47:44.204] [info] [thread 75956] [daheng_demo.cpp AddExposureTime:140] 曝光时间 -> 8850 us
[2026-10-05 16:47:44.240] [info] [thread 75956] [daheng_demo.cpp AddExposureTime:140] 曝光时间 -> 8825 us
[2026-10-05 16:47:44.269] [info] [thread 75956] [daheng_demo.cpp AddExposureTime:140] 曝光时间 -> 8800 us
[2026-10-05 16:47:44.303] [info] [thread 75956] [daheng_demo.cpp AddExposureTime:140] 曝光时间 -> 8775 us
[2026-10-05 16:47:44.328] [info] [thread 75956] [daheng_demo.cpp AddExposureTime:140] 曝光时间 -> 8750 us
[2026-10-05 16:47:44.363] [info] [thread 75956] [daheng_demo.cpp AddExposureTime:140] 曝光时间 -> 8725 us
[2026-10-05 16:47:44.391] [info] [thread 75956] [daheng_demo.cpp AddExposureTime:140] 曝光时间 -> 8700 us
[2026-10-05 16:47:44.427] [info] [thread 75956] [daheng_demo.cpp AddExposureTime:140] 曝光时间 -> 8675 us
[2026-10-05 16:47:44.452] [info] [thread 75956] [daheng_demo.cpp AddExposureTime:140] 曝光时间 -> 8650 us
[2026-10-05 16:47:44.486] [info] [thread 75956] [daheng_demo.cpp AddExposureTime:140] 曝光时间 -> 8625 us
[2026-10-05 16:47:44.514] [info] [thread 75956] [daheng_demo.cpp AddExposureTime:140] 曝光时间 -> 8600 us
[2026-10-05 16:47:44.547] [info] [thread 75956] [daheng_demo.cpp AddExposureTime:140] 曝光时间 -> 8575 us
[2026-10-05 16:47:44.576] [info] [thread 75956] [daheng_demo.cpp AddExposureTime:140] 曝光时间 -> 8550 us
[2026-10-05 16:47:44.607] [info] [thread 75956] [daheng_demo.cpp AddExposureTime:140] 曝光时间 -> 8525 us
[2026-10-05 16:47:44.636] [info] [thread 75956] [daheng_demo.cpp AddExposureTime:140] 曝光时间 -> 8500 us
[2026-10-05 16:47:44.669] [info] [thread 75956] [daheng_demo.cpp AddExposureTime:140] 曝光时间 -> 8475 us
[2026-10-05 16:47:44.703] [info] [thread 75956] [daheng_demo.cpp AddExposureTime:140] 曝光时间 -> 8450 us
[2026-10-05 16:47:44.729] [info] [thread 75956] [daheng_demo.cpp AddExposureTime:140] 曝光时间 -> 8425 us
[2026-10-05 16:47:44.761] [info] [thread 75956] [daheng_demo.cpp AddExposureTime:140] 曝光时间 -> 8400 us
[2026-10-05 16:47:44.796] [info] [thread 75956] [daheng_demo.cpp AddExposureTime:140] 曝光时间 -> 8375 us
[2026-10-05 16:47:44.823] [info] [thread 75956] [daheng_demo.cpp AddExposureTime:140] 曝光时间 -> 8350 us
[2026-10-05 16:47:44.854] [info] [thread 75956] [daheng_demo.cpp AddExposureTime:140] 曝光时间 -> 8325 us
[2026-10-05 16:47:44.883] [info] [thread 75956] [daheng_demo.cpp AddExposureTime:140] 曝光时间 -> 8300 us
[2026-10-05 16:47:44.913] [info] [thread 75956] [daheng_demo.cpp AddExposureTime:140] 曝光时间 -> 8275 us
[2026-10-05 16:47:44.946] [info] [thread 75956] [daheng_demo.cpp AddExposureTime:140] 曝光时间 -> 8250 us
[2026-10-05 16:47:44.973] [info] [thread 75956] [daheng_demo.cpp AddExposureTime:140] 曝光时间 -> 8225 us
[2026-10-05 16:47:45.004] [info] [thread 75956] [daheng_demo.cpp AddExposureTime:140] 曝光时间 -> 8200 us
[2026-10-05 16:47:45.037] [info] [thread 75956] [daheng_demo.cpp AddExposureTime:140] 曝光时间 -> 8175 us
[2026-10-05 16:47:45.071] [info] [thread 75956] [daheng_demo.cpp AddExposureTime:140] 曝光时间 -> 8150 us
[2026-10-05 16:47:45.097] [info] [thread 75956] [daheng_demo.cpp AddExposureTime:140] 曝光时间 -> 8125 us
[2026-10-05 16:47:45.129] [info] [thread 75956] [daheng_demo.cpp AddExposureTime:140] 曝光时间 -> 8100 us
[2026-10-05 16:47:45.160] [info] [thread 75956] [daheng_demo.cpp AddExposureTime:140] 曝光时间 -> 8075 us
[2026-10-05 16:47:45.194] [info] [thread 75956] [daheng_demo.cpp AddExposureTime:140] 曝光时间 -> 8050 us
[2026-10-05 16:47:45.220] [info] [thread 75956] [daheng_demo.cpp AddExposureTime:140] 曝光时间 -> 8025 us
[2026-10-05 16:47:45.251] [info] [thread 75956] [daheng_demo.cpp AddExposureTime:140] 曝光时间 -> 8000 us
[2026-10-05 16:47:45.283] [info] [thread 75956] [daheng_demo.cpp AddExposureTime:140] 曝光时间 -> 7975 us
[2026-10-05 16:47:45.316] [info] [thread 75956] [daheng_demo.cpp AddExposureTime:140] 曝光时间 -> 7950 us
[2026-10-05 16:47:45.346] [info] [thread 75956] [daheng_demo.cpp AddExposureTime:140] 曝光时间 -> 7925 us
[2026-10-05 16:47:45.378] [info] [thread 75956] [daheng_demo.cpp AddExposureTime:140] 曝光时间 -> 7900 us
[2026-10-05 16:47:45.412] [info] [thread 75956] [daheng_demo.cpp AddExposureTime:140] 曝光时间 -> 7875 us
[2026-10-05 16:47:45.442] [info] [thread 75956] [daheng_demo.cpp AddExposureTime:140] 曝光时间 -> 7850 us
[2026-10-05 16:47:45.474] [info] [thread 75956] [daheng_demo.cpp AddExposureTime:140] 曝光时间 -> 7825 us
[2026-10-05 16:47:45.506] [info] [thread 75956] [daheng_demo.cpp AddExposureTime:140] 曝光时间 -> 7800 us
[2026-10-05 16:47:45.531] [info] [thread 75956] [daheng_demo.cpp AddExposureTime:140] 曝光时间 -> 7775 us
[2026-10-05 16:47:45.562] [info] [thread 75956] [daheng_demo.cpp AddExposureTime:140] 曝光时间 -> 7750 us
[2026-10-05 16:47:45.593] [info] [thread 75956] [daheng_demo.cpp AddExposureTime:140] 曝光时间 -> 7725 us
[2026-10-05 16:47:45.624] [info] [thread 75956] [daheng_demo.cpp AddExposureTime:140] 曝光时间 -> 7700 us
[2026-10-05 16:47:45.655] [info] [thread 75956] [daheng_demo.cpp AddExposureTime:140] 曝光时间 -> 7675 us
[2026-10-05 16:47:45.685] [info] [thread 75956] [daheng_demo.cpp AddExposureTime:140] 曝光时间 -> 7650 us
[2026-10-05 16:47:45.716] [info] [thread 75956] [daheng_demo.cpp AddExposureTime:140] 曝光时间 -> 7625 us
[2026-10-05 16:47:45.747] [info] [thread 75956] [daheng_demo.cpp AddExposureTime:140] 曝光时间 -> 7600 us
[2026-10-05 16:47:45.778] [info] [thread 75956] [daheng_demo.cpp AddExposureTime:140] 曝光时间 -> 7575 us
[2026-10-05 16:47:45.810] [info] [thread 75956] [daheng_demo.cpp AddExposureTime:140] 曝光时间 -> 7550 us
[2026-10-05 16:47:45.839] [info] [thread 75956] [daheng_demo.cpp AddExposureTime:140] 曝光时间 -> 7525 us
[2026-10-05 16:47:45.870] [info] [thread 75956] [daheng_demo.cpp AddExposureTime:140] 曝光时间 -> 7500 us
[2026-10-05 16:47:45.900] [info] [thread 75956] [daheng_demo.cpp AddExposureTime:140] 曝光时间 -> 7475 us
[2026-10-05 16:47:45.930] [info] [thread 75956] [daheng_demo.cpp AddExposureTime:140] 曝光时间 -> 7450 us
[2026-10-05 16:47:45.960] [info] [thread 75956] [daheng_demo.cpp AddExposureTime:140] 曝光时间 -> 7425 us
[2026-10-05 16:47:45.990] [info] [thread 75956] [daheng_demo.cpp AddExposureTime:140] 曝光时间 -> 7400 us
[2026-10-05 16:47:46.019] [info] [thread 75956] [daheng_demo.cpp AddExposureTime:140] 曝光时间 -> 7375 us
[2026-10-05 16:47:46.049] [info] [thread 75956] [daheng_demo.cpp AddExposureTime:140] 曝光时间 -> 7350 us
[2026-10-05 16:47:46.079] [info] [thread 75956] [daheng_demo.cpp AddExposureTime:140] 曝光时间 -> 7325 us
[2026-10-05 16:47:46.111] [info] [thread 75956] [daheng_demo.cpp AddExposureTime:140] 曝光时间 -> 7300 us
[2026-10-05 16:47:46.140] [info] [thread 75956] [daheng_demo.cpp AddExposureTime:140] 曝光时间 -> 7275 us
[2026-10-05 16:47:46.170] [info] [thread 75956] [daheng_demo.cpp AddExposureTime:140] 曝光时间 -> 7250 us
[2026-10-05 16:47:46.204] [info] [thread 75956] [daheng_demo.cpp AddExposureTime:140] 曝光时间 -> 7225 us
[2026-10-05 16:47:46.233] [info] [thread 75956] [daheng_demo.cpp AddExposureTime:140] 曝光时间 -> 7200 us
[2026-10-05 16:47:46.263] [info] [thread 75956] [daheng_demo.cpp AddExposureTime:140] 曝光时间 -> 7175 us
[2026-10-05 16:47:46.295] [info] [thread 75956] [daheng_demo.cpp AddExposureTime:140] 曝光时间 -> 7150 us
[2026-10-05 16:47:46.322] [info] [thread 75956] [daheng_demo.cpp AddExposureTime:140] 曝光时间 -> 7125 us
[2026-10-05 16:47:46.355] [info] [thread 75956] [daheng_demo.cpp AddExposureTime:140] 曝光时间 -> 7100 us
[2026-10-05 16:47:46.385] [info] [thread 75956] [daheng_demo.cpp AddExposureTime:140] 曝光时间 -> 7075 us
[2026-10-05 16:47:46.419] [info] [thread 75956] [daheng_demo.cpp AddExposureTime:140] 曝光时间 -> 7050 us
[2026-10-05 16:47:46.448] [info] [thread 75956] [daheng_demo.cpp AddExposureTime:140] 曝光时间 -> 7025 us
[2026-10-05 16:47:46.477] [info] [thread 75956] [daheng_demo.cpp AddExposureTime:140] 曝光时间 -> 7000 us
[2026-10-05 16:47:46.514] [info] [thread 75956] [daheng_demo.cpp AddExposureTime:140] 曝光时间 -> 6975 us
[2026-10-05 16:47:46.541] [info] [thread 75956] [daheng_demo.cpp AddExposureTime:140] 曝光时间 -> 6950 us
[2026-10-05 16:47:46.571] [info] [thread 75956] [daheng_demo.cpp AddExposureTime:140] 曝光时间 -> 6925 us
[2026-10-05 16:47:46.599] [info] [thread 75956] [daheng_demo.cpp AddExposureTime:140] 曝光时间 -> 6900 us
[2026-10-05 16:47:46.632] [info] [thread 75956] [daheng_demo.cpp AddExposureTime:140] 曝光时间 -> 6875 us
[2026-10-05 16:47:46.661] [info] [thread 75956] [daheng_demo.cpp AddExposureTime:140] 曝光时间 -> 6850 us
[2026-10-05 16:47:46.694] [info] [thread 75956] [daheng_demo.cpp AddExposureTime:140] 曝光时间 -> 6825 us
[2026-10-05 16:47:46.722] [info] [thread 75956] [daheng_demo.cpp AddExposureTime:140] 曝光时间 -> 6800 us
[2026-10-05 16:47:46.756] [info] [thread 75956] [daheng_demo.cpp AddExposureTime:140] 曝光时间 -> 6775 us
[2026-10-05 16:47:46.784] [info] [thread 75956] [daheng_demo.cpp AddExposureTime:140] 曝光时间 -> 6750 us
[2026-10-05 16:47:46.820] [info] [thread 75956] [daheng_demo.cpp AddExposureTime:140] 曝光时间 -> 6725 us
[2026-10-05 16:47:46.846] [info] [thread 75956] [daheng_demo.cpp AddExposureTime:140] 曝光时间 -> 6700 us
[2026-10-05 16:47:46.878] [info] [thread 75956] [daheng_demo.cpp AddExposureTime:140] 曝光时间 -> 6675 us
[2026-10-05 16:47:46.913] [info] [thread 75956] [daheng_demo.cpp AddExposureTime:140] 曝光时间 -> 6650 us
[2026-10-05 16:47:46.938] [info] [thread 75956] [daheng_demo.cpp AddExposureTime:140] 曝光时间 -> 6625 us
[2026-10-05 16:47:46.966] [info] [thread 75956] [daheng_demo.cpp AddExposureTime:140] 曝光时间 -> 6600 us
[2026-10-05 16:47:47.000] [info] [thread 75956] [daheng_demo.cpp AddExposureTime:140] 曝光时间 -> 6575 us
[2026-10-05 16:47:47.032] [info] [thread 75956] [daheng_demo.cpp AddExposureTime:140] 曝光时间 -> 6550 us
[2026-10-05 16:47:47.065] [info] [thread 75956] [daheng_demo.cpp AddExposureTime:140] 曝光时间 -> 6525 us
[2026-10-05 16:47:47.092] [info] [thread 75956] [daheng_demo.cpp AddExposureTime:140] 曝光时间 -> 6500 us
[2026-10-05 16:47:47.125] [info] [thread 75956] [daheng_demo.cpp AddExposureTime:140] 曝光时间 -> 6475 us
[2026-10-05 16:47:47.157] [info] [thread 75956] [daheng_demo.cpp AddExposureTime:140] 曝光时间 -> 6450 us
[2026-10-05 16:47:47.190] [info] [thread 75956] [daheng_demo.cpp AddExposureTime:140] 曝光时间 -> 6425 us
[2026-10-05 16:47:47.223] [info] [thread 75956] [daheng_demo.cpp AddExposureTime:140] 曝光时间 -> 6400 us
[2026-10-05 16:47:47.251] [info] [thread 75956] [daheng_demo.cpp AddExposureTime:140] 曝光时间 -> 6375 us
[2026-10-05 16:47:47.283] [info] [thread 75956] [daheng_demo.cpp AddExposureTime:140] 曝光时间 -> 6350 us
[2026-10-05 16:47:47.313] [info] [thread 75956] [daheng_demo.cpp AddExposureTime:140] 曝光时间 -> 6325 us
[2026-10-05 16:47:47.344] [info] [thread 75956] [daheng_demo.cpp AddExposureTime:140] 曝光时间 -> 6300 us
[2026-10-05 16:47:47.373] [info] [thread 75956] [daheng_demo.cpp AddExposureTime:140] 曝光时间 -> 6275 us
[2026-10-05 16:47:47.404] [info] [thread 75956] [daheng_demo.cpp AddExposureTime:140] 曝光时间 -> 6250 us
[2026-10-05 16:47:47.434] [info] [thread 75956] [daheng_demo.cpp AddExposureTime:140] 曝光时间 -> 6225 us
[2026-10-05 16:47:47.465] [info] [thread 75956] [daheng_demo.cpp AddExposureTime:140] 曝光时间 -> 6200 us
[2026-10-05 16:47:47.496] [info] [thread 75956] [daheng_demo.cpp AddExposureTime:140] 曝光时间 -> 6175 us
[2026-10-05 16:47:47.529] [info] [thread 75956] [daheng_demo.cpp AddExposureTime:140] 曝光时间 -> 6150 us
[2026-10-05 16:47:47.557] [info] [thread 75956] [daheng_demo.cpp AddExposureTime:140] 曝光时间 -> 6125 us
[2026-10-05 16:47:47.586] [info] [thread 75956] [daheng_demo.cpp AddExposureTime:140] 曝光时间 -> 6100 us
[2026-10-05 16:47:47.616] [info] [thread 75956] [daheng_demo.cpp AddExposureTime:140] 曝光时间 -> 6075 us
[2026-10-05 16:47:47.647] [info] [thread 75956] [daheng_demo.cpp AddExposureTime:140] 曝光时间 -> 6050 us
[2026-10-05 16:47:47.677] [info] [thread 75956] [daheng_demo.cpp AddExposureTime:140] 曝光时间 -> 6025 us
[2026-10-05 16:47:47.708] [info] [thread 75956] [daheng_demo.cpp AddExposureTime:140] 曝光时间 -> 6000 us
[2026-10-05 16:47:47.737] [info] [thread 75956] [daheng_demo.cpp AddExposureTime:140] 曝光时间 -> 5975 us
[2026-10-05 16:47:47.768] [info] [thread 75956] [daheng_demo.cpp AddExposureTime:140] 曝光时间 -> 5950 us
[2026-10-05 16:47:47.799] [info] [thread 75956] [daheng_demo.cpp AddExposureTime:140] 曝光时间 -> 5925 us
[2026-10-05 16:47:47.831] [info] [thread 75956] [daheng_demo.cpp AddExposureTime:140] 曝光时间 -> 5900 us
[2026-10-05 16:47:47.860] [info] [thread 75956] [daheng_demo.cpp AddExposureTime:140] 曝光时间 -> 5875 us
[2026-10-05 16:47:47.891] [info] [thread 75956] [daheng_demo.cpp AddExposureTime:140] 曝光时间 -> 5850 us
[2026-10-05 16:47:47.921] [info] [thread 75956] [daheng_demo.cpp AddExposureTime:140] 曝光时间 -> 5825 us
[2026-10-05 16:47:47.951] [info] [thread 75956] [daheng_demo.cpp AddExposureTime:140] 曝光时间 -> 5800 us
[2026-10-05 16:47:47.982] [info] [thread 75956] [daheng_demo.cpp AddExposureTime:140] 曝光时间 -> 5775 us
[2026-10-05 16:47:48.013] [info] [thread 75956] [daheng_demo.cpp AddExposureTime:140] 曝光时间 -> 5750 us
[2026-10-05 16:47:48.043] [info] [thread 75956] [daheng_demo.cpp AddExposureTime:140] 曝光时间 -> 5725 us
[2026-10-05 16:47:48.073] [info] [thread 75956] [daheng_demo.cpp AddExposureTime:140] 曝光时间 -> 5700 us
[2026-10-05 16:47:48.104] [info] [thread 75956] [daheng_demo.cpp AddExposureTime:140] 曝光时间 -> 5675 us
[2026-10-05 16:47:48.136] [info] [thread 75956] [daheng_demo.cpp AddExposureTime:140] 曝光时间 -> 5650 us
[2026-10-05 16:47:48.165] [info] [thread 75956] [daheng_demo.cpp AddExposureTime:140] 曝光时间 -> 5625 us
[2026-10-05 16:47:48.200] [info] [thread 75956] [daheng_demo.cpp AddExposureTime:140] 曝光时间 -> 5600 us
[2026-10-05 16:47:48.232] [info] [thread 75956] [daheng_demo.cpp AddExposureTime:140] 曝光时间 -> 5575 us
[2026-10-05 16:47:48.261] [info] [thread 75956] [daheng_demo.cpp AddExposureTime:140] 曝光时间 -> 5550 us
[2026-10-05 16:47:48.293] [info] [thread 75956] [daheng_demo.cpp AddExposureTime:140] 曝光时间 -> 5525 us
[2026-10-05 16:47:48.322] [info] [thread 75956] [daheng_demo.cpp AddExposureTime:140] 曝光时间 -> 5500 us
[2026-10-05 16:47:48.355] [info] [thread 75956] [daheng_demo.cpp AddExposureTime:140] 曝光时间 -> 5475 us
[2026-10-05 16:47:48.385] [info] [thread 75956] [daheng_demo.cpp AddExposureTime:140] 曝光时间 -> 5450 us
[2026-10-05 16:47:48.415] [info] [thread 75956] [daheng_demo.cpp AddExposureTime:140] 曝光时间 -> 5425 us
[2026-10-05 16:47:48.447] [info] [thread 75956] [daheng_demo.cpp AddExposureTime:140] 曝光时间 -> 5400 us
[2026-10-05 16:47:48.475] [info] [thread 75956] [daheng_demo.cpp AddExposureTime:140] 曝光时间 -> 5375 us
[2026-10-05 16:47:48.506] [info] [thread 75956] [daheng_demo.cpp AddExposureTime:140] 曝光时间 -> 5350 us
[2026-10-05 16:47:48.536] [info] [thread 75956] [daheng_demo.cpp AddExposureTime:140] 曝光时间 -> 5325 us
[2026-10-05 16:47:48.565] [info] [thread 75956] [daheng_demo.cpp AddExposureTime:140] 曝光时间 -> 5300 us
[2026-10-05 16:47:48.597] [info] [thread 75956] [daheng_demo.cpp AddExposureTime:140] 曝光时间 -> 5275 us
[2026-10-05 16:47:56.702] [info] [thread 75956] [daheng_demo.cpp AddGain:164] 增益 -> 16.900000000000002 dB
[2026-10-05 16:47:57.304] [info] [thread 75956] [daheng_demo.cpp AddGain:164] 增益 -> 17 dB
[2026-10-05 16:47:57.807] [info] [thread 75956] [daheng_demo.cpp AddGain:164] 增益 -> 17.1 dB
[2026-10-05 16:47:57.835] [info] [thread 75956] [daheng_demo.cpp AddGain:164] 增益 -> 17.200000000000003 dB
[2026-10-05 16:47:57.866] [info] [thread 75956] [daheng_demo.cpp AddGain:164] 增益 -> 17.3 dB
[2026-10-05 16:47:57.897] [info] [thread 75956] [daheng_demo.cpp AddGain:164] 增益 -> 17.400000000000002 dB
[2026-10-05 16:47:57.927] [info] [thread 75956] [daheng_demo.cpp AddGain:164] 增益 -> 17.5 dB
[2026-10-05 16:47:57.957] [info] [thread 75956] [daheng_demo.cpp AddGain:164] 增益 -> 17.6 dB
[2026-10-05 16:47:57.987] [info] [thread 75956] [daheng_demo.cpp AddGain:164] 增益 -> 17.700000000000003 dB
[2026-10-05 16:47:58.020] [info] [thread 75956] [daheng_demo.cpp AddGain:164] 增益 -> 17.8 dB
[2026-10-05 16:47:58.048] [info] [thread 75956] [daheng_demo.cpp AddGain:164] 增益 -> 17.900000000000002 dB
[2026-10-05 16:47:58.078] [info] [thread 75956] [daheng_demo.cpp AddGain:164] 增益 -> 18 dB
[2026-10-05 16:47:58.111] [info] [thread 75956] [daheng_demo.cpp AddGain:164] 增益 -> 18.1 dB
[2026-10-05 16:47:58.142] [info] [thread 75956] [daheng_demo.cpp AddGain:164] 增益 -> 18.200000000000003 dB
[2026-10-05 16:47:58.171] [info] [thread 75956] [daheng_demo.cpp AddGain:164] 增益 -> 18.3 dB
[2026-10-05 16:47:58.205] [info] [thread 75956] [daheng_demo.cpp AddGain:164] 增益 -> 18.400000000000002 dB
[2026-10-05 16:47:58.237] [warning] [thread 75956] [daheng_demo.cpp AddGain:161] GXSetFloatValue Gain 失败 (status = 49671): {49671}{Write:line[74]}{{49671}{_ReveiveAck:line[299]}{USB3 Vision Error:Wrong status code of U3V acknowledgment packet from device: 0xC207}}
[2026-10-05 16:47:58.266] [info] [thread 75956] [daheng_demo.cpp AddGain:164] 增益 -> 18.5 dB
[2026-10-05 16:47:58.294] [info] [thread 75956] [daheng_demo.cpp AddGain:164] 增益 -> 18.6 dB
[2026-10-05 16:47:58.324] [info] [thread 75956] [daheng_demo.cpp AddGain:164] 增益 -> 18.700000000000003 dB
[2026-10-05 16:47:58.353] [info] [thread 75956] [daheng_demo.cpp AddGain:164] 增益 -> 18.8 dB
[2026-10-05 16:47:58.383] [info] [thread 75956] [daheng_demo.cpp AddGain:164] 增益 -> 18.900000000000002 dB
[2026-10-05 16:47:58.417] [info] [thread 75956] [daheng_demo.cpp AddGain:164] 增益 -> 19 dB
[2026-10-05 16:47:58.446] [info] [thread 75956] [daheng_demo.cpp AddGain:164] 增益 -> 19.1 dB
[2026-10-05 16:47:58.475] [info] [thread 75956] [daheng_demo.cpp AddGain:164] 增益 -> 19.200000000000003 dB
[2026-10-05 16:47:58.505] [info] [thread 75956] [daheng_demo.cpp AddGain:164] 增益 -> 19.3 dB
[2026-10-05 16:47:58.538] [info] [thread 75956] [daheng_demo.cpp AddGain:164] 增益 -> 19.400000000000002 dB
[2026-10-05 16:47:58.567] [info] [thread 75956] [daheng_demo.cpp AddGain:164] 增益 -> 19.5 dB
[2026-10-05 16:47:58.600] [info] [thread 75956] [daheng_demo.cpp AddGain:164] 增益 -> 19.6 dB
[2026-10-05 16:47:58.630] [info] [thread 75956] [daheng_demo.cpp AddGain:164] 增益 -> 19.700000000000003 dB
[2026-10-05 16:47:58.659] [info] [thread 75956] [daheng_demo.cpp AddGain:164] 增益 -> 19.8 dB
[2026-10-05 16:47:58.689] [info] [thread 75956] [daheng_demo.cpp AddGain:164] 增益 -> 19.900000000000002 dB
[2026-10-05 16:47:58.719] [info] [thread 75956] [daheng_demo.cpp AddGain:164] 增益 -> 20 dB
[2026-10-05 16:47:58.750] [info] [thread 75956] [daheng_demo.cpp AddGain:164] 增益 -> 20.1 dB
[2026-10-05 16:47:58.784] [info] [thread 75956] [daheng_demo.cpp AddGain:164] 增益 -> 20.200000000000003 dB
[2026-10-05 16:47:58.810] [info] [thread 75956] [daheng_demo.cpp AddGain:164] 增益 -> 20.3 dB
[2026-10-05 16:47:58.840] [info] [thread 75956] [daheng_demo.cpp AddGain:164] 增益 -> 20.400000000000002 dB
[2026-10-05 16:47:58.871] [info] [thread 75956] [daheng_demo.cpp AddGain:164] 增益 -> 20.5 dB
[2026-10-05 16:47:58.902] [info] [thread 75956] [daheng_demo.cpp AddGain:164] 增益 -> 20.6 dB
[2026-10-05 16:47:58.932] [info] [thread 75956] [daheng_demo.cpp AddGain:164] 增益 -> 20.700000000000003 dB
[2026-10-05 16:47:58.963] [info] [thread 75956] [daheng_demo.cpp AddGain:164] 增益 -> 20.8 dB
[2026-10-05 16:47:58.992] [info] [thread 75956] [daheng_demo.cpp AddGain:164] 增益 -> 20.900000000000002 dB
[2026-10-05 16:47:59.022] [info] [thread 75956] [daheng_demo.cpp AddGain:164] 增益 -> 21 dB
[2026-10-05 16:47:59.052] [info] [thread 75956] [daheng_demo.cpp AddGain:164] 增益 -> 21.1 dB
[2026-10-05 16:47:59.087] [info] [thread 75956] [daheng_demo.cpp AddGain:164] 增益 -> 21.200000000000003 dB
[2026-10-05 16:47:59.116] [info] [thread 75956] [daheng_demo.cpp AddGain:164] 增益 -> 21.3 dB
[2026-10-05 16:47:59.146] [info] [thread 75956] [daheng_demo.cpp AddGain:164] 增益 -> 21.400000000000002 dB
[2026-10-05 16:47:59.176] [info] [thread 75956] [daheng_demo.cpp AddGain:164] 增益 -> 21.5 dB
[2026-10-05 16:47:59.206] [info] [thread 75956] [daheng_demo.cpp AddGain:164] 增益 -> 21.6 dB
[2026-10-05 16:47:59.237] [info] [thread 75956] [daheng_demo.cpp AddGain:164] 增益 -> 21.700000000000003 dB
[2026-10-05 16:47:59.266] [info] [thread 75956] [daheng_demo.cpp AddGain:164] 增益 -> 21.8 dB
[2026-10-05 16:47:59.296] [info] [thread 75956] [daheng_demo.cpp AddGain:164] 增益 -> 21.900000000000002 dB
[2026-10-05 16:47:59.819] [info] [thread 75956] [daheng_demo.cpp AddGain:164] 增益 -> 22 dB
[2026-10-05 16:48:00.205] [info] [thread 75956] [daheng_demo.cpp AddGain:164] 增益 -> 22.1 dB
[2026-10-05 16:48:00.561] [info] [thread 75956] [daheng_demo.cpp AddGain:164] 增益 -> 22.200000000000003 dB
[2026-10-05 16:48:08.018] [info] [thread 75956] [daheng_demo.cpp main:448] 相机已关闭
[2026-10-05 17:01:50.118] [info] [thread 82868] [daheng_demo.cpp main:210] daheng_demo 启动
[2026-10-05 17:01:50.139] [debug] [thread 82868] [daheng_demo.cpp main:215] GXInitLib status = 0
[2026-10-05 17:01:51.151] [info] [thread 82868] [daheng_demo.cpp EnumerateDevices:83] 共找到 1 台设备:
[2026-10-05 17:01:51.151] [info] [thread 82868] [daheng_demo.cpp EnumerateDevices:95]   [1] 型号: MER-230-168U3C  序列号: NE0190010001
[2026-10-05 17:01:51.934] [info] [thread 82868] [daheng_demo.cpp main:253] 打开相机 NE0190010001 成功
[2026-10-05 17:01:51.965] [info] [thread 82868] [daheng_demo.cpp main:303] 分辨率 1920x1200
[2026-10-05 17:01:51.981] [info] [thread 82868] [daheng_demo.cpp main:358] 取流开始,按 e/d 调曝光、a/q 调增益、s/w 调伽马、ESC 退出
[2026-10-05 17:02:27.305] [info] [thread 82868] [daheng_demo.cpp main:452] 相机已关闭
[2026-10-05 17:02:52.376] [info] [thread 83098] [daheng_demo.cpp main:210] daheng_demo 启动
[2026-10-05 17:02:52.397] [debug] [thread 83098] [daheng_demo.cpp main:215] GXInitLib status = 0
[2026-10-05 17:02:53.409] [info] [thread 83098] [daheng_demo.cpp EnumerateDevices:83] 共找到 1 台设备:
[2026-10-05 17:02:53.409] [info] [thread 83098] [daheng_demo.cpp EnumerateDevices:95]   [1] 型号: MER-230-168U3C  序列号: NE0190010001
[2026-10-05 17:02:54.184] [info] [thread 83098] [daheng_demo.cpp main:253] 打开相机 NE0190010001 成功
[2026-10-05 17:02:54.217] [info] [thread 83098] [daheng_demo.cpp main:303] 分辨率 1920x1200
[2026-10-05 17:02:54.234] [info] [thread 83098] [daheng_demo.cpp main:358] 取流开始,按 e/d 调曝光、a/q 调增益、s/w 调伽马、ESC 退出
[2026-10-05 17:03:33.646] [info] [thread 83098] [daheng_demo.cpp main:452] 相机已关闭
[2026-10-05 17:04:11.058] [info] [thread 83342] [daheng_demo.cpp main:210] daheng_demo 启动
[2026-10-05 17:04:11.081] [debug] [thread 83342] [daheng_demo.cpp main:215] GXInitLib status = 0
[2026-10-05 17:04:12.093] [info] [thread 83342] [daheng_demo.cpp EnumerateDevices:83] 共找到 1 台设备:
[2026-10-05 17:04:12.093] [info] [thread 83342] [daheng_demo.cpp EnumerateDevices:95]   [1] 型号: MER-230-168U3C  序列号: NE0190010001
[2026-10-05 17:04:12.865] [info] [thread 83342] [daheng_demo.cpp main:253] 打开相机 NE0190010001 成功
[2026-10-05 17:04:12.898] [info] [thread 83342] [daheng_demo.cpp main:303] 分辨率 1920x1200
[2026-10-05 17:04:12.915] [info] [thread 83342] [daheng_demo.cpp main:358] 取流开始,按 e/d 调曝光、a/q 调增益、s/w 调伽马、ESC 退出
[2026-10-05 17:04:32.555] [info] [thread 83342] [daheng_demo.cpp main:452] 相机已关闭
[2026-10-05 17:04:48.282] [info] [thread 83563] [daheng_demo.cpp main:210] daheng_demo 启动
[2026-10-05 17:04:48.304] [debug] [thread 83563] [daheng_demo.cpp main:215] GXInitLib status = 0
[2026-10-05 17:04:49.316] [info] [thread 83563] [daheng_demo.cpp EnumerateDevices:83] 共找到 1 台设备:
[2026-10-05 17:04:49.316] [info] [thread 83563] [daheng_demo.cpp EnumerateDevices:95]   [1] 型号: MER-230-168U3C  序列号: NE0190010001
[2026-10-05 17:04:50.086] [info] [thread 83563] [daheng_demo.cpp main:253] 打开相机 NE0190010001 成功
[2026-10-05 17:04:50.116] [info] [thread 83563] [daheng_demo.cpp main:303] 分辨率 1920x1200
[2026-10-05 17:04:50.132] [info] [thread 83563] [daheng_demo.cpp main:358] 取流开始,按 e/d 调曝光、a/q 调增益、s/w 调伽马、ESC 退出
[2026-10-05 17:05:50.040] [info] [thread 83563] [daheng_demo.cpp main:452] 相机已关闭
[2026-10-05 17:06:17.462] [info] [thread 83825] [daheng_demo.cpp main:210] daheng_demo 启动
[2026-10-05 17:06:17.484] [debug] [thread 83825] [daheng_demo.cpp main:215] GXInitLib status = 0
[2026-10-05 17:06:18.496] [info] [thread 83825] [daheng_demo.cpp EnumerateDevices:83] 共找到 1 台设备:
[2026-10-05 17:06:18.496] [info] [thread 83825] [daheng_demo.cpp EnumerateDevices:95]   [1] 型号: MER-230-168U3C  序列号: NE0190010001
[2026-10-05 17:06:19.265] [info] [thread 83825] [daheng_demo.cpp main:253] 打开相机 NE0190010001 成功
[2026-10-05 17:06:19.295] [info] [thread 83825] [daheng_demo.cpp main:303] 分辨率 1920x1200
[2026-10-05 17:06:19.311] [info] [thread 83825] [daheng_demo.cpp main:358] 取流开始,按 e/d 调曝光、a/q 调增益、s/w 调伽马、ESC 退出
[2026-10-05 17:06:26.498] [info] [thread 83825] [daheng_demo.cpp main:452] 相机已关闭
[2026-10-05 17:07:10.676] [info] [thread 84098] [daheng_demo.cpp main:210] daheng_demo 启动
[2026-10-05 17:07:10.697] [debug] [thread 84098] [daheng_demo.cpp main:215] GXInitLib status = 0
[2026-10-05 17:07:11.709] [info] [thread 84098] [daheng_demo.cpp EnumerateDevices:83] 共找到 1 台设备:
[2026-10-05 17:07:11.709] [info] [thread 84098] [daheng_demo.cpp EnumerateDevices:95]   [1] 型号: MER-230-168U3C  序列号: NE0190010001
[2026-10-05 17:07:12.484] [info] [thread 84098] [daheng_demo.cpp main:253] 打开相机 NE0190010001 成功
[2026-10-05 17:07:12.514] [info] [thread 84098] [daheng_demo.cpp main:303] 分辨率 1920x1200
[2026-10-05 17:07:12.530] [info] [thread 84098] [daheng_demo.cpp main:358] 取流开始,按 e/d 调曝光、a/q 调增益、s/w 调伽马、ESC 退出
[2026-10-05 17:07:21.690] [info] [thread 84098] [daheng_demo.cpp main:452] 相机已关闭
[2026-10-05 17:07:37.954] [info] [thread 84315] [daheng_demo.cpp main:210] daheng_demo 启动
[2026-10-05 17:07:37.976] [debug] [thread 84315] [daheng_demo.cpp main:215] GXInitLib status = 0
[2026-10-05 17:07:38.988] [info] [thread 84315] [daheng_demo.cpp EnumerateDevices:83] 共找到 1 台设备:
[2026-10-05 17:07:38.988] [info] [thread 84315] [daheng_demo.cpp EnumerateDevices:95]   [1] 型号: MER-230-168U3C  序列号: NE0190010001
[2026-10-05 17:07:39.762] [info] [thread 84315] [daheng_demo.cpp main:253] 打开相机 NE0190010001 成功
[2026-10-05 17:07:39.792] [info] [thread 84315] [daheng_demo.cpp main:303] 分辨率 1920x1200
[2026-10-05 17:07:39.808] [info] [thread 84315] [daheng_demo.cpp main:358] 取流开始,按 e/d 调曝光、a/q 调增益、s/w 调伽马、ESC 退出
[2026-10-05 17:07:52.458] [info] [thread 84315] [daheng_demo.cpp main:452] 相机已关闭
[2026-10-05 17:08:23.276] [info] [thread 84544] [daheng_demo.cpp main:210] daheng_demo 启动
[2026-10-05 17:08:23.298] [debug] [thread 84544] [daheng_demo.cpp main:215] GXInitLib status = 0
[2026-10-05 17:08:24.308] [info] [thread 84544] [daheng_demo.cpp EnumerateDevices:83] 共找到 1 台设备:
[2026-10-05 17:08:24.309] [info] [thread 84544] [daheng_demo.cpp EnumerateDevices:95]   [1] 型号: MER-230-168U3C  序列号: NE0190010001
[2026-10-05 17:08:25.084] [info] [thread 84544] [daheng_demo.cpp main:253] 打开相机 NE0190010001 成功
[2026-10-05 17:08:25.115] [info] [thread 84544] [daheng_demo.cpp main:303] 分辨率 1920x1200
[2026-10-05 17:08:25.131] [info] [thread 84544] [daheng_demo.cpp main:358] 取流开始,按 e/d 调曝光、a/q 调增益、s/w 调伽马、ESC 退出
[2026-10-05 17:08:41.356] [info] [thread 84544] [daheng_demo.cpp main:452] 相机已关闭
[2026-10-05 17:09:08.648] [info] [thread 84767] [daheng_demo.cpp main:210] daheng_demo 启动
[2026-10-05 17:09:08.670] [debug] [thread 84767] [daheng_demo.cpp main:215] GXInitLib status = 0
[2026-10-05 17:09:09.680] [info] [thread 84767] [daheng_demo.cpp EnumerateDevices:83] 共找到 1 台设备:
[2026-10-05 17:09:09.680] [info] [thread 84767] [daheng_demo.cpp EnumerateDevices:95]   [1] 型号: MER-230-168U3C  序列号: NE0190010001
[2026-10-05 17:09:10.452] [info] [thread 84767] [daheng_demo.cpp main:253] 打开相机 NE0190010001 成功
[2026-10-05 17:09:10.485] [info] [thread 84767] [daheng_demo.cpp main:303] 分辨率 1920x1200
[2026-10-05 17:09:10.500] [info] [thread 84767] [daheng_demo.cpp main:358] 取流开始,按 e/d 调曝光、a/q 调增益、s/w 调伽马、ESC 退出
[2026-10-05 17:10:03.902] [info] [thread 84767] [daheng_demo.cpp main:452] 相机已关闭
[2026-10-05 17:10:22.098] [info] [thread 85003] [daheng_demo.cpp main:210] daheng_demo 启动
[2026-10-05 17:10:22.121] [debug] [thread 85003] [daheng_demo.cpp main:215] GXInitLib status = 0
[2026-10-05 17:10:23.134] [info] [thread 85003] [daheng_demo.cpp EnumerateDevices:83] 共找到 1 台设备:
[2026-10-05 17:10:23.134] [info] [thread 85003] [daheng_demo.cpp EnumerateDevices:95]   [1] 型号: MER-230-168U3C  序列号: NE0190010001
[2026-10-05 17:10:23.904] [info] [thread 85003] [daheng_demo.cpp main:253] 打开相机 NE0190010001 成功
[2026-10-05 17:10:23.936] [info] [thread 85003] [daheng_demo.cpp main:303] 分辨率 1920x1200
[2026-10-05 17:10:23.952] [info] [thread 85003] [daheng_demo.cpp main:358] 取流开始,按 e/d 调曝光、a/q 调增益、s/w 调伽马、ESC 退出
[2026-10-05 17:10:34.590] [info] [thread 85003] [daheng_demo.cpp main:452] 相机已关闭
[2026-10-06 16:28:55.889] [info] [thread 23270] [daheng_demo.cpp main:210] daheng_demo 启动
[2026-10-06 16:28:55.927] [debug] [thread 23270] [daheng_demo.cpp main:215] GXInitLib status = 0
[2026-10-06 16:28:56.939] [info] [thread 23270] [daheng_demo.cpp EnumerateDevices:83] 共找到 1 台设备:
[2026-10-06 16:28:56.939] [info] [thread 23270] [daheng_demo.cpp EnumerateDevices:95]   [1] 型号: MER2-230-168U3C  序列号: FDE25070188
[2026-10-06 16:28:56.939] [info] [thread 23270] [daheng_demo.cpp main:230] 用法: ./daheng_demo <相机序列号>
[2026-10-06 16:29:07.069] [info] [thread 23372] [daheng_demo.cpp main:210] daheng_demo 启动
[2026-10-06 16:29:07.091] [debug] [thread 23372] [daheng_demo.cpp main:215] GXInitLib status = 0
[2026-10-06 16:29:08.102] [info] [thread 23372] [daheng_demo.cpp EnumerateDevices:83] 共找到 1 台设备:
[2026-10-06 16:29:08.102] [info] [thread 23372] [daheng_demo.cpp EnumerateDevices:95]   [1] 型号: MER2-230-168U3C  序列号: FDE25070188
[2026-10-06 16:29:09.243] [info] [thread 23372] [daheng_demo.cpp main:253] 打开相机 FDE25070188 成功
[2026-10-06 16:29:09.291] [info] [thread 23372] [daheng_demo.cpp main:303] 分辨率 1920x1200
[2026-10-06 16:29:09.307] [info] [thread 23372] [daheng_demo.cpp main:358] 取流开始,按 e/d 调曝光、a/q 调增益、s/w 调伽马、ESC 退出
[2026-10-06 16:29:46.705] [info] [thread 23372] [daheng_demo.cpp main:452] 相机已关闭
[2026-10-06 16:31:42.393] [info] [thread 23814] [daheng_demo.cpp main:210] daheng_demo 启动
[2026-10-06 16:31:42.414] [debug] [thread 23814] [daheng_demo.cpp main:215] GXInitLib status = 0
[2026-10-06 16:31:43.425] [info] [thread 23814] [daheng_demo.cpp EnumerateDevices:83] 共找到 1 台设备:
[2026-10-06 16:31:43.425] [info] [thread 23814] [daheng_demo.cpp EnumerateDevices:95]   [1] 型号: MER2-230-168U3C  序列号: FDE25070188
[2026-10-06 16:31:44.570] [info] [thread 23814] [daheng_demo.cpp main:253] 打开相机 FDE25070188 成功
[2026-10-06 16:31:44.618] [info] [thread 23814] [daheng_demo.cpp main:303] 分辨率 1920x1200
[2026-10-06 16:31:44.632] [info] [thread 23814] [daheng_demo.cpp main:358] 取流开始,按 e/d 调曝光、a/q 调增益、s/w 调伽马、ESC 退出
[2026-10-06 16:32:32.036] [info] [thread 23814] [daheng_demo.cpp AddGain:164] 增益 -> 0 dB
[2026-10-06 16:32:32.520] [info] [thread 23814] [daheng_demo.cpp AddGain:164] 增益 -> 0 dB
[2026-10-06 16:32:32.551] [info] [thread 23814] [daheng_demo.cpp AddGain:164] 增益 -> 0 dB
[2026-10-06 16:32:32.580] [info] [thread 23814] [daheng_demo.cpp AddGain:164] 增益 -> 0 dB
[2026-10-06 16:32:32.612] [info] [thread 23814] [daheng_demo.cpp AddGain:164] 增益 -> 0 dB
[2026-10-06 16:32:32.640] [info] [thread 23814] [daheng_demo.cpp AddGain:164] 增益 -> 0 dB
[2026-10-06 16:32:32.671] [info] [thread 23814] [daheng_demo.cpp AddGain:164] 增益 -> 0 dB
[2026-10-06 16:32:32.701] [info] [thread 23814] [daheng_demo.cpp AddGain:164] 增益 -> 0 dB
[2026-10-06 16:32:32.732] [info] [thread 23814] [daheng_demo.cpp AddGain:164] 增益 -> 0 dB
[2026-10-06 16:32:32.762] [info] [thread 23814] [daheng_demo.cpp AddGain:164] 增益 -> 0 dB
[2026-10-06 16:32:32.791] [info] [thread 23814] [daheng_demo.cpp AddGain:164] 增益 -> 0 dB
[2026-10-06 16:32:32.825] [info] [thread 23814] [daheng_demo.cpp AddGain:164] 增益 -> 0 dB
[2026-10-06 16:32:32.852] [info] [thread 23814] [daheng_demo.cpp AddGain:164] 增益 -> 0 dB
[2026-10-06 16:32:32.883] [info] [thread 23814] [daheng_demo.cpp AddGain:164] 增益 -> 0 dB
[2026-10-06 16:32:32.922] [info] [thread 23814] [daheng_demo.cpp AddGain:164] 增益 -> 0 dB
[2026-10-06 16:32:32.952] [info] [thread 23814] [daheng_demo.cpp AddGain:164] 增益 -> 0 dB
[2026-10-06 16:32:32.982] [info] [thread 23814] [daheng_demo.cpp AddGain:164] 增益 -> 0 dB
[2026-10-06 16:32:33.012] [info] [thread 23814] [daheng_demo.cpp AddGain:164] 增益 -> 0 dB
[2026-10-06 16:32:33.041] [info] [thread 23814] [daheng_demo.cpp AddGain:164] 增益 -> 0 dB
[2026-10-06 16:32:33.073] [info] [thread 23814] [daheng_demo.cpp AddGain:164] 增益 -> 0 dB
[2026-10-06 16:32:33.102] [info] [thread 23814] [daheng_demo.cpp AddGain:164] 增益 -> 0 dB
[2026-10-06 16:32:33.133] [info] [thread 23814] [daheng_demo.cpp AddGain:164] 增益 -> 0 dB
[2026-10-06 16:32:33.162] [info] [thread 23814] [daheng_demo.cpp AddGain:164] 增益 -> 0 dB
[2026-10-06 16:32:33.193] [info] [thread 23814] [daheng_demo.cpp AddGain:164] 增益 -> 0 dB
[2026-10-06 16:32:33.224] [info] [thread 23814] [daheng_demo.cpp AddGain:164] 增益 -> 0 dB
[2026-10-06 16:32:33.254] [info] [thread 23814] [daheng_demo.cpp AddGain:164] 增益 -> 0 dB
[2026-10-06 16:32:33.284] [info] [thread 23814] [daheng_demo.cpp AddGain:164] 增益 -> 0 dB
[2026-10-06 16:32:33.313] [info] [thread 23814] [daheng_demo.cpp AddGain:164] 增益 -> 0 dB
[2026-10-06 16:32:33.344] [info] [thread 23814] [daheng_demo.cpp AddGain:164] 增益 -> 0 dB
[2026-10-06 16:32:33.374] [info] [thread 23814] [daheng_demo.cpp AddGain:164] 增益 -> 0 dB
[2026-10-06 16:32:33.404] [info] [thread 23814] [daheng_demo.cpp AddGain:164] 增益 -> 0 dB
[2026-10-06 16:32:33.434] [info] [thread 23814] [daheng_demo.cpp AddGain:164] 增益 -> 0 dB
[2026-10-06 16:32:33.464] [info] [thread 23814] [daheng_demo.cpp AddGain:164] 增益 -> 0 dB
[2026-10-06 16:32:33.495] [info] [thread 23814] [daheng_demo.cpp AddGain:164] 增益 -> 0 dB
[2026-10-06 16:32:33.527] [info] [thread 23814] [daheng_demo.cpp AddGain:164] 增益 -> 0 dB
[2026-10-06 16:32:33.554] [info] [thread 23814] [daheng_demo.cpp AddGain:164] 增益 -> 0 dB
[2026-10-06 16:32:33.584] [info] [thread 23814] [daheng_demo.cpp AddGain:164] 增益 -> 0 dB
[2026-10-06 16:32:33.615] [info] [thread 23814] [daheng_demo.cpp AddGain:164] 增益 -> 0 dB
[2026-10-06 16:32:33.645] [info] [thread 23814] [daheng_demo.cpp AddGain:164] 增益 -> 0 dB
[2026-10-06 16:32:33.678] [info] [thread 23814] [daheng_demo.cpp AddGain:164] 增益 -> 0 dB
[2026-10-06 16:32:33.706] [info] [thread 23814] [daheng_demo.cpp AddGain:164] 增益 -> 0 dB
[2026-10-06 16:32:33.736] [info] [thread 23814] [daheng_demo.cpp AddGain:164] 增益 -> 0 dB
[2026-10-06 16:32:33.765] [info] [thread 23814] [daheng_demo.cpp AddGain:164] 增益 -> 0 dB
[2026-10-06 16:32:33.795] [info] [thread 23814] [daheng_demo.cpp AddGain:164] 增益 -> 0 dB
[2026-10-06 16:32:33.827] [info] [thread 23814] [daheng_demo.cpp AddGain:164] 增益 -> 0 dB
[2026-10-06 16:32:33.858] [info] [thread 23814] [daheng_demo.cpp AddGain:164] 增益 -> 0 dB
[2026-10-06 16:32:33.886] [info] [thread 23814] [daheng_demo.cpp AddGain:164] 增益 -> 0 dB
[2026-10-06 16:32:33.917] [info] [thread 23814] [daheng_demo.cpp AddGain:164] 增益 -> 0 dB
[2026-10-06 16:32:33.946] [info] [thread 23814] [daheng_demo.cpp AddGain:164] 增益 -> 0 dB
[2026-10-06 16:32:33.979] [info] [thread 23814] [daheng_demo.cpp AddGain:164] 增益 -> 0 dB
[2026-10-06 16:32:34.009] [info] [thread 23814] [daheng_demo.cpp AddGain:164] 增益 -> 0 dB
[2026-10-06 16:32:34.038] [info] [thread 23814] [daheng_demo.cpp AddGain:164] 增益 -> 0 dB
[2026-10-06 16:32:34.069] [info] [thread 23814] [daheng_demo.cpp AddGain:164] 增益 -> 0 dB
[2026-10-06 16:32:34.097] [info] [thread 23814] [daheng_demo.cpp AddGain:164] 增益 -> 0 dB
[2026-10-06 16:32:34.128] [info] [thread 23814] [daheng_demo.cpp AddGain:164] 增益 -> 0 dB
[2026-10-06 16:32:34.158] [info] [thread 23814] [daheng_demo.cpp AddGain:164] 增益 -> 0 dB
[2026-10-06 16:32:34.188] [info] [thread 23814] [daheng_demo.cpp AddGain:164] 增益 -> 0 dB
[2026-10-06 16:32:34.219] [info] [thread 23814] [daheng_demo.cpp AddGain:164] 增益 -> 0 dB
[2026-10-06 16:32:34.249] [info] [thread 23814] [daheng_demo.cpp AddGain:164] 增益 -> 0 dB
[2026-10-06 16:32:34.280] [info] [thread 23814] [daheng_demo.cpp AddGain:164] 增益 -> 0 dB
[2026-10-06 16:32:34.309] [info] [thread 23814] [daheng_demo.cpp AddGain:164] 增益 -> 0 dB
[2026-10-06 16:32:34.338] [info] [thread 23814] [daheng_demo.cpp AddGain:164] 增益 -> 0 dB
[2026-10-06 16:32:34.370] [info] [thread 23814] [daheng_demo.cpp AddGain:164] 增益 -> 0 dB
[2026-10-06 16:32:34.400] [info] [thread 23814] [daheng_demo.cpp AddGain:164] 增益 -> 0 dB
[2026-10-06 16:32:34.432] [info] [thread 23814] [daheng_demo.cpp AddGain:164] 增益 -> 0 dB
[2026-10-06 16:32:34.459] [info] [thread 23814] [daheng_demo.cpp AddGain:164] 增益 -> 0 dB
[2026-10-06 16:32:34.490] [info] [thread 23814] [daheng_demo.cpp AddGain:164] 增益 -> 0 dB
[2026-10-06 16:32:34.523] [info] [thread 23814] [daheng_demo.cpp AddGain:164] 增益 -> 0 dB
[2026-10-06 16:32:34.550] [info] [thread 23814] [daheng_demo.cpp AddGain:164] 增益 -> 0 dB
[2026-10-06 16:32:34.581] [info] [thread 23814] [daheng_demo.cpp AddGain:164] 增益 -> 0 dB
[2026-10-06 16:32:34.610] [info] [thread 23814] [daheng_demo.cpp AddGain:164] 增益 -> 0 dB
[2026-10-06 16:32:34.640] [info] [thread 23814] [daheng_demo.cpp AddGain:164] 增益 -> 0 dB
[2026-10-06 16:32:34.670] [info] [thread 23814] [daheng_demo.cpp AddGain:164] 增益 -> 0 dB
[2026-10-06 16:32:34.700] [info] [thread 23814] [daheng_demo.cpp AddGain:164] 增益 -> 0 dB
[2026-10-06 16:32:34.735] [info] [thread 23814] [daheng_demo.cpp AddGain:164] 增益 -> 0 dB
[2026-10-06 16:32:34.763] [info] [thread 23814] [daheng_demo.cpp AddGain:164] 增益 -> 0 dB
[2026-10-06 16:32:34.794] [info] [thread 23814] [daheng_demo.cpp AddGain:164] 增益 -> 0 dB
[2026-10-06 16:32:34.822] [info] [thread 23814] [daheng_demo.cpp AddGain:164] 增益 -> 0 dB
[2026-10-06 16:32:34.922] [info] [thread 23814] [daheng_demo.cpp AddGain:164] 增益 -> 0.1 dB
[2026-10-06 16:32:35.414] [info] [thread 23814] [daheng_demo.cpp AddGain:164] 增益 -> 0.2 dB
[2026-10-06 16:32:35.445] [info] [thread 23814] [daheng_demo.cpp AddGain:164] 增益 -> 0.30000000000000004 dB
[2026-10-06 16:32:35.475] [info] [thread 23814] [daheng_demo.cpp AddGain:164] 增益 -> 0.4 dB
[2026-10-06 16:32:35.505] [info] [thread 23814] [daheng_demo.cpp AddGain:164] 增益 -> 0.5 dB
[2026-10-06 16:32:35.538] [info] [thread 23814] [daheng_demo.cpp AddGain:164] 增益 -> 0.6 dB
[2026-10-06 16:32:35.567] [info] [thread 23814] [daheng_demo.cpp AddGain:164] 增益 -> 0.7 dB
[2026-10-06 16:32:35.597] [info] [thread 23814] [daheng_demo.cpp AddGain:164] 增益 -> 0.7999999999999999 dB
[2026-10-06 16:32:35.626] [info] [thread 23814] [daheng_demo.cpp AddGain:164] 增益 -> 0.9 dB
[2026-10-06 16:32:35.656] [info] [thread 23814] [daheng_demo.cpp AddGain:164] 增益 -> 1 dB
[2026-10-06 16:32:35.687] [info] [thread 23814] [daheng_demo.cpp AddGain:164] 增益 -> 1.1 dB
[2026-10-06 16:32:35.717] [info] [thread 23814] [daheng_demo.cpp AddGain:164] 增益 -> 1.2000000000000002 dB
[2026-10-06 16:32:35.747] [info] [thread 23814] [daheng_demo.cpp AddGain:164] 增益 -> 1.3 dB
[2026-10-06 16:32:35.778] [info] [thread 23814] [daheng_demo.cpp AddGain:164] 增益 -> 1.4000000000000001 dB
[2026-10-06 16:32:35.809] [info] [thread 23814] [daheng_demo.cpp AddGain:164] 增益 -> 1.5 dB
[2026-10-06 16:32:35.840] [info] [thread 23814] [daheng_demo.cpp AddGain:164] 增益 -> 1.6 dB
[2026-10-06 16:32:35.869] [info] [thread 23814] [daheng_demo.cpp AddGain:164] 增益 -> 1.7000000000000002 dB
[2026-10-06 16:32:35.897] [info] [thread 23814] [daheng_demo.cpp AddGain:164] 增益 -> 1.8 dB
[2026-10-06 16:32:35.928] [info] [thread 23814] [daheng_demo.cpp AddGain:164] 增益 -> 1.9000000000000001 dB
[2026-10-06 16:32:35.958] [info] [thread 23814] [daheng_demo.cpp AddGain:164] 增益 -> 2 dB
[2026-10-06 16:32:35.989] [info] [thread 23814] [daheng_demo.cpp AddGain:164] 增益 -> 2.1 dB
[2026-10-06 16:32:36.020] [info] [thread 23814] [daheng_demo.cpp AddGain:164] 增益 -> 2.2 dB
[2026-10-06 16:32:36.049] [info] [thread 23814] [daheng_demo.cpp AddGain:164] 增益 -> 2.3000000000000003 dB
[2026-10-06 16:32:36.079] [info] [thread 23814] [daheng_demo.cpp AddGain:164] 增益 -> 2.4 dB
[2026-10-06 16:32:36.110] [info] [thread 23814] [daheng_demo.cpp AddGain:164] 增益 -> 2.5 dB
[2026-10-06 16:32:36.141] [info] [thread 23814] [daheng_demo.cpp AddGain:164] 增益 -> 2.6 dB
[2026-10-06 16:32:36.169] [info] [thread 23814] [daheng_demo.cpp AddGain:164] 增益 -> 2.7 dB
[2026-10-06 16:32:36.200] [info] [thread 23814] [daheng_demo.cpp AddGain:164] 增益 -> 2.8000000000000003 dB
[2026-10-06 16:32:36.231] [info] [thread 23814] [daheng_demo.cpp AddGain:164] 增益 -> 2.9 dB
[2026-10-06 16:32:36.260] [info] [thread 23814] [daheng_demo.cpp AddGain:164] 增益 -> 3 dB
[2026-10-06 16:32:36.292] [info] [thread 23814] [daheng_demo.cpp AddGain:164] 增益 -> 3.1 dB
[2026-10-06 16:32:36.321] [info] [thread 23814] [daheng_demo.cpp AddGain:164] 增益 -> 3.2 dB
[2026-10-06 16:32:36.350] [info] [thread 23814] [daheng_demo.cpp AddGain:164] 增益 -> 3.3000000000000003 dB
[2026-10-06 16:32:36.381] [info] [thread 23814] [daheng_demo.cpp AddGain:164] 增益 -> 3.4 dB
[2026-10-06 16:32:36.411] [info] [thread 23814] [daheng_demo.cpp AddGain:164] 增益 -> 3.5 dB
[2026-10-06 16:32:36.443] [info] [thread 23814] [daheng_demo.cpp AddGain:164] 增益 -> 3.6 dB
[2026-10-06 16:32:36.471] [info] [thread 23814] [daheng_demo.cpp AddGain:164] 增益 -> 3.7 dB
[2026-10-06 16:32:36.501] [info] [thread 23814] [daheng_demo.cpp AddGain:164] 增益 -> 3.8000000000000003 dB
[2026-10-06 16:32:36.532] [info] [thread 23814] [daheng_demo.cpp AddGain:164] 增益 -> 3.9 dB
[2026-10-06 16:32:36.562] [info] [thread 23814] [daheng_demo.cpp AddGain:164] 增益 -> 4 dB
[2026-10-06 16:32:36.593] [info] [thread 23814] [daheng_demo.cpp AddGain:164] 增益 -> 4.1 dB
[2026-10-06 16:32:36.623] [info] [thread 23814] [daheng_demo.cpp AddGain:164] 增益 -> 4.199999999999999 dB
[2026-10-06 16:32:36.653] [info] [thread 23814] [daheng_demo.cpp AddGain:164] 增益 -> 4.3 dB
[2026-10-06 16:32:36.682] [info] [thread 23814] [daheng_demo.cpp AddGain:164] 增益 -> 4.3999999999999995 dB
[2026-10-06 16:32:36.712] [info] [thread 23814] [daheng_demo.cpp AddGain:164] 增益 -> 4.5 dB
[2026-10-06 16:32:36.746] [info] [thread 23814] [daheng_demo.cpp AddGain:164] 增益 -> 4.6 dB
[2026-10-06 16:32:36.775] [info] [thread 23814] [daheng_demo.cpp AddGain:164] 增益 -> 4.699999999999999 dB
[2026-10-06 16:32:36.805] [info] [thread 23814] [daheng_demo.cpp AddGain:164] 增益 -> 4.8 dB
[2026-10-06 16:32:36.835] [info] [thread 23814] [daheng_demo.cpp AddGain:164] 增益 -> 4.8999999999999995 dB
[2026-10-06 16:32:36.865] [info] [thread 23814] [daheng_demo.cpp AddGain:164] 增益 -> 5 dB
[2026-10-06 16:32:36.897] [info] [thread 23814] [daheng_demo.cpp AddGain:164] 增益 -> 5.1 dB
[2026-10-06 16:32:36.926] [info] [thread 23814] [daheng_demo.cpp AddGain:164] 增益 -> 5.199999999999999 dB
[2026-10-06 16:32:36.955] [info] [thread 23814] [daheng_demo.cpp AddGain:164] 增益 -> 5.3 dB
[2026-10-06 16:32:36.986] [info] [thread 23814] [daheng_demo.cpp AddGain:164] 增益 -> 5.3999999999999995 dB
[2026-10-06 16:32:37.017] [info] [thread 23814] [daheng_demo.cpp AddGain:164] 增益 -> 5.5 dB
[2026-10-06 16:32:37.051] [info] [thread 23814] [daheng_demo.cpp AddGain:164] 增益 -> 5.6 dB
[2026-10-06 16:32:37.076] [info] [thread 23814] [daheng_demo.cpp AddGain:164] 增益 -> 5.699999999999999 dB
[2026-10-06 16:32:37.108] [info] [thread 23814] [daheng_demo.cpp AddGain:164] 增益 -> 5.8 dB
[2026-10-06 16:32:37.137] [info] [thread 23814] [daheng_demo.cpp AddGain:164] 增益 -> 5.8999999999999995 dB
[2026-10-06 16:32:37.168] [info] [thread 23814] [daheng_demo.cpp AddGain:164] 增益 -> 6 dB
[2026-10-06 16:32:37.206] [info] [thread 23814] [daheng_demo.cpp AddGain:164] 增益 -> 6.1 dB
[2026-10-06 16:32:37.236] [info] [thread 23814] [daheng_demo.cpp AddGain:164] 增益 -> 6.199999999999999 dB
[2026-10-06 16:32:37.266] [info] [thread 23814] [daheng_demo.cpp AddGain:164] 增益 -> 6.3 dB
[2026-10-06 16:32:37.296] [info] [thread 23814] [daheng_demo.cpp AddGain:164] 增益 -> 6.3999999999999995 dB
[2026-10-06 16:32:37.326] [info] [thread 23814] [daheng_demo.cpp AddGain:164] 增益 -> 6.5 dB
[2026-10-06 16:32:37.356] [info] [thread 23814] [daheng_demo.cpp AddGain:164] 增益 -> 6.6 dB
[2026-10-06 16:32:37.386] [info] [thread 23814] [daheng_demo.cpp AddGain:164] 增益 -> 6.699999999999999 dB
[2026-10-06 16:32:37.416] [info] [thread 23814] [daheng_demo.cpp AddGain:164] 增益 -> 6.8 dB
[2026-10-06 16:32:37.447] [info] [thread 23814] [daheng_demo.cpp AddGain:164] 增益 -> 6.8999999999999995 dB
[2026-10-06 16:32:37.478] [info] [thread 23814] [daheng_demo.cpp AddGain:164] 增益 -> 7 dB
[2026-10-06 16:32:37.507] [info] [thread 23814] [daheng_demo.cpp AddGain:164] 增益 -> 7.1 dB
[2026-10-06 16:32:37.536] [info] [thread 23814] [daheng_demo.cpp AddGain:164] 增益 -> 7.199999999999999 dB
[2026-10-06 16:32:37.569] [info] [thread 23814] [daheng_demo.cpp AddGain:164] 增益 -> 7.3 dB
[2026-10-06 16:32:37.599] [info] [thread 23814] [daheng_demo.cpp AddGain:164] 增益 -> 7.3999999999999995 dB
[2026-10-06 16:32:37.627] [info] [thread 23814] [daheng_demo.cpp AddGain:164] 增益 -> 7.5 dB
[2026-10-06 16:32:37.657] [info] [thread 23814] [daheng_demo.cpp AddGain:164] 增益 -> 7.6 dB
[2026-10-06 16:32:37.688] [info] [thread 23814] [daheng_demo.cpp AddGain:164] 增益 -> 7.699999999999999 dB
[2026-10-06 16:32:37.719] [info] [thread 23814] [daheng_demo.cpp AddGain:164] 增益 -> 7.8 dB
[2026-10-06 16:32:37.749] [info] [thread 23814] [daheng_demo.cpp AddGain:164] 增益 -> 7.8999999999999995 dB
[2026-10-06 16:32:37.779] [info] [thread 23814] [daheng_demo.cpp AddGain:164] 增益 -> 8 dB
[2026-10-06 16:32:37.808] [info] [thread 23814] [daheng_demo.cpp AddGain:164] 增益 -> 8.1 dB
[2026-10-06 16:32:37.839] [info] [thread 23814] [daheng_demo.cpp AddGain:164] 增益 -> 8.2 dB
[2026-10-06 16:32:37.869] [info] [thread 23814] [daheng_demo.cpp AddGain:164] 增益 -> 8.299999999999999 dB
[2026-10-06 16:32:37.901] [info] [thread 23814] [daheng_demo.cpp AddGain:164] 增益 -> 8.4 dB
[2026-10-06 16:32:37.929] [info] [thread 23814] [daheng_demo.cpp AddGain:164] 增益 -> 8.5 dB
[2026-10-06 16:32:37.960] [info] [thread 23814] [daheng_demo.cpp AddGain:164] 增益 -> 8.6 dB
[2026-10-06 16:32:37.989] [info] [thread 23814] [daheng_demo.cpp AddGain:164] 增益 -> 8.7 dB
[2026-10-06 16:32:38.020] [info] [thread 23814] [daheng_demo.cpp AddGain:164] 增益 -> 8.799999999999999 dB
[2026-10-06 16:32:38.051] [info] [thread 23814] [daheng_demo.cpp AddGain:164] 增益 -> 8.9 dB
[2026-10-06 16:32:38.080] [info] [thread 23814] [daheng_demo.cpp AddGain:164] 增益 -> 9 dB
[2026-10-06 16:32:38.111] [info] [thread 23814] [daheng_demo.cpp AddGain:164] 增益 -> 9.1 dB
[2026-10-06 16:32:38.141] [info] [thread 23814] [daheng_demo.cpp AddGain:164] 增益 -> 9.2 dB
[2026-10-06 16:32:38.171] [info] [thread 23814] [daheng_demo.cpp AddGain:164] 增益 -> 9.299999999999999 dB
[2026-10-06 16:32:38.202] [info] [thread 23814] [daheng_demo.cpp AddGain:164] 增益 -> 9.4 dB
[2026-10-06 16:32:38.232] [info] [thread 23814] [daheng_demo.cpp AddGain:164] 增益 -> 9.5 dB
[2026-10-06 16:32:38.261] [info] [thread 23814] [daheng_demo.cpp AddGain:164] 增益 -> 9.6 dB
[2026-10-06 16:32:38.291] [info] [thread 23814] [daheng_demo.cpp AddGain:164] 增益 -> 9.7 dB
[2026-10-06 16:32:38.321] [info] [thread 23814] [daheng_demo.cpp AddGain:164] 增益 -> 9.799999999999999 dB
[2026-10-06 16:32:38.353] [info] [thread 23814] [daheng_demo.cpp AddGain:164] 增益 -> 9.9 dB
[2026-10-06 16:32:38.381] [info] [thread 23814] [daheng_demo.cpp AddGain:164] 增益 -> 10 dB
[2026-10-06 16:32:38.412] [info] [thread 23814] [daheng_demo.cpp AddGain:164] 增益 -> 10.1 dB
[2026-10-06 16:32:38.442] [info] [thread 23814] [daheng_demo.cpp AddGain:164] 增益 -> 10.2 dB
[2026-10-06 16:32:38.473] [info] [thread 23814] [daheng_demo.cpp AddGain:164] 增益 -> 10.299999999999999 dB
[2026-10-06 16:32:38.504] [info] [thread 23814] [daheng_demo.cpp AddGain:164] 增益 -> 10.4 dB
[2026-10-06 16:32:38.533] [info] [thread 23814] [daheng_demo.cpp AddGain:164] 增益 -> 10.5 dB
[2026-10-06 16:32:38.565] [info] [thread 23814] [daheng_demo.cpp AddGain:164] 增益 -> 10.6 dB
[2026-10-06 16:32:38.594] [info] [thread 23814] [daheng_demo.cpp AddGain:164] 增益 -> 10.7 dB
[2026-10-06 16:32:38.634] [info] [thread 23814] [daheng_demo.cpp AddGain:164] 增益 -> 10.799999999999999 dB
[2026-10-06 16:32:38.664] [info] [thread 23814] [daheng_demo.cpp AddGain:164] 增益 -> 10.9 dB
[2026-10-06 16:32:38.694] [info] [thread 23814] [daheng_demo.cpp AddGain:164] 增益 -> 11 dB
[2026-10-06 16:32:38.723] [info] [thread 23814] [daheng_demo.cpp AddGain:164] 增益 -> 11.1 dB
[2026-10-06 16:32:38.755] [info] [thread 23814] [daheng_demo.cpp AddGain:164] 增益 -> 11.2 dB
[2026-10-06 16:32:38.784] [info] [thread 23814] [daheng_demo.cpp AddGain:164] 增益 -> 11.299999999999999 dB
[2026-10-06 16:32:38.814] [info] [thread 23814] [daheng_demo.cpp AddGain:164] 增益 -> 11.4 dB
[2026-10-06 16:32:38.844] [info] [thread 23814] [daheng_demo.cpp AddGain:164] 增益 -> 11.5 dB
[2026-10-06 16:32:38.875] [info] [thread 23814] [daheng_demo.cpp AddGain:164] 增益 -> 11.6 dB
[2026-10-06 16:32:38.907] [info] [thread 23814] [daheng_demo.cpp AddGain:164] 增益 -> 11.7 dB
[2026-10-06 16:32:38.935] [info] [thread 23814] [daheng_demo.cpp AddGain:164] 增益 -> 11.799999999999999 dB
[2026-10-06 16:32:38.966] [info] [thread 23814] [daheng_demo.cpp AddGain:164] 增益 -> 11.9 dB
[2026-10-06 16:32:38.996] [info] [thread 23814] [daheng_demo.cpp AddGain:164] 增益 -> 12 dB
[2026-10-06 16:32:39.026] [info] [thread 23814] [daheng_demo.cpp AddGain:164] 增益 -> 12.1 dB
[2026-10-06 16:32:39.057] [info] [thread 23814] [daheng_demo.cpp AddGain:164] 增益 -> 12.2 dB
[2026-10-06 16:32:39.086] [info] [thread 23814] [daheng_demo.cpp AddGain:164] 增益 -> 12.299999999999999 dB
[2026-10-06 16:32:39.117] [info] [thread 23814] [daheng_demo.cpp AddGain:164] 增益 -> 12.4 dB
[2026-10-06 16:32:39.146] [info] [thread 23814] [daheng_demo.cpp AddGain:164] 增益 -> 12.5 dB
[2026-10-06 16:32:39.178] [info] [thread 23814] [daheng_demo.cpp AddGain:164] 增益 -> 12.6 dB
[2026-10-06 16:32:39.208] [info] [thread 23814] [daheng_demo.cpp AddGain:164] 增益 -> 12.7 dB
[2026-10-06 16:32:39.237] [info] [thread 23814] [daheng_demo.cpp AddGain:164] 增益 -> 12.799999999999999 dB
[2026-10-06 16:32:39.267] [info] [thread 23814] [daheng_demo.cpp AddGain:164] 增益 -> 12.9 dB
[2026-10-06 16:32:39.297] [info] [thread 23814] [daheng_demo.cpp AddGain:164] 增益 -> 13 dB
[2026-10-06 16:32:39.327] [info] [thread 23814] [daheng_demo.cpp AddGain:164] 增益 -> 13.1 dB
[2026-10-06 16:32:39.359] [info] [thread 23814] [daheng_demo.cpp AddGain:164] 增益 -> 13.2 dB
[2026-10-06 16:32:39.388] [info] [thread 23814] [daheng_demo.cpp AddGain:164] 增益 -> 13.299999999999999 dB
[2026-10-06 16:32:39.418] [info] [thread 23814] [daheng_demo.cpp AddGain:164] 增益 -> 13.4 dB
[2026-10-06 16:32:39.447] [info] [thread 23814] [daheng_demo.cpp AddGain:164] 增益 -> 13.5 dB
[2026-10-06 16:32:39.479] [info] [thread 23814] [daheng_demo.cpp AddGain:164] 增益 -> 13.6 dB
[2026-10-06 16:32:39.509] [info] [thread 23814] [daheng_demo.cpp AddGain:164] 增益 -> 13.7 dB
[2026-10-06 16:32:39.538] [info] [thread 23814] [daheng_demo.cpp AddGain:164] 增益 -> 13.799999999999999 dB
[2026-10-06 16:32:39.571] [info] [thread 23814] [daheng_demo.cpp AddGain:164] 增益 -> 13.9 dB
[2026-10-06 16:32:39.599] [info] [thread 23814] [daheng_demo.cpp AddGain:164] 增益 -> 14 dB
[2026-10-06 16:32:39.630] [info] [thread 23814] [daheng_demo.cpp AddGain:164] 增益 -> 14.1 dB
[2026-10-06 16:32:39.661] [info] [thread 23814] [daheng_demo.cpp AddGain:164] 增益 -> 14.2 dB
[2026-10-06 16:32:39.689] [info] [thread 23814] [daheng_demo.cpp AddGain:164] 增益 -> 14.299999999999999 dB
[2026-10-06 16:32:39.720] [info] [thread 23814] [daheng_demo.cpp AddGain:164] 增益 -> 14.4 dB
[2026-10-06 16:32:39.750] [info] [thread 23814] [daheng_demo.cpp AddGain:164] 增益 -> 14.5 dB
[2026-10-06 16:32:39.780] [info] [thread 23814] [daheng_demo.cpp AddGain:164] 增益 -> 14.6 dB
[2026-10-06 16:32:39.812] [info] [thread 23814] [daheng_demo.cpp AddGain:164] 增益 -> 14.7 dB
[2026-10-06 16:32:39.840] [info] [thread 23814] [daheng_demo.cpp AddGain:164] 增益 -> 14.799999999999999 dB
[2026-10-06 16:32:39.871] [info] [thread 23814] [daheng_demo.cpp AddGain:164] 增益 -> 14.9 dB
[2026-10-06 16:32:39.901] [info] [thread 23814] [daheng_demo.cpp AddGain:164] 增益 -> 15 dB
[2026-10-06 16:32:39.931] [info] [thread 23814] [daheng_demo.cpp AddGain:164] 增益 -> 15.1 dB
[2026-10-06 16:32:39.963] [info] [thread 23814] [daheng_demo.cpp AddGain:164] 增益 -> 15.2 dB
[2026-10-06 16:32:39.991] [info] [thread 23814] [daheng_demo.cpp AddGain:164] 增益 -> 15.299999999999999 dB
[2026-10-06 16:32:40.343] [info] [thread 23814] [daheng_demo.cpp AddGain:164] 增益 -> 15.200000000000001 dB
[2026-10-06 16:32:40.848] [info] [thread 23814] [daheng_demo.cpp AddGain:164] 增益 -> 15.1 dB
[2026-10-06 16:32:40.877] [info] [thread 23814] [daheng_demo.cpp AddGain:164] 增益 -> 15 dB
[2026-10-06 16:32:40.907] [info] [thread 23814] [daheng_demo.cpp AddGain:164] 增益 -> 14.9 dB
[2026-10-06 16:32:40.937] [info] [thread 23814] [daheng_demo.cpp AddGain:164] 增益 -> 14.8 dB
[2026-10-06 16:32:40.968] [info] [thread 23814] [daheng_demo.cpp AddGain:164] 增益 -> 14.700000000000001 dB
[2026-10-06 16:32:40.996] [info] [thread 23814] [daheng_demo.cpp AddGain:164] 增益 -> 14.6 dB
[2026-10-06 16:32:41.026] [info] [thread 23814] [daheng_demo.cpp AddGain:164] 增益 -> 14.5 dB
[2026-10-06 16:32:41.056] [info] [thread 23814] [daheng_demo.cpp AddGain:164] 增益 -> 14.4 dB
[2026-10-06 16:32:41.088] [info] [thread 23814] [daheng_demo.cpp AddGain:164] 增益 -> 14.3 dB
[2026-10-06 16:32:41.118] [info] [thread 23814] [daheng_demo.cpp AddGain:164] 增益 -> 14.200000000000001 dB
[2026-10-06 16:32:41.148] [info] [thread 23814] [daheng_demo.cpp AddGain:164] 增益 -> 14.1 dB
[2026-10-06 16:32:41.178] [info] [thread 23814] [daheng_demo.cpp AddGain:164] 增益 -> 14 dB
[2026-10-06 16:32:41.209] [info] [thread 23814] [daheng_demo.cpp AddGain:164] 增益 -> 13.9 dB
[2026-10-06 16:32:41.241] [info] [thread 23814] [daheng_demo.cpp AddGain:164] 增益 -> 13.8 dB
[2026-10-06 16:32:41.271] [info] [thread 23814] [daheng_demo.cpp AddGain:164] 增益 -> 13.700000000000001 dB
[2026-10-06 16:32:41.299] [info] [thread 23814] [daheng_demo.cpp AddGain:164] 增益 -> 13.6 dB
[2026-10-06 16:32:41.332] [info] [thread 23814] [daheng_demo.cpp AddGain:164] 增益 -> 13.5 dB
[2026-10-06 16:32:41.361] [info] [thread 23814] [daheng_demo.cpp AddGain:164] 增益 -> 13.4 dB
[2026-10-06 16:32:41.400] [info] [thread 23814] [daheng_demo.cpp AddGain:164] 增益 -> 13.3 dB
[2026-10-06 16:32:41.430] [info] [thread 23814] [daheng_demo.cpp AddGain:164] 增益 -> 13.200000000000001 dB
[2026-10-06 16:33:04.998] [info] [thread 23814] [daheng_demo.cpp main:452] 相机已关闭
[2026-10-06 16:34:02.067] [info] [thread 24350] [daheng_demo.cpp main:210] daheng_demo 启动
[2026-10-06 16:34:02.090] [debug] [thread 24350] [daheng_demo.cpp main:215] GXInitLib status = 0
[2026-10-06 16:34:03.101] [info] [thread 24350] [daheng_demo.cpp EnumerateDevices:83] 共找到 1 台设备:
[2026-10-06 16:34:03.101] [info] [thread 24350] [daheng_demo.cpp EnumerateDevices:95]   [1] 型号: MER2-230-168U3C  序列号: FDE25070188
[2026-10-06 16:34:04.250] [info] [thread 24350] [daheng_demo.cpp main:253] 打开相机 FDE25070188 成功
[2026-10-06 16:34:04.301] [info] [thread 24350] [daheng_demo.cpp main:303] 分辨率 1920x1200
[2026-10-06 16:34:04.316] [info] [thread 24350] [daheng_demo.cpp main:358] 取流开始,按 e/d 调曝光、a/q 调增益、s/w 调伽马、ESC 退出
[2026-10-06 16:35:22.287] [info] [thread 24350] [daheng_demo.cpp AddGain:164] 增益 -> 13.1 dB
[2026-10-06 16:35:22.784] [info] [thread 24350] [daheng_demo.cpp AddGain:164] 增益 -> 13 dB
[2026-10-06 16:35:22.814] [info] [thread 24350] [daheng_demo.cpp AddGain:164] 增益 -> 12.9 dB
[2026-10-06 16:35:22.844] [info] [thread 24350] [daheng_demo.cpp AddGain:164] 增益 -> 12.8 dB
[2026-10-06 16:35:22.875] [info] [thread 24350] [daheng_demo.cpp AddGain:164] 增益 -> 12.700000000000001 dB
[2026-10-06 16:35:22.904] [info] [thread 24350] [daheng_demo.cpp AddGain:164] 增益 -> 12.6 dB
[2026-10-06 16:35:22.934] [info] [thread 24350] [daheng_demo.cpp AddGain:164] 增益 -> 12.5 dB
[2026-10-06 16:35:22.964] [info] [thread 24350] [daheng_demo.cpp AddGain:164] 增益 -> 12.4 dB
[2026-10-06 16:35:22.994] [info] [thread 24350] [daheng_demo.cpp AddGain:164] 增益 -> 12.3 dB
[2026-10-06 16:35:23.027] [info] [thread 24350] [daheng_demo.cpp AddGain:164] 增益 -> 12.200000000000001 dB
[2026-10-06 16:35:23.056] [info] [thread 24350] [daheng_demo.cpp AddGain:164] 增益 -> 12.1 dB
[2026-10-06 16:35:23.085] [info] [thread 24350] [daheng_demo.cpp AddGain:164] 增益 -> 12 dB
[2026-10-06 16:35:23.115] [info] [thread 24350] [daheng_demo.cpp AddGain:164] 增益 -> 11.9 dB
[2026-10-06 16:35:23.145] [info] [thread 24350] [daheng_demo.cpp AddGain:164] 增益 -> 11.8 dB
[2026-10-06 16:35:23.177] [info] [thread 24350] [daheng_demo.cpp AddGain:164] 增益 -> 11.700000000000001 dB
[2026-10-06 16:35:23.206] [info] [thread 24350] [daheng_demo.cpp AddGain:164] 增益 -> 11.6 dB
[2026-10-06 16:35:23.236] [info] [thread 24350] [daheng_demo.cpp AddGain:164] 增益 -> 11.5 dB
[2026-10-06 16:35:23.266] [info] [thread 24350] [daheng_demo.cpp AddGain:164] 增益 -> 11.4 dB
[2026-10-06 16:35:23.295] [info] [thread 24350] [daheng_demo.cpp AddGain:164] 增益 -> 11.3 dB
[2026-10-06 16:35:23.327] [info] [thread 24350] [daheng_demo.cpp AddGain:164] 增益 -> 11.200000000000001 dB
[2026-10-06 16:35:23.356] [info] [thread 24350] [daheng_demo.cpp AddGain:164] 增益 -> 11.1 dB
[2026-10-06 16:35:23.386] [info] [thread 24350] [daheng_demo.cpp AddGain:164] 增益 -> 11 dB
[2026-10-06 16:35:23.420] [info] [thread 24350] [daheng_demo.cpp AddGain:164] 增益 -> 10.9 dB
[2026-10-06 16:35:23.448] [info] [thread 24350] [daheng_demo.cpp AddGain:164] 增益 -> 10.8 dB
[2026-10-06 16:35:23.481] [info] [thread 24350] [daheng_demo.cpp AddGain:164] 增益 -> 10.700000000000001 dB
[2026-10-06 16:35:23.509] [info] [thread 24350] [daheng_demo.cpp AddGain:164] 增益 -> 10.6 dB
[2026-10-06 16:35:23.548] [info] [thread 24350] [daheng_demo.cpp AddGain:164] 增益 -> 10.5 dB
[2026-10-06 16:35:23.579] [info] [thread 24350] [daheng_demo.cpp AddGain:164] 增益 -> 10.4 dB
[2026-10-06 16:35:23.600] [info] [thread 24350] [daheng_demo.cpp AddGain:164] 增益 -> 10.3 dB
[2026-10-06 16:35:23.630] [info] [thread 24350] [daheng_demo.cpp AddGain:164] 增益 -> 10.200000000000001 dB
[2026-10-06 16:35:23.669] [info] [thread 24350] [daheng_demo.cpp AddGain:164] 增益 -> 10.1 dB
[2026-10-06 16:35:23.698] [info] [thread 24350] [daheng_demo.cpp AddGain:164] 增益 -> 10 dB
[2026-10-06 16:35:23.720] [info] [thread 24350] [daheng_demo.cpp AddGain:164] 增益 -> 9.9 dB
[2026-10-06 16:35:23.759] [info] [thread 24350] [daheng_demo.cpp AddGain:164] 增益 -> 9.8 dB
[2026-10-06 16:35:23.789] [info] [thread 24350] [daheng_demo.cpp AddGain:164] 增益 -> 9.700000000000001 dB
[2026-10-06 16:35:23.818] [info] [thread 24350] [daheng_demo.cpp AddGain:164] 增益 -> 9.6 dB
[2026-10-06 16:35:23.849] [info] [thread 24350] [daheng_demo.cpp AddGain:164] 增益 -> 9.5 dB
[2026-10-06 16:35:23.880] [info] [thread 24350] [daheng_demo.cpp AddGain:164] 增益 -> 9.4 dB
[2026-10-06 16:35:23.910] [info] [thread 24350] [daheng_demo.cpp AddGain:164] 增益 -> 9.3 dB
[2026-10-06 16:35:23.939] [info] [thread 24350] [daheng_demo.cpp AddGain:164] 增益 -> 9.200000000000001 dB
[2026-10-06 16:35:23.970] [info] [thread 24350] [daheng_demo.cpp AddGain:164] 增益 -> 9.1 dB
[2026-10-06 16:35:23.999] [info] [thread 24350] [daheng_demo.cpp AddGain:164] 增益 -> 9 dB
[2026-10-06 16:35:24.031] [info] [thread 24350] [daheng_demo.cpp AddGain:164] 增益 -> 8.9 dB
[2026-10-06 16:35:24.060] [info] [thread 24350] [daheng_demo.cpp AddGain:164] 增益 -> 8.8 dB
[2026-10-06 16:35:24.090] [info] [thread 24350] [daheng_demo.cpp AddGain:164] 增益 -> 8.700000000000001 dB
[2026-10-06 16:35:24.120] [info] [thread 24350] [daheng_demo.cpp AddGain:164] 增益 -> 8.6 dB
[2026-10-06 16:35:24.151] [info] [thread 24350] [daheng_demo.cpp AddGain:164] 增益 -> 8.5 dB
[2026-10-06 16:35:24.182] [info] [thread 24350] [daheng_demo.cpp AddGain:164] 增益 -> 8.4 dB
[2026-10-06 16:35:24.212] [info] [thread 24350] [daheng_demo.cpp AddGain:164] 增益 -> 8.3 dB
[2026-10-06 16:35:24.241] [info] [thread 24350] [daheng_demo.cpp AddGain:164] 增益 -> 8.200000000000001 dB
[2026-10-06 16:35:24.271] [info] [thread 24350] [daheng_demo.cpp AddGain:164] 增益 -> 8.1 dB
[2026-10-06 16:35:24.301] [info] [thread 24350] [daheng_demo.cpp AddGain:164] 增益 -> 8 dB
[2026-10-06 16:35:24.331] [info] [thread 24350] [daheng_demo.cpp AddGain:164] 增益 -> 7.9 dB
[2026-10-06 16:35:25.177] [info] [thread 24350] [daheng_demo.cpp AddGain:164] 增益 -> 8 dB
[2026-10-06 16:35:25.680] [info] [thread 24350] [daheng_demo.cpp AddGain:164] 增益 -> 8.1 dB
[2026-10-06 16:35:25.710] [info] [thread 24350] [daheng_demo.cpp AddGain:164] 增益 -> 8.2 dB
[2026-10-06 16:35:25.742] [info] [thread 24350] [daheng_demo.cpp AddGain:164] 增益 -> 8.299999999999999 dB
[2026-10-06 16:35:25.770] [info] [thread 24350] [daheng_demo.cpp AddGain:164] 增益 -> 8.4 dB
[2026-10-06 16:35:25.799] [info] [thread 24350] [daheng_demo.cpp AddGain:164] 增益 -> 8.5 dB
[2026-10-06 16:35:25.831] [info] [thread 24350] [daheng_demo.cpp AddGain:164] 增益 -> 8.6 dB
[2026-10-06 16:35:25.861] [info] [thread 24350] [daheng_demo.cpp AddGain:164] 增益 -> 8.7 dB
[2026-10-06 16:35:25.891] [info] [thread 24350] [daheng_demo.cpp AddGain:164] 增益 -> 8.799999999999999 dB
[2026-10-06 16:35:25.921] [info] [thread 24350] [daheng_demo.cpp AddGain:164] 增益 -> 8.9 dB
[2026-10-06 16:35:25.951] [info] [thread 24350] [daheng_demo.cpp AddGain:164] 增益 -> 9 dB
[2026-10-06 16:35:25.982] [info] [thread 24350] [daheng_demo.cpp AddGain:164] 增益 -> 9.1 dB
[2026-10-06 16:35:26.011] [info] [thread 24350] [daheng_demo.cpp AddGain:164] 增益 -> 9.2 dB
[2026-10-06 16:35:26.043] [info] [thread 24350] [daheng_demo.cpp AddGain:164] 增益 -> 9.299999999999999 dB
[2026-10-06 16:35:26.071] [info] [thread 24350] [daheng_demo.cpp AddGain:164] 增益 -> 9.4 dB
[2026-10-06 16:35:26.102] [info] [thread 24350] [daheng_demo.cpp AddGain:164] 增益 -> 9.5 dB
[2026-10-06 16:35:26.132] [info] [thread 24350] [daheng_demo.cpp AddGain:164] 增益 -> 9.6 dB
[2026-10-06 16:35:26.162] [info] [thread 24350] [daheng_demo.cpp AddGain:164] 增益 -> 9.7 dB
[2026-10-06 16:35:26.193] [info] [thread 24350] [daheng_demo.cpp AddGain:164] 增益 -> 9.799999999999999 dB
[2026-10-06 16:35:26.222] [info] [thread 24350] [daheng_demo.cpp AddGain:164] 增益 -> 9.9 dB
[2026-10-06 16:35:26.252] [info] [thread 24350] [daheng_demo.cpp AddGain:164] 增益 -> 10 dB
[2026-10-06 16:35:26.284] [info] [thread 24350] [daheng_demo.cpp AddGain:164] 增益 -> 10.1 dB
[2026-10-06 16:35:26.315] [info] [thread 24350] [daheng_demo.cpp AddGain:164] 增益 -> 10.2 dB
[2026-10-06 16:35:26.346] [info] [thread 24350] [daheng_demo.cpp AddGain:164] 增益 -> 10.299999999999999 dB
[2026-10-06 16:35:26.375] [info] [thread 24350] [daheng_demo.cpp AddGain:164] 增益 -> 10.4 dB
[2026-10-06 16:35:26.406] [info] [thread 24350] [daheng_demo.cpp AddGain:164] 增益 -> 10.5 dB
[2026-10-06 16:35:26.436] [info] [thread 24350] [daheng_demo.cpp AddGain:164] 增益 -> 10.6 dB
[2026-10-06 16:35:26.467] [info] [thread 24350] [daheng_demo.cpp AddGain:164] 增益 -> 10.7 dB
[2026-10-06 16:35:26.498] [info] [thread 24350] [daheng_demo.cpp AddGain:164] 增益 -> 10.799999999999999 dB
[2026-10-06 16:35:26.537] [info] [thread 24350] [daheng_demo.cpp AddGain:164] 增益 -> 10.9 dB
[2026-10-06 16:35:26.564] [info] [thread 24350] [daheng_demo.cpp AddGain:164] 增益 -> 11 dB
[2026-10-06 16:35:26.595] [info] [thread 24350] [daheng_demo.cpp AddGain:164] 增益 -> 11.1 dB
[2026-10-06 16:35:26.624] [info] [thread 24350] [daheng_demo.cpp AddGain:164] 增益 -> 11.2 dB
[2026-10-06 16:35:26.655] [info] [thread 24350] [daheng_demo.cpp AddGain:164] 增益 -> 11.299999999999999 dB
[2026-10-06 16:35:26.684] [info] [thread 24350] [daheng_demo.cpp AddGain:164] 增益 -> 11.4 dB
[2026-10-06 16:35:26.716] [info] [thread 24350] [daheng_demo.cpp AddGain:164] 增益 -> 11.5 dB
[2026-10-06 16:35:26.747] [info] [thread 24350] [daheng_demo.cpp AddGain:164] 增益 -> 11.6 dB
[2026-10-06 16:35:26.776] [info] [thread 24350] [daheng_demo.cpp AddGain:164] 增益 -> 11.7 dB
[2026-10-06 16:35:26.805] [info] [thread 24350] [daheng_demo.cpp AddGain:164] 增益 -> 11.799999999999999 dB
[2026-10-06 16:35:26.838] [info] [thread 24350] [daheng_demo.cpp AddGain:164] 增益 -> 11.9 dB
[2026-10-06 16:35:26.865] [info] [thread 24350] [daheng_demo.cpp AddGain:164] 增益 -> 12 dB
[2026-10-06 16:35:26.897] [info] [thread 24350] [daheng_demo.cpp AddGain:164] 增益 -> 12.1 dB
[2026-10-06 16:35:26.926] [info] [thread 24350] [daheng_demo.cpp AddGain:164] 增益 -> 12.2 dB
[2026-10-06 16:35:26.956] [info] [thread 24350] [daheng_demo.cpp AddGain:164] 增益 -> 12.299999999999999 dB
[2026-10-06 16:35:26.986] [info] [thread 24350] [daheng_demo.cpp AddGain:164] 增益 -> 12.4 dB
[2026-10-06 16:35:27.017] [info] [thread 24350] [daheng_demo.cpp AddGain:164] 增益 -> 12.5 dB
[2026-10-06 16:35:27.049] [info] [thread 24350] [daheng_demo.cpp AddGain:164] 增益 -> 12.6 dB
[2026-10-06 16:35:27.077] [info] [thread 24350] [daheng_demo.cpp AddGain:164] 增益 -> 12.7 dB
[2026-10-06 16:35:27.108] [info] [thread 24350] [daheng_demo.cpp AddGain:164] 增益 -> 12.799999999999999 dB
[2026-10-06 16:35:27.137] [info] [thread 24350] [daheng_demo.cpp AddGain:164] 增益 -> 12.9 dB
[2026-10-06 16:35:27.167] [info] [thread 24350] [daheng_demo.cpp AddGain:164] 增益 -> 13 dB
[2026-10-06 16:35:27.199] [info] [thread 24350] [daheng_demo.cpp AddGain:164] 增益 -> 13.1 dB
[2026-10-06 16:35:27.227] [info] [thread 24350] [daheng_demo.cpp AddGain:164] 增益 -> 13.2 dB
[2026-10-06 16:35:27.260] [info] [thread 24350] [daheng_demo.cpp AddGain:164] 增益 -> 13.299999999999999 dB
[2026-10-06 16:35:27.288] [info] [thread 24350] [daheng_demo.cpp AddGain:164] 增益 -> 13.4 dB
[2026-10-06 16:35:27.319] [info] [thread 24350] [daheng_demo.cpp AddGain:164] 增益 -> 13.5 dB
[2026-10-06 16:35:27.348] [info] [thread 24350] [daheng_demo.cpp AddGain:164] 增益 -> 13.6 dB
[2026-10-06 16:35:27.378] [info] [thread 24350] [daheng_demo.cpp AddGain:164] 增益 -> 13.7 dB
[2026-10-06 16:35:27.410] [info] [thread 24350] [daheng_demo.cpp AddGain:164] 增益 -> 13.799999999999999 dB
[2026-10-06 16:35:27.441] [info] [thread 24350] [daheng_demo.cpp AddGain:164] 增益 -> 13.9 dB
[2026-10-06 16:35:27.469] [info] [thread 24350] [daheng_demo.cpp AddGain:164] 增益 -> 14 dB
[2026-10-06 16:35:27.501] [info] [thread 24350] [daheng_demo.cpp AddGain:164] 增益 -> 14.1 dB
[2026-10-06 16:35:27.529] [info] [thread 24350] [daheng_demo.cpp AddGain:164] 增益 -> 14.2 dB
[2026-10-06 16:35:27.560] [info] [thread 24350] [daheng_demo.cpp AddGain:164] 增益 -> 14.299999999999999 dB
[2026-10-06 16:35:27.590] [info] [thread 24350] [daheng_demo.cpp AddGain:164] 增益 -> 14.4 dB
[2026-10-06 16:35:27.620] [info] [thread 24350] [daheng_demo.cpp AddGain:164] 增益 -> 14.5 dB
[2026-10-06 16:35:27.652] [info] [thread 24350] [daheng_demo.cpp AddGain:164] 增益 -> 14.6 dB
[2026-10-06 16:35:27.681] [info] [thread 24350] [daheng_demo.cpp AddGain:164] 增益 -> 14.7 dB
[2026-10-06 16:35:27.710] [info] [thread 24350] [daheng_demo.cpp AddGain:164] 增益 -> 14.799999999999999 dB
[2026-10-06 16:35:27.740] [info] [thread 24350] [daheng_demo.cpp AddGain:164] 增益 -> 14.9 dB
[2026-10-06 16:35:27.771] [info] [thread 24350] [daheng_demo.cpp AddGain:164] 增益 -> 15 dB
[2026-10-06 16:35:27.802] [info] [thread 24350] [daheng_demo.cpp AddGain:164] 增益 -> 15.1 dB
[2026-10-06 16:35:27.832] [info] [thread 24350] [daheng_demo.cpp AddGain:164] 增益 -> 15.2 dB
[2026-10-06 16:35:27.861] [info] [thread 24350] [daheng_demo.cpp AddGain:164] 增益 -> 15.299999999999999 dB
[2026-10-06 16:35:27.891] [info] [thread 24350] [daheng_demo.cpp AddGain:164] 增益 -> 15.4 dB
[2026-10-06 16:35:27.924] [info] [thread 24350] [daheng_demo.cpp AddGain:164] 增益 -> 15.5 dB
[2026-10-06 16:35:27.956] [info] [thread 24350] [daheng_demo.cpp AddGain:164] 增益 -> 15.6 dB
[2026-10-06 16:35:27.985] [info] [thread 24350] [daheng_demo.cpp AddGain:164] 增益 -> 15.7 dB
[2026-10-06 16:35:28.016] [info] [thread 24350] [daheng_demo.cpp AddGain:164] 增益 -> 15.799999999999999 dB
[2026-10-06 16:35:28.045] [info] [thread 24350] [daheng_demo.cpp AddGain:164] 增益 -> 15.9 dB
[2026-10-06 16:35:28.082] [info] [thread 24350] [daheng_demo.cpp AddGain:164] 增益 -> 16 dB
[2026-10-06 16:35:28.112] [info] [thread 24350] [daheng_demo.cpp AddGain:164] 增益 -> 16.1 dB
[2026-10-06 16:35:28.144] [info] [thread 24350] [daheng_demo.cpp AddGain:164] 增益 -> 16.200000000000003 dB
[2026-10-06 16:35:28.173] [info] [thread 24350] [daheng_demo.cpp AddGain:164] 增益 -> 16.3 dB
[2026-10-06 16:35:28.204] [info] [thread 24350] [daheng_demo.cpp AddGain:164] 增益 -> 16.400000000000002 dB
[2026-10-06 16:35:28.234] [info] [thread 24350] [daheng_demo.cpp AddGain:164] 增益 -> 16.5 dB
[2026-10-06 16:35:28.264] [info] [thread 24350] [daheng_demo.cpp AddGain:164] 增益 -> 16.6 dB
[2026-10-06 16:35:28.294] [info] [thread 24350] [daheng_demo.cpp AddGain:164] 增益 -> 16.700000000000003 dB
[2026-10-06 16:35:28.326] [info] [thread 24350] [daheng_demo.cpp AddGain:164] 增益 -> 16.8 dB
[2026-10-06 16:35:28.356] [info] [thread 24350] [daheng_demo.cpp AddGain:164] 增益 -> 16.900000000000002 dB
[2026-10-06 16:35:28.386] [info] [thread 24350] [daheng_demo.cpp AddGain:164] 增益 -> 17 dB
[2026-10-06 16:35:28.415] [info] [thread 24350] [daheng_demo.cpp AddGain:164] 增益 -> 17.1 dB
[2026-10-06 16:35:28.446] [info] [thread 24350] [daheng_demo.cpp AddGain:164] 增益 -> 17.200000000000003 dB
[2026-10-06 16:35:28.475] [info] [thread 24350] [daheng_demo.cpp AddGain:164] 增益 -> 17.3 dB
[2026-10-06 16:35:28.507] [info] [thread 24350] [daheng_demo.cpp AddGain:164] 增益 -> 17.400000000000002 dB
[2026-10-06 16:35:28.918] [info] [thread 24350] [daheng_demo.cpp AddGain:164] 增益 -> 17.299999999999997 dB
[2026-10-06 16:35:29.421] [info] [thread 24350] [daheng_demo.cpp AddGain:164] 增益 -> 17.2 dB
[2026-10-06 16:35:29.442] [info] [thread 24350] [daheng_demo.cpp AddGain:164] 增益 -> 17.099999999999998 dB
[2026-10-06 16:35:29.473] [info] [thread 24350] [daheng_demo.cpp AddGain:164] 增益 -> 17 dB
[2026-10-06 16:35:29.504] [info] [thread 24350] [daheng_demo.cpp AddGain:164] 增益 -> 16.9 dB
[2026-10-06 16:35:29.534] [info] [thread 24350] [daheng_demo.cpp AddGain:164] 增益 -> 16.799999999999997 dB
[2026-10-06 16:35:29.565] [info] [thread 24350] [daheng_demo.cpp AddGain:164] 增益 -> 16.7 dB
[2026-10-06 16:35:29.592] [info] [thread 24350] [daheng_demo.cpp AddGain:164] 增益 -> 16.599999999999998 dB
[2026-10-06 16:35:29.624] [info] [thread 24350] [daheng_demo.cpp AddGain:164] 增益 -> 16.5 dB
[2026-10-06 16:35:29.655] [info] [thread 24350] [daheng_demo.cpp AddGain:164] 增益 -> 16.4 dB
[2026-10-06 16:35:29.684] [info] [thread 24350] [daheng_demo.cpp AddGain:164] 增益 -> 16.299999999999997 dB
[2026-10-06 16:35:29.716] [info] [thread 24350] [daheng_demo.cpp AddGain:164] 增益 -> 16.2 dB
[2026-10-06 16:35:29.745] [info] [thread 24350] [daheng_demo.cpp AddGain:164] 增益 -> 16.099999999999998 dB
[2026-10-06 16:35:29.775] [info] [thread 24350] [daheng_demo.cpp AddGain:164] 增益 -> 16 dB
[2026-10-06 16:35:29.807] [info] [thread 24350] [daheng_demo.cpp AddGain:164] 增益 -> 15.9 dB
[2026-10-06 16:35:29.837] [info] [thread 24350] [daheng_demo.cpp AddGain:164] 增益 -> 15.8 dB
[2026-10-06 16:35:29.868] [info] [thread 24350] [daheng_demo.cpp AddGain:164] 增益 -> 15.700000000000001 dB
[2026-10-06 16:35:29.896] [info] [thread 24350] [daheng_demo.cpp AddGain:164] 增益 -> 15.6 dB
[2026-10-06 16:35:29.934] [info] [thread 24350] [daheng_demo.cpp AddGain:164] 增益 -> 15.5 dB
[2026-10-06 16:35:29.964] [info] [thread 24350] [daheng_demo.cpp AddGain:164] 增益 -> 15.4 dB
[2026-10-06 16:35:29.993] [info] [thread 24350] [daheng_demo.cpp AddGain:164] 增益 -> 15.3 dB
[2026-10-06 16:35:30.023] [info] [thread 24350] [daheng_demo.cpp AddGain:164] 增益 -> 15.200000000000001 dB
[2026-10-06 16:35:30.053] [info] [thread 24350] [daheng_demo.cpp AddGain:164] 增益 -> 15.1 dB
[2026-10-06 16:35:30.084] [info] [thread 24350] [daheng_demo.cpp AddGain:164] 增益 -> 15 dB
[2026-10-06 16:35:30.115] [info] [thread 24350] [daheng_demo.cpp AddGain:164] 增益 -> 14.9 dB
[2026-10-06 16:35:30.144] [info] [thread 24350] [daheng_demo.cpp AddGain:164] 增益 -> 14.8 dB
[2026-10-06 16:35:30.174] [info] [thread 24350] [daheng_demo.cpp AddGain:164] 增益 -> 14.700000000000001 dB
[2026-10-06 16:35:30.204] [info] [thread 24350] [daheng_demo.cpp AddGain:164] 增益 -> 14.6 dB
[2026-10-06 16:35:30.234] [info] [thread 24350] [daheng_demo.cpp AddGain:164] 增益 -> 14.5 dB
[2026-10-06 16:35:30.266] [info] [thread 24350] [daheng_demo.cpp AddGain:164] 增益 -> 14.4 dB
[2026-10-06 16:35:30.294] [info] [thread 24350] [daheng_demo.cpp AddGain:164] 增益 -> 14.3 dB
[2026-10-06 16:35:30.325] [info] [thread 24350] [daheng_demo.cpp AddGain:164] 增益 -> 14.200000000000001 dB
[2026-10-06 16:35:30.357] [info] [thread 24350] [daheng_demo.cpp AddGain:164] 增益 -> 14.1 dB
[2026-10-06 16:35:30.384] [info] [thread 24350] [daheng_demo.cpp AddGain:164] 增益 -> 14 dB
[2026-10-06 16:35:30.418] [info] [thread 24350] [daheng_demo.cpp AddGain:164] 增益 -> 13.9 dB
[2026-10-06 16:35:30.831] [info] [thread 24350] [daheng_demo.cpp AddExposureTime:140] 曝光时间 -> 10000 us
[2026-10-06 16:35:31.230] [info] [thread 24350] [daheng_demo.cpp AddExposureTime:140] 曝光时间 -> 9975 us
[2026-10-06 16:35:31.561] [info] [thread 24350] [daheng_demo.cpp AddExposureTime:140] 曝光时间 -> 9950 us
[2026-10-06 16:35:31.772] [info] [thread 24350] [daheng_demo.cpp AddExposureTime:140] 曝光时间 -> 9925 us
[2026-10-06 16:35:31.931] [info] [thread 24350] [daheng_demo.cpp AddExposureTime:140] 曝光时间 -> 9900 us
[2026-10-06 16:35:32.090] [info] [thread 24350] [daheng_demo.cpp AddExposureTime:140] 曝光时间 -> 9875 us
[2026-10-06 16:35:34.694] [info] [thread 24350] [daheng_demo.cpp main:452] 相机已关闭
[2026-10-07 10:48:18.170] [info] [thread 97459] [daheng_demo.cpp main:273] daheng_demo 启动
[2026-10-07 10:48:18.206] [debug] [thread 97459] [daheng_demo.cpp main:278] GXInitLib status = 0
[2026-10-07 10:48:19.219] [info] [thread 97459] [daheng_demo.cpp EnumerateDevices:146] 共找到 1 台设备:
[2026-10-07 10:48:19.219] [info] [thread 97459] [daheng_demo.cpp EnumerateDevices:158]   [1] 型号: MER2-230-168U3C  序列号: FDE25070188
[2026-10-07 10:48:19.219] [info] [thread 97459] [daheng_demo.cpp main:293] 用法: ./daheng_demo <相机序列号>
[2026-10-07 10:48:28.029] [info] [thread 97549] [daheng_demo.cpp main:273] daheng_demo 启动
[2026-10-07 10:48:28.051] [debug] [thread 97549] [daheng_demo.cpp main:278] GXInitLib status = 0
[2026-10-07 10:48:29.062] [info] [thread 97549] [daheng_demo.cpp EnumerateDevices:146] 共找到 1 台设备:
[2026-10-07 10:48:29.062] [info] [thread 97549] [daheng_demo.cpp EnumerateDevices:158]   [1] 型号: MER2-230-168U3C  序列号: FDE25070188
[2026-10-07 10:48:30.206] [info] [thread 97549] [daheng_demo.cpp main:316] 打开相机 FDE25070188 成功
[2026-10-07 10:48:30.257] [info] [thread 97549] [daheng_demo.cpp main:366] 分辨率 1920x1200
[2026-10-07 10:48:30.320] [info] [thread 97549] [daheng_demo.cpp main:429] YOLO 模型加载成功: /home/zhongchengyi/Desktop/desktop/RM/runs/detect/train-2/weights/best.onnx
[2026-10-07 10:48:30.320] [info] [thread 97549] [daheng_demo.cpp main:439] 取流开始,按 e/d 调曝光、a/q 调增益、s/w 调伽马、ESC 退出
[2026-10-07 10:49:17.376] [info] [thread 97549] [daheng_demo.cpp AddExposureTime:203] 曝光时间 -> 10000 us
[2026-10-07 10:49:17.856] [info] [thread 97549] [daheng_demo.cpp AddExposureTime:203] 曝光时间 -> 10000 us
[2026-10-07 10:49:17.890] [info] [thread 97549] [daheng_demo.cpp AddExposureTime:203] 曝光时间 -> 10000 us
[2026-10-07 10:49:17.926] [info] [thread 97549] [daheng_demo.cpp AddExposureTime:203] 曝光时间 -> 10000 us
[2026-10-07 10:49:17.964] [info] [thread 97549] [daheng_demo.cpp AddExposureTime:203] 曝光时间 -> 10000 us
[2026-10-07 10:49:17.998] [info] [thread 97549] [daheng_demo.cpp AddExposureTime:203] 曝光时间 -> 10000 us
[2026-10-07 10:49:18.033] [info] [thread 97549] [daheng_demo.cpp AddExposureTime:203] 曝光时间 -> 10000 us
[2026-10-07 10:49:18.069] [info] [thread 97549] [daheng_demo.cpp AddExposureTime:203] 曝光时间 -> 10000 us
[2026-10-07 10:49:18.103] [info] [thread 97549] [daheng_demo.cpp AddExposureTime:203] 曝光时间 -> 10000 us
[2026-10-07 10:49:18.137] [info] [thread 97549] [daheng_demo.cpp AddExposureTime:203] 曝光时间 -> 10000 us
[2026-10-07 10:49:18.171] [info] [thread 97549] [daheng_demo.cpp AddExposureTime:203] 曝光时间 -> 10000 us
[2026-10-07 10:49:18.211] [info] [thread 97549] [daheng_demo.cpp AddExposureTime:203] 曝光时间 -> 10000 us
[2026-10-07 10:49:18.247] [info] [thread 97549] [daheng_demo.cpp AddExposureTime:203] 曝光时间 -> 10000 us
[2026-10-07 10:49:18.282] [info] [thread 97549] [daheng_demo.cpp AddExposureTime:203] 曝光时间 -> 10000 us
[2026-10-07 10:49:18.320] [info] [thread 97549] [daheng_demo.cpp AddExposureTime:203] 曝光时间 -> 10000 us
[2026-10-07 10:49:18.355] [info] [thread 97549] [daheng_demo.cpp AddExposureTime:203] 曝光时间 -> 10000 us
[2026-10-07 10:49:18.393] [info] [thread 97549] [daheng_demo.cpp AddExposureTime:203] 曝光时间 -> 10000 us
[2026-10-07 10:49:18.427] [info] [thread 97549] [daheng_demo.cpp AddExposureTime:203] 曝光时间 -> 10000 us
[2026-10-07 10:49:18.465] [info] [thread 97549] [daheng_demo.cpp AddExposureTime:203] 曝光时间 -> 10000 us
[2026-10-07 10:49:18.500] [info] [thread 97549] [daheng_demo.cpp AddExposureTime:203] 曝光时间 -> 10000 us
[2026-10-07 10:49:18.532] [info] [thread 97549] [daheng_demo.cpp AddExposureTime:203] 曝光时间 -> 10000 us
[2026-10-07 10:49:18.569] [info] [thread 97549] [daheng_demo.cpp AddExposureTime:203] 曝光时间 -> 10000 us
[2026-10-07 10:49:18.604] [info] [thread 97549] [daheng_demo.cpp AddExposureTime:203] 曝光时间 -> 10000 us
[2026-10-07 10:49:18.639] [info] [thread 97549] [daheng_demo.cpp AddExposureTime:203] 曝光时间 -> 10000 us
[2026-10-07 10:49:18.675] [info] [thread 97549] [daheng_demo.cpp AddExposureTime:203] 曝光时间 -> 10000 us
[2026-10-07 10:49:18.712] [info] [thread 97549] [daheng_demo.cpp AddExposureTime:203] 曝光时间 -> 10000 us
[2026-10-07 10:49:18.745] [info] [thread 97549] [daheng_demo.cpp AddExposureTime:203] 曝光时间 -> 10000 us
[2026-10-07 10:49:18.893] [info] [thread 97549] [daheng_demo.cpp AddExposureTime:203] 曝光时间 -> 10000 us
[2026-10-07 10:49:19.396] [info] [thread 97549] [daheng_demo.cpp AddExposureTime:203] 曝光时间 -> 10000 us
[2026-10-07 10:49:19.430] [info] [thread 97549] [daheng_demo.cpp AddExposureTime:203] 曝光时间 -> 10000 us
[2026-10-07 10:49:19.472] [info] [thread 97549] [daheng_demo.cpp AddExposureTime:203] 曝光时间 -> 10000 us
[2026-10-07 10:49:19.510] [info] [thread 97549] [daheng_demo.cpp AddExposureTime:203] 曝光时间 -> 10000 us
[2026-10-07 10:49:19.544] [info] [thread 97549] [daheng_demo.cpp AddExposureTime:203] 曝光时间 -> 10000 us
[2026-10-07 10:49:19.579] [info] [thread 97549] [daheng_demo.cpp AddExposureTime:203] 曝光时间 -> 10000 us
[2026-10-07 10:49:19.611] [info] [thread 97549] [daheng_demo.cpp AddExposureTime:203] 曝光时间 -> 10000 us
[2026-10-07 10:49:19.649] [info] [thread 97549] [daheng_demo.cpp AddExposureTime:203] 曝光时间 -> 10000 us
[2026-10-07 10:49:19.684] [info] [thread 97549] [daheng_demo.cpp AddExposureTime:203] 曝光时间 -> 10000 us
[2026-10-07 10:49:19.721] [info] [thread 97549] [daheng_demo.cpp AddExposureTime:203] 曝光时间 -> 10000 us
[2026-10-07 10:49:19.755] [info] [thread 97549] [daheng_demo.cpp AddExposureTime:203] 曝光时间 -> 10000 us
[2026-10-07 10:49:19.793] [info] [thread 97549] [daheng_demo.cpp AddExposureTime:203] 曝光时间 -> 10000 us
[2026-10-07 10:49:19.827] [info] [thread 97549] [daheng_demo.cpp AddExposureTime:203] 曝光时间 -> 10000 us
[2026-10-07 10:49:19.860] [info] [thread 97549] [daheng_demo.cpp AddExposureTime:203] 曝光时间 -> 10000 us
[2026-10-07 10:49:19.895] [info] [thread 97549] [daheng_demo.cpp AddExposureTime:203] 曝光时间 -> 10000 us
[2026-10-07 10:49:19.930] [info] [thread 97549] [daheng_demo.cpp AddExposureTime:203] 曝光时间 -> 10000 us
[2026-10-07 10:49:19.966] [info] [thread 97549] [daheng_demo.cpp AddExposureTime:203] 曝光时间 -> 10000 us
[2026-10-07 10:49:20.002] [info] [thread 97549] [daheng_demo.cpp AddExposureTime:203] 曝光时间 -> 10000 us
[2026-10-07 10:49:20.034] [info] [thread 97549] [daheng_demo.cpp AddExposureTime:203] 曝光时间 -> 10000 us
[2026-10-07 10:49:20.068] [info] [thread 97549] [daheng_demo.cpp AddExposureTime:203] 曝光时间 -> 10000 us
[2026-10-07 10:49:20.101] [info] [thread 97549] [daheng_demo.cpp AddExposureTime:203] 曝光时间 -> 10000 us
[2026-10-07 10:49:20.136] [info] [thread 97549] [daheng_demo.cpp AddExposureTime:203] 曝光时间 -> 10000 us
[2026-10-07 10:49:20.174] [info] [thread 97549] [daheng_demo.cpp AddExposureTime:203] 曝光时间 -> 10000 us
[2026-10-07 10:49:20.208] [info] [thread 97549] [daheng_demo.cpp AddExposureTime:203] 曝光时间 -> 10000 us
[2026-10-07 10:49:20.242] [info] [thread 97549] [daheng_demo.cpp AddExposureTime:203] 曝光时间 -> 10000 us
[2026-10-07 10:49:20.278] [info] [thread 97549] [daheng_demo.cpp AddExposureTime:203] 曝光时间 -> 10000 us
[2026-10-07 10:49:20.314] [info] [thread 97549] [daheng_demo.cpp AddExposureTime:203] 曝光时间 -> 10000 us
[2026-10-07 10:49:20.348] [info] [thread 97549] [daheng_demo.cpp AddExposureTime:203] 曝光时间 -> 10000 us
[2026-10-07 10:49:20.382] [info] [thread 97549] [daheng_demo.cpp AddExposureTime:203] 曝光时间 -> 10000 us
[2026-10-07 10:49:20.417] [info] [thread 97549] [daheng_demo.cpp AddExposureTime:203] 曝光时间 -> 10000 us
[2026-10-07 10:49:20.452] [info] [thread 97549] [daheng_demo.cpp AddExposureTime:203] 曝光时间 -> 10000 us
[2026-10-07 10:49:20.489] [info] [thread 97549] [daheng_demo.cpp AddExposureTime:203] 曝光时间 -> 10000 us
[2026-10-07 10:49:20.523] [info] [thread 97549] [daheng_demo.cpp AddExposureTime:203] 曝光时间 -> 10000 us
[2026-10-07 10:49:20.559] [info] [thread 97549] [daheng_demo.cpp AddExposureTime:203] 曝光时间 -> 10000 us
[2026-10-07 10:49:20.594] [info] [thread 97549] [daheng_demo.cpp AddExposureTime:203] 曝光时间 -> 10000 us
[2026-10-07 10:49:20.629] [info] [thread 97549] [daheng_demo.cpp AddExposureTime:203] 曝光时间 -> 10000 us
[2026-10-07 10:49:20.662] [info] [thread 97549] [daheng_demo.cpp AddExposureTime:203] 曝光时间 -> 10000 us
[2026-10-07 10:49:20.696] [info] [thread 97549] [daheng_demo.cpp AddExposureTime:203] 曝光时间 -> 10000 us
[2026-10-07 10:49:20.730] [info] [thread 97549] [daheng_demo.cpp AddExposureTime:203] 曝光时间 -> 10000 us
[2026-10-07 10:49:20.764] [info] [thread 97549] [daheng_demo.cpp AddExposureTime:203] 曝光时间 -> 10000 us
[2026-10-07 10:49:20.798] [info] [thread 97549] [daheng_demo.cpp AddExposureTime:203] 曝光时间 -> 10000 us
[2026-10-07 10:49:20.830] [info] [thread 97549] [daheng_demo.cpp AddExposureTime:203] 曝光时间 -> 10000 us
[2026-10-07 10:49:20.867] [info] [thread 97549] [daheng_demo.cpp AddExposureTime:203] 曝光时间 -> 10000 us
[2026-10-07 10:49:20.903] [info] [thread 97549] [daheng_demo.cpp AddExposureTime:203] 曝光时间 -> 10000 us
[2026-10-07 10:49:20.937] [info] [thread 97549] [daheng_demo.cpp AddExposureTime:203] 曝光时间 -> 10000 us
[2026-10-07 10:49:20.970] [info] [thread 97549] [daheng_demo.cpp AddExposureTime:203] 曝光时间 -> 10000 us
[2026-10-07 10:49:21.005] [info] [thread 97549] [daheng_demo.cpp AddExposureTime:203] 曝光时间 -> 10000 us
[2026-10-07 10:49:21.040] [info] [thread 97549] [daheng_demo.cpp AddExposureTime:203] 曝光时间 -> 10000 us
[2026-10-07 10:49:21.072] [info] [thread 97549] [daheng_demo.cpp AddExposureTime:203] 曝光时间 -> 10000 us
[2026-10-07 10:49:21.106] [info] [thread 97549] [daheng_demo.cpp AddExposureTime:203] 曝光时间 -> 10000 us
[2026-10-07 10:49:21.140] [info] [thread 97549] [daheng_demo.cpp AddExposureTime:203] 曝光时间 -> 10000 us
[2026-10-07 10:49:21.177] [info] [thread 97549] [daheng_demo.cpp AddExposureTime:203] 曝光时间 -> 10000 us
[2026-10-07 10:49:21.210] [info] [thread 97549] [daheng_demo.cpp AddExposureTime:203] 曝光时间 -> 10000 us
[2026-10-07 10:49:21.245] [info] [thread 97549] [daheng_demo.cpp AddExposureTime:203] 曝光时间 -> 10000 us
[2026-10-07 10:49:21.281] [info] [thread 97549] [daheng_demo.cpp AddExposureTime:203] 曝光时间 -> 10000 us
[2026-10-07 10:49:21.315] [info] [thread 97549] [daheng_demo.cpp AddExposureTime:203] 曝光时间 -> 10000 us
[2026-10-07 10:49:21.349] [info] [thread 97549] [daheng_demo.cpp AddExposureTime:203] 曝光时间 -> 10000 us
[2026-10-07 10:49:21.384] [info] [thread 97549] [daheng_demo.cpp AddExposureTime:203] 曝光时间 -> 10000 us
[2026-10-07 10:49:21.420] [info] [thread 97549] [daheng_demo.cpp AddExposureTime:203] 曝光时间 -> 10000 us
[2026-10-07 10:49:21.454] [info] [thread 97549] [daheng_demo.cpp AddExposureTime:203] 曝光时间 -> 10000 us
[2026-10-07 10:49:21.489] [info] [thread 97549] [daheng_demo.cpp AddExposureTime:203] 曝光时间 -> 10000 us
[2026-10-07 10:49:21.525] [info] [thread 97549] [daheng_demo.cpp AddExposureTime:203] 曝光时间 -> 10000 us
[2026-10-07 10:49:21.560] [info] [thread 97549] [daheng_demo.cpp AddExposureTime:203] 曝光时间 -> 10000 us
[2026-10-07 10:49:22.555] [info] [thread 97549] [daheng_demo.cpp AddExposureTime:203] 曝光时间 -> 10000 us
[2026-10-07 10:49:23.074] [info] [thread 97549] [daheng_demo.cpp AddExposureTime:203] 曝光时间 -> 10000 us
[2026-10-07 10:49:23.106] [info] [thread 97549] [daheng_demo.cpp AddExposureTime:203] 曝光时间 -> 10000 us
[2026-10-07 10:49:23.141] [info] [thread 97549] [daheng_demo.cpp AddExposureTime:203] 曝光时间 -> 10000 us
[2026-10-07 10:49:23.173] [info] [thread 97549] [daheng_demo.cpp AddExposureTime:203] 曝光时间 -> 10000 us
[2026-10-07 10:49:23.207] [info] [thread 97549] [daheng_demo.cpp AddExposureTime:203] 曝光时间 -> 10000 us
[2026-10-07 10:49:23.243] [info] [thread 97549] [daheng_demo.cpp AddExposureTime:203] 曝光时间 -> 10000 us
[2026-10-07 10:49:23.277] [info] [thread 97549] [daheng_demo.cpp AddExposureTime:203] 曝光时间 -> 10000 us
[2026-10-07 10:49:23.310] [info] [thread 97549] [daheng_demo.cpp AddExposureTime:203] 曝光时间 -> 10000 us
[2026-10-07 10:49:23.348] [info] [thread 97549] [daheng_demo.cpp AddExposureTime:203] 曝光时间 -> 10000 us
[2026-10-07 10:49:23.382] [info] [thread 97549] [daheng_demo.cpp AddExposureTime:203] 曝光时间 -> 10000 us
[2026-10-07 10:49:23.419] [info] [thread 97549] [daheng_demo.cpp AddExposureTime:203] 曝光时间 -> 10000 us
[2026-10-07 10:49:23.456] [info] [thread 97549] [daheng_demo.cpp AddExposureTime:203] 曝光时间 -> 10000 us
[2026-10-07 10:49:23.491] [info] [thread 97549] [daheng_demo.cpp AddExposureTime:203] 曝光时间 -> 10000 us
[2026-10-07 10:49:23.524] [info] [thread 97549] [daheng_demo.cpp AddExposureTime:203] 曝光时间 -> 10000 us
[2026-10-07 10:49:23.557] [info] [thread 97549] [daheng_demo.cpp AddExposureTime:203] 曝光时间 -> 10000 us
[2026-10-07 10:49:23.593] [info] [thread 97549] [daheng_demo.cpp AddExposureTime:203] 曝光时间 -> 10000 us
[2026-10-07 10:49:23.627] [info] [thread 97549] [daheng_demo.cpp AddExposureTime:203] 曝光时间 -> 10000 us
[2026-10-07 10:49:23.659] [info] [thread 97549] [daheng_demo.cpp AddExposureTime:203] 曝光时间 -> 10000 us
[2026-10-07 10:49:23.693] [info] [thread 97549] [daheng_demo.cpp AddExposureTime:203] 曝光时间 -> 10000 us
[2026-10-07 10:49:23.728] [info] [thread 97549] [daheng_demo.cpp AddExposureTime:203] 曝光时间 -> 10000 us
[2026-10-07 10:49:23.760] [info] [thread 97549] [daheng_demo.cpp AddExposureTime:203] 曝光时间 -> 10000 us
[2026-10-07 10:49:23.794] [info] [thread 97549] [daheng_demo.cpp AddExposureTime:203] 曝光时间 -> 10000 us
[2026-10-07 10:49:23.828] [info] [thread 97549] [daheng_demo.cpp AddExposureTime:203] 曝光时间 -> 10000 us
[2026-10-07 10:49:23.863] [info] [thread 97549] [daheng_demo.cpp AddExposureTime:203] 曝光时间 -> 10000 us
[2026-10-07 10:49:23.897] [info] [thread 97549] [daheng_demo.cpp AddExposureTime:203] 曝光时间 -> 10000 us
[2026-10-07 10:49:23.932] [info] [thread 97549] [daheng_demo.cpp AddExposureTime:203] 曝光时间 -> 10000 us
[2026-10-07 10:49:23.964] [info] [thread 97549] [daheng_demo.cpp AddExposureTime:203] 曝光时间 -> 10000 us
[2026-10-07 10:49:23.998] [info] [thread 97549] [daheng_demo.cpp AddExposureTime:203] 曝光时间 -> 10000 us
[2026-10-07 10:49:24.031] [info] [thread 97549] [daheng_demo.cpp AddExposureTime:203] 曝光时间 -> 10000 us
[2026-10-07 10:49:24.760] [info] [thread 97549] [daheng_demo.cpp AddExposureTime:203] 曝光时间 -> 10000 us
[2026-10-07 10:49:25.284] [info] [thread 97549] [daheng_demo.cpp AddExposureTime:203] 曝光时间 -> 10000 us
[2026-10-07 10:49:25.318] [info] [thread 97549] [daheng_demo.cpp AddExposureTime:203] 曝光时间 -> 10000 us
[2026-10-07 10:49:25.353] [info] [thread 97549] [daheng_demo.cpp AddExposureTime:203] 曝光时间 -> 10000 us
[2026-10-07 10:49:25.388] [info] [thread 97549] [daheng_demo.cpp AddExposureTime:203] 曝光时间 -> 10000 us
[2026-10-07 10:49:25.428] [info] [thread 97549] [daheng_demo.cpp AddExposureTime:203] 曝光时间 -> 10000 us
[2026-10-07 10:49:25.464] [info] [thread 97549] [daheng_demo.cpp AddExposureTime:203] 曝光时间 -> 10000 us
[2026-10-07 10:49:25.497] [info] [thread 97549] [daheng_demo.cpp AddExposureTime:203] 曝光时间 -> 10000 us
[2026-10-07 10:49:25.532] [info] [thread 97549] [daheng_demo.cpp AddExposureTime:203] 曝光时间 -> 10000 us
[2026-10-07 10:49:25.565] [info] [thread 97549] [daheng_demo.cpp AddExposureTime:203] 曝光时间 -> 10000 us
[2026-10-07 10:49:25.601] [info] [thread 97549] [daheng_demo.cpp AddExposureTime:203] 曝光时间 -> 10000 us
[2026-10-07 10:49:25.635] [info] [thread 97549] [daheng_demo.cpp AddExposureTime:203] 曝光时间 -> 10000 us
[2026-10-07 10:49:25.672] [info] [thread 97549] [daheng_demo.cpp AddExposureTime:203] 曝光时间 -> 10000 us
[2026-10-07 10:49:25.708] [info] [thread 97549] [daheng_demo.cpp AddExposureTime:203] 曝光时间 -> 10000 us
[2026-10-07 10:49:25.742] [info] [thread 97549] [daheng_demo.cpp AddExposureTime:203] 曝光时间 -> 10000 us
[2026-10-07 10:49:25.777] [info] [thread 97549] [daheng_demo.cpp AddExposureTime:203] 曝光时间 -> 10000 us
[2026-10-07 10:49:25.812] [info] [thread 97549] [daheng_demo.cpp AddExposureTime:203] 曝光时间 -> 10000 us
[2026-10-07 10:49:25.845] [info] [thread 97549] [daheng_demo.cpp AddExposureTime:203] 曝光时间 -> 10000 us
[2026-10-07 10:49:25.879] [info] [thread 97549] [daheng_demo.cpp AddExposureTime:203] 曝光时间 -> 10000 us
[2026-10-07 10:49:25.916] [info] [thread 97549] [daheng_demo.cpp AddExposureTime:203] 曝光时间 -> 10000 us
[2026-10-07 10:49:25.950] [info] [thread 97549] [daheng_demo.cpp AddExposureTime:203] 曝光时间 -> 10000 us
[2026-10-07 10:49:25.986] [info] [thread 97549] [daheng_demo.cpp AddExposureTime:203] 曝光时间 -> 10000 us
[2026-10-07 10:49:26.022] [info] [thread 97549] [daheng_demo.cpp AddExposureTime:203] 曝光时间 -> 10000 us
[2026-10-07 10:49:26.057] [info] [thread 97549] [daheng_demo.cpp AddExposureTime:203] 曝光时间 -> 10000 us
[2026-10-07 10:49:26.091] [info] [thread 97549] [daheng_demo.cpp AddExposureTime:203] 曝光时间 -> 10000 us
[2026-10-07 10:49:26.128] [info] [thread 97549] [daheng_demo.cpp AddExposureTime:203] 曝光时间 -> 10000 us
[2026-10-07 10:49:26.163] [info] [thread 97549] [daheng_demo.cpp AddExposureTime:203] 曝光时间 -> 10000 us
[2026-10-07 10:49:26.198] [info] [thread 97549] [daheng_demo.cpp AddExposureTime:203] 曝光时间 -> 10000 us
[2026-10-07 10:49:26.231] [info] [thread 97549] [daheng_demo.cpp AddExposureTime:203] 曝光时间 -> 10000 us
[2026-10-07 10:49:26.265] [info] [thread 97549] [daheng_demo.cpp AddExposureTime:203] 曝光时间 -> 10000 us
[2026-10-07 10:49:26.300] [info] [thread 97549] [daheng_demo.cpp AddExposureTime:203] 曝光时间 -> 10000 us
[2026-10-07 10:49:26.334] [info] [thread 97549] [daheng_demo.cpp AddExposureTime:203] 曝光时间 -> 10000 us
[2026-10-07 10:49:26.738] [info] [thread 97549] [daheng_demo.cpp AddExposureTime:203] 曝光时间 -> 9975 us
[2026-10-07 10:49:27.257] [info] [thread 97549] [daheng_demo.cpp AddExposureTime:203] 曝光时间 -> 9950 us
[2026-10-07 10:49:27.292] [info] [thread 97549] [daheng_demo.cpp AddExposureTime:203] 曝光时间 -> 9925 us
[2026-10-07 10:49:27.330] [info] [thread 97549] [daheng_demo.cpp AddExposureTime:203] 曝光时间 -> 9900 us
[2026-10-07 10:49:27.366] [info] [thread 97549] [daheng_demo.cpp AddExposureTime:203] 曝光时间 -> 9875 us
[2026-10-07 10:49:27.399] [info] [thread 97549] [daheng_demo.cpp AddExposureTime:203] 曝光时间 -> 9850 us
[2026-10-07 10:49:27.434] [info] [thread 97549] [daheng_demo.cpp AddExposureTime:203] 曝光时间 -> 9825 us
[2026-10-07 10:49:27.469] [info] [thread 97549] [daheng_demo.cpp AddExposureTime:203] 曝光时间 -> 9800 us
[2026-10-07 10:49:27.503] [info] [thread 97549] [daheng_demo.cpp AddExposureTime:203] 曝光时间 -> 9775 us
[2026-10-07 10:49:27.537] [info] [thread 97549] [daheng_demo.cpp AddExposureTime:203] 曝光时间 -> 9750 us
[2026-10-07 10:49:27.576] [info] [thread 97549] [daheng_demo.cpp AddExposureTime:203] 曝光时间 -> 9725 us
[2026-10-07 10:49:27.611] [info] [thread 97549] [daheng_demo.cpp AddExposureTime:203] 曝光时间 -> 9700 us
[2026-10-07 10:49:27.646] [info] [thread 97549] [daheng_demo.cpp AddExposureTime:203] 曝光时间 -> 9675 us
[2026-10-07 10:49:27.680] [info] [thread 97549] [daheng_demo.cpp AddExposureTime:203] 曝光时间 -> 9650 us
[2026-10-07 10:49:27.713] [info] [thread 97549] [daheng_demo.cpp AddExposureTime:203] 曝光时间 -> 9625 us
[2026-10-07 10:49:27.748] [info] [thread 97549] [daheng_demo.cpp AddExposureTime:203] 曝光时间 -> 9600 us
[2026-10-07 10:49:27.785] [info] [thread 97549] [daheng_demo.cpp AddExposureTime:203] 曝光时间 -> 9575 us
[2026-10-07 10:49:27.819] [info] [thread 97549] [daheng_demo.cpp AddExposureTime:203] 曝光时间 -> 9550 us
[2026-10-07 10:49:27.853] [info] [thread 97549] [daheng_demo.cpp AddExposureTime:203] 曝光时间 -> 9525 us
[2026-10-07 10:49:27.887] [info] [thread 97549] [daheng_demo.cpp AddExposureTime:203] 曝光时间 -> 9500 us
[2026-10-07 10:49:27.921] [info] [thread 97549] [daheng_demo.cpp AddExposureTime:203] 曝光时间 -> 9475 us
[2026-10-07 10:49:27.955] [info] [thread 97549] [daheng_demo.cpp AddExposureTime:203] 曝光时间 -> 9450 us
[2026-10-07 10:49:27.989] [info] [thread 97549] [daheng_demo.cpp AddExposureTime:203] 曝光时间 -> 9425 us
[2026-10-07 10:49:28.603] [info] [thread 97549] [daheng_demo.cpp AddExposureTime:203] 曝光时间 -> 9450 us
[2026-10-07 10:49:29.096] [info] [thread 97549] [daheng_demo.cpp AddExposureTime:203] 曝光时间 -> 9475 us
[2026-10-07 10:49:29.131] [info] [thread 97549] [daheng_demo.cpp AddExposureTime:203] 曝光时间 -> 9500 us
[2026-10-07 10:49:29.166] [info] [thread 97549] [daheng_demo.cpp AddExposureTime:203] 曝光时间 -> 9525 us
[2026-10-07 10:49:29.204] [info] [thread 97549] [daheng_demo.cpp AddExposureTime:203] 曝光时间 -> 9550 us
[2026-10-07 10:49:29.238] [info] [thread 97549] [daheng_demo.cpp AddExposureTime:203] 曝光时间 -> 9575 us
[2026-10-07 10:49:29.272] [info] [thread 97549] [daheng_demo.cpp AddExposureTime:203] 曝光时间 -> 9600 us
[2026-10-07 10:49:29.305] [info] [thread 97549] [daheng_demo.cpp AddExposureTime:203] 曝光时间 -> 9625 us
[2026-10-07 10:49:29.341] [info] [thread 97549] [daheng_demo.cpp AddExposureTime:203] 曝光时间 -> 9650 us
[2026-10-07 10:49:29.377] [info] [thread 97549] [daheng_demo.cpp AddExposureTime:203] 曝光时间 -> 9675 us
[2026-10-07 10:49:29.411] [info] [thread 97549] [daheng_demo.cpp AddExposureTime:203] 曝光时间 -> 9700 us
[2026-10-07 10:49:29.445] [info] [thread 97549] [daheng_demo.cpp AddExposureTime:203] 曝光时间 -> 9725 us
[2026-10-07 10:49:29.481] [info] [thread 97549] [daheng_demo.cpp AddExposureTime:203] 曝光时间 -> 9750 us
[2026-10-07 10:49:29.515] [info] [thread 97549] [daheng_demo.cpp AddExposureTime:203] 曝光时间 -> 9775 us
[2026-10-07 10:49:29.550] [info] [thread 97549] [daheng_demo.cpp AddExposureTime:203] 曝光时间 -> 9800 us
[2026-10-07 10:49:29.582] [info] [thread 97549] [daheng_demo.cpp AddExposureTime:203] 曝光时间 -> 9825 us
[2026-10-07 10:49:29.619] [info] [thread 97549] [daheng_demo.cpp AddExposureTime:203] 曝光时间 -> 9850 us
[2026-10-07 10:49:29.655] [info] [thread 97549] [daheng_demo.cpp AddExposureTime:203] 曝光时间 -> 9875 us
[2026-10-07 10:49:29.690] [info] [thread 97549] [daheng_demo.cpp AddExposureTime:203] 曝光时间 -> 9900 us
[2026-10-07 10:49:29.724] [info] [thread 97549] [daheng_demo.cpp AddExposureTime:203] 曝光时间 -> 9925 us
[2026-10-07 10:49:29.761] [info] [thread 97549] [daheng_demo.cpp AddExposureTime:203] 曝光时间 -> 9950 us
[2026-10-07 10:49:29.796] [info] [thread 97549] [daheng_demo.cpp AddExposureTime:203] 曝光时间 -> 9975 us
[2026-10-07 10:49:29.830] [info] [thread 97549] [daheng_demo.cpp AddExposureTime:203] 曝光时间 -> 10000 us
[2026-10-07 10:49:29.866] [info] [thread 97549] [daheng_demo.cpp AddExposureTime:203] 曝光时间 -> 10000 us
[2026-10-07 10:49:29.901] [info] [thread 97549] [daheng_demo.cpp AddExposureTime:203] 曝光时间 -> 10000 us
[2026-10-07 10:49:29.938] [info] [thread 97549] [daheng_demo.cpp AddExposureTime:203] 曝光时间 -> 10000 us
[2026-10-07 10:49:29.974] [info] [thread 97549] [daheng_demo.cpp AddExposureTime:203] 曝光时间 -> 10000 us
[2026-10-07 10:49:30.009] [info] [thread 97549] [daheng_demo.cpp AddExposureTime:203] 曝光时间 -> 10000 us
[2026-10-07 10:49:30.042] [info] [thread 97549] [daheng_demo.cpp AddExposureTime:203] 曝光时间 -> 10000 us
[2026-10-07 10:49:30.075] [info] [thread 97549] [daheng_demo.cpp AddExposureTime:203] 曝光时间 -> 10000 us
[2026-10-07 10:49:30.110] [info] [thread 97549] [daheng_demo.cpp AddExposureTime:203] 曝光时间 -> 10000 us
[2026-10-07 10:49:30.143] [info] [thread 97549] [daheng_demo.cpp AddExposureTime:203] 曝光时间 -> 10000 us
[2026-10-07 10:49:30.176] [info] [thread 97549] [daheng_demo.cpp AddExposureTime:203] 曝光时间 -> 10000 us
[2026-10-07 10:49:30.210] [info] [thread 97549] [daheng_demo.cpp AddExposureTime:203] 曝光时间 -> 10000 us
[2026-10-07 10:49:30.245] [info] [thread 97549] [daheng_demo.cpp AddExposureTime:203] 曝光时间 -> 10000 us
[2026-10-07 10:49:30.281] [info] [thread 97549] [daheng_demo.cpp AddExposureTime:203] 曝光时间 -> 10000 us
[2026-10-07 10:49:30.316] [info] [thread 97549] [daheng_demo.cpp AddExposureTime:203] 曝光时间 -> 10000 us
[2026-10-07 10:49:30.352] [info] [thread 97549] [daheng_demo.cpp AddExposureTime:203] 曝光时间 -> 10000 us
[2026-10-07 10:49:30.386] [info] [thread 97549] [daheng_demo.cpp AddExposureTime:203] 曝光时间 -> 10000 us
[2026-10-07 10:49:30.421] [info] [thread 97549] [daheng_demo.cpp AddExposureTime:203] 曝光时间 -> 10000 us
[2026-10-07 10:49:30.455] [info] [thread 97549] [daheng_demo.cpp AddExposureTime:203] 曝光时间 -> 10000 us
[2026-10-07 10:49:30.490] [info] [thread 97549] [daheng_demo.cpp AddExposureTime:203] 曝光时间 -> 10000 us
[2026-10-07 10:49:30.524] [info] [thread 97549] [daheng_demo.cpp AddExposureTime:203] 曝光时间 -> 10000 us
[2026-10-07 10:49:30.558] [info] [thread 97549] [daheng_demo.cpp AddExposureTime:203] 曝光时间 -> 10000 us
[2026-10-07 10:49:30.592] [info] [thread 97549] [daheng_demo.cpp AddExposureTime:203] 曝光时间 -> 10000 us
[2026-10-07 10:49:30.625] [info] [thread 97549] [daheng_demo.cpp AddExposureTime:203] 曝光时间 -> 10000 us
[2026-10-07 10:49:30.659] [info] [thread 97549] [daheng_demo.cpp AddExposureTime:203] 曝光时间 -> 10000 us
[2026-10-07 10:49:31.414] [info] [thread 97549] [daheng_demo.cpp AddGain:227] 增益 -> 0 dB
[2026-10-07 10:49:31.889] [info] [thread 97549] [daheng_demo.cpp AddGain:227] 增益 -> 0 dB
[2026-10-07 10:49:31.925] [info] [thread 97549] [daheng_demo.cpp AddGain:227] 增益 -> 0 dB
[2026-10-07 10:49:31.962] [info] [thread 97549] [daheng_demo.cpp AddGain:227] 增益 -> 0 dB
[2026-10-07 10:49:31.996] [info] [thread 97549] [daheng_demo.cpp AddGain:227] 增益 -> 0 dB
[2026-10-07 10:49:32.032] [info] [thread 97549] [daheng_demo.cpp AddGain:227] 增益 -> 0 dB
[2026-10-07 10:49:32.069] [info] [thread 97549] [daheng_demo.cpp AddGain:227] 增益 -> 0 dB
[2026-10-07 10:49:32.106] [info] [thread 97549] [daheng_demo.cpp AddGain:227] 增益 -> 0 dB
[2026-10-07 10:49:32.140] [info] [thread 97549] [daheng_demo.cpp AddGain:227] 增益 -> 0 dB
[2026-10-07 10:49:32.174] [info] [thread 97549] [daheng_demo.cpp AddGain:227] 增益 -> 0 dB
[2026-10-07 10:49:32.210] [info] [thread 97549] [daheng_demo.cpp AddGain:227] 增益 -> 0 dB
[2026-10-07 10:49:32.248] [info] [thread 97549] [daheng_demo.cpp AddGain:227] 增益 -> 0 dB
[2026-10-07 10:49:32.286] [info] [thread 97549] [daheng_demo.cpp AddGain:227] 增益 -> 0 dB
[2026-10-07 10:49:32.324] [info] [thread 97549] [daheng_demo.cpp AddGain:227] 增益 -> 0 dB
[2026-10-07 10:49:32.362] [info] [thread 97549] [daheng_demo.cpp AddGain:227] 增益 -> 0 dB
[2026-10-07 10:49:32.407] [info] [thread 97549] [daheng_demo.cpp AddGain:227] 增益 -> 0 dB
[2026-10-07 10:49:32.444] [info] [thread 97549] [daheng_demo.cpp AddGain:227] 增益 -> 0 dB
[2026-10-07 10:49:32.481] [info] [thread 97549] [daheng_demo.cpp AddGain:227] 增益 -> 0 dB
[2026-10-07 10:49:32.517] [info] [thread 97549] [daheng_demo.cpp AddGain:227] 增益 -> 0 dB
[2026-10-07 10:49:32.552] [info] [thread 97549] [daheng_demo.cpp AddGain:227] 增益 -> 0 dB
[2026-10-07 10:49:32.586] [info] [thread 97549] [daheng_demo.cpp AddGain:227] 增益 -> 0 dB
[2026-10-07 10:49:32.621] [info] [thread 97549] [daheng_demo.cpp AddGain:227] 增益 -> 0 dB
[2026-10-07 10:49:32.657] [info] [thread 97549] [daheng_demo.cpp AddGain:227] 增益 -> 0 dB
[2026-10-07 10:49:32.695] [info] [thread 97549] [daheng_demo.cpp AddGain:227] 增益 -> 0 dB
[2026-10-07 10:49:32.732] [info] [thread 97549] [daheng_demo.cpp AddGain:227] 增益 -> 0 dB
[2026-10-07 10:49:32.767] [info] [thread 97549] [daheng_demo.cpp AddGain:227] 增益 -> 0 dB
[2026-10-07 10:49:32.802] [info] [thread 97549] [daheng_demo.cpp AddGain:227] 增益 -> 0 dB
[2026-10-07 10:49:32.839] [info] [thread 97549] [daheng_demo.cpp AddGain:227] 增益 -> 0 dB
[2026-10-07 10:49:32.876] [info] [thread 97549] [daheng_demo.cpp AddGain:227] 增益 -> 0 dB
[2026-10-07 10:49:32.911] [info] [thread 97549] [daheng_demo.cpp AddGain:227] 增益 -> 0 dB
[2026-10-07 10:49:32.947] [info] [thread 97549] [daheng_demo.cpp AddGain:227] 增益 -> 0 dB
[2026-10-07 10:49:32.981] [info] [thread 97549] [daheng_demo.cpp AddGain:227] 增益 -> 0 dB
[2026-10-07 10:49:33.019] [info] [thread 97549] [daheng_demo.cpp AddGain:227] 增益 -> 0 dB
[2026-10-07 10:49:36.771] [info] [thread 97549] [daheng_demo.cpp AddGain:227] 增益 -> 0 dB
[2026-10-07 10:49:37.281] [info] [thread 97549] [daheng_demo.cpp AddGain:227] 增益 -> 0 dB
[2026-10-07 10:49:37.316] [info] [thread 97549] [daheng_demo.cpp AddGain:227] 增益 -> 0 dB
[2026-10-07 10:49:37.350] [info] [thread 97549] [daheng_demo.cpp AddGain:227] 增益 -> 0 dB
[2026-10-07 10:49:37.385] [info] [thread 97549] [daheng_demo.cpp AddGain:227] 增益 -> 0 dB
[2026-10-07 10:49:37.426] [info] [thread 97549] [daheng_demo.cpp AddGain:227] 增益 -> 0 dB
[2026-10-07 10:49:37.465] [info] [thread 97549] [daheng_demo.cpp AddGain:227] 增益 -> 0 dB
[2026-10-07 10:49:37.502] [info] [thread 97549] [daheng_demo.cpp AddGain:227] 增益 -> 0 dB
[2026-10-07 10:49:37.543] [info] [thread 97549] [daheng_demo.cpp AddGain:227] 增益 -> 0 dB
[2026-10-07 10:49:37.578] [info] [thread 97549] [daheng_demo.cpp AddGain:227] 增益 -> 0 dB
[2026-10-07 10:49:37.613] [info] [thread 97549] [daheng_demo.cpp AddGain:227] 增益 -> 0 dB
[2026-10-07 10:49:37.653] [info] [thread 97549] [daheng_demo.cpp AddGain:227] 增益 -> 0 dB
[2026-10-07 10:49:37.691] [info] [thread 97549] [daheng_demo.cpp AddGain:227] 增益 -> 0 dB
[2026-10-07 10:49:37.728] [info] [thread 97549] [daheng_demo.cpp AddGain:227] 增益 -> 0 dB
[2026-10-07 10:49:37.770] [info] [thread 97549] [daheng_demo.cpp AddGain:227] 增益 -> 0 dB
[2026-10-07 10:49:37.806] [info] [thread 97549] [daheng_demo.cpp AddGain:227] 增益 -> 0 dB
[2026-10-07 10:49:37.843] [info] [thread 97549] [daheng_demo.cpp AddGain:227] 增益 -> 0 dB
[2026-10-07 10:49:37.881] [info] [thread 97549] [daheng_demo.cpp AddGain:227] 增益 -> 0 dB
[2026-10-07 10:49:37.917] [info] [thread 97549] [daheng_demo.cpp AddGain:227] 增益 -> 0 dB
[2026-10-07 10:49:37.954] [info] [thread 97549] [daheng_demo.cpp AddGain:227] 增益 -> 0 dB
[2026-10-07 10:49:38.429] [info] [thread 97549] [daheng_demo.cpp AddGain:227] 增益 -> 0 dB
[2026-10-07 10:49:38.928] [info] [thread 97549] [daheng_demo.cpp AddGain:227] 增益 -> 0 dB
[2026-10-07 10:49:38.963] [info] [thread 97549] [daheng_demo.cpp AddGain:227] 增益 -> 0 dB
[2026-10-07 10:49:38.999] [info] [thread 97549] [daheng_demo.cpp AddGain:227] 增益 -> 0 dB
[2026-10-07 10:49:39.034] [info] [thread 97549] [daheng_demo.cpp AddGain:227] 增益 -> 0 dB
[2026-10-07 10:49:39.069] [info] [thread 97549] [daheng_demo.cpp AddGain:227] 增益 -> 0 dB
[2026-10-07 10:49:39.103] [info] [thread 97549] [daheng_demo.cpp AddGain:227] 增益 -> 0 dB
[2026-10-07 10:49:39.139] [info] [thread 97549] [daheng_demo.cpp AddGain:227] 增益 -> 0 dB
[2026-10-07 10:49:39.174] [info] [thread 97549] [daheng_demo.cpp AddGain:227] 增益 -> 0 dB
[2026-10-07 10:49:39.211] [info] [thread 97549] [daheng_demo.cpp AddGain:227] 增益 -> 0 dB
[2026-10-07 10:49:39.250] [info] [thread 97549] [daheng_demo.cpp AddGain:227] 增益 -> 0 dB
[2026-10-07 10:49:39.284] [info] [thread 97549] [daheng_demo.cpp AddGain:227] 增益 -> 0 dB
[2026-10-07 10:49:39.322] [info] [thread 97549] [daheng_demo.cpp AddGain:227] 增益 -> 0 dB
[2026-10-07 10:49:39.356] [info] [thread 97549] [daheng_demo.cpp AddGain:227] 增益 -> 0 dB
[2026-10-07 10:49:39.392] [info] [thread 97549] [daheng_demo.cpp AddGain:227] 增益 -> 0 dB
[2026-10-07 10:49:39.429] [info] [thread 97549] [daheng_demo.cpp AddGain:227] 增益 -> 0 dB
[2026-10-07 10:49:42.526] [info] [thread 97549] [daheng_demo.cpp AddGain:227] 增益 -> 0 dB
[2026-10-07 10:49:43.012] [info] [thread 97549] [daheng_demo.cpp AddGain:227] 增益 -> 0 dB
[2026-10-07 10:49:43.049] [info] [thread 97549] [daheng_demo.cpp AddGain:227] 增益 -> 0 dB
[2026-10-07 10:49:43.087] [info] [thread 97549] [daheng_demo.cpp AddGain:227] 增益 -> 0 dB
[2026-10-07 10:49:43.125] [info] [thread 97549] [daheng_demo.cpp AddGain:227] 增益 -> 0 dB
[2026-10-07 10:49:43.161] [info] [thread 97549] [daheng_demo.cpp AddGain:227] 增益 -> 0 dB
[2026-10-07 10:49:43.197] [info] [thread 97549] [daheng_demo.cpp AddGain:227] 增益 -> 0 dB
[2026-10-07 10:49:43.232] [info] [thread 97549] [daheng_demo.cpp AddGain:227] 增益 -> 0 dB
[2026-10-07 10:49:43.270] [info] [thread 97549] [daheng_demo.cpp AddGain:227] 增益 -> 0 dB
[2026-10-07 10:49:43.306] [info] [thread 97549] [daheng_demo.cpp AddGain:227] 增益 -> 0 dB
[2026-10-07 10:49:43.344] [info] [thread 97549] [daheng_demo.cpp AddGain:227] 增益 -> 0 dB
[2026-10-07 10:49:43.380] [info] [thread 97549] [daheng_demo.cpp AddGain:227] 增益 -> 0 dB
[2026-10-07 10:49:43.417] [info] [thread 97549] [daheng_demo.cpp AddGain:227] 增益 -> 0 dB
[2026-10-07 10:49:43.453] [info] [thread 97549] [daheng_demo.cpp AddGain:227] 增益 -> 0 dB
[2026-10-07 10:49:43.491] [info] [thread 97549] [daheng_demo.cpp AddGain:227] 增益 -> 0 dB
[2026-10-07 10:49:43.527] [info] [thread 97549] [daheng_demo.cpp AddGain:227] 增益 -> 0 dB
[2026-10-07 10:49:43.561] [info] [thread 97549] [daheng_demo.cpp AddGain:227] 增益 -> 0 dB
[2026-10-07 10:49:43.598] [info] [thread 97549] [daheng_demo.cpp AddGain:227] 增益 -> 0 dB
[2026-10-07 10:49:43.633] [info] [thread 97549] [daheng_demo.cpp AddGain:227] 增益 -> 0 dB
[2026-10-07 10:49:43.670] [info] [thread 97549] [daheng_demo.cpp AddGain:227] 增益 -> 0 dB
[2026-10-07 10:49:43.708] [info] [thread 97549] [daheng_demo.cpp AddGain:227] 增益 -> 0 dB
[2026-10-07 10:49:43.744] [info] [thread 97549] [daheng_demo.cpp AddGain:227] 增益 -> 0 dB
[2026-10-07 10:49:43.782] [info] [thread 97549] [daheng_demo.cpp AddGain:227] 增益 -> 0 dB
[2026-10-07 10:49:43.820] [info] [thread 97549] [daheng_demo.cpp AddGain:227] 增益 -> 0 dB
[2026-10-07 10:49:43.858] [info] [thread 97549] [daheng_demo.cpp AddGain:227] 增益 -> 0 dB
[2026-10-07 10:49:43.894] [info] [thread 97549] [daheng_demo.cpp AddGain:227] 增益 -> 0 dB
[2026-10-07 10:49:43.929] [info] [thread 97549] [daheng_demo.cpp AddGain:227] 增益 -> 0 dB
[2026-10-07 10:49:43.967] [info] [thread 97549] [daheng_demo.cpp AddGain:227] 增益 -> 0 dB
[2026-10-07 10:49:44.006] [info] [thread 97549] [daheng_demo.cpp AddGain:227] 增益 -> 0 dB
[2026-10-07 10:49:44.044] [info] [thread 97549] [daheng_demo.cpp AddGain:227] 增益 -> 0 dB
[2026-10-07 10:49:44.081] [info] [thread 97549] [daheng_demo.cpp AddGain:227] 增益 -> 0 dB
[2026-10-07 10:49:44.117] [info] [thread 97549] [daheng_demo.cpp AddGain:227] 增益 -> 0 dB
[2026-10-07 10:49:44.154] [info] [thread 97549] [daheng_demo.cpp AddGain:227] 增益 -> 0 dB
[2026-10-07 10:49:44.190] [info] [thread 97549] [daheng_demo.cpp AddGain:227] 增益 -> 0 dB
[2026-10-07 10:49:44.229] [info] [thread 97549] [daheng_demo.cpp AddGain:227] 增益 -> 0 dB
[2026-10-07 10:49:44.267] [info] [thread 97549] [daheng_demo.cpp AddGain:227] 增益 -> 0 dB
[2026-10-07 10:49:44.306] [info] [thread 97549] [daheng_demo.cpp AddGain:227] 增益 -> 0 dB
[2026-10-07 10:49:44.342] [info] [thread 97549] [daheng_demo.cpp AddGain:227] 增益 -> 0 dB
[2026-10-07 10:49:44.380] [info] [thread 97549] [daheng_demo.cpp AddGain:227] 增益 -> 0 dB
[2026-10-07 10:49:44.415] [info] [thread 97549] [daheng_demo.cpp AddGain:227] 增益 -> 0 dB
[2026-10-07 10:49:44.453] [info] [thread 97549] [daheng_demo.cpp AddGain:227] 增益 -> 0 dB
[2026-10-07 10:49:44.493] [info] [thread 97549] [daheng_demo.cpp AddGain:227] 增益 -> 0 dB
[2026-10-07 10:49:44.531] [info] [thread 97549] [daheng_demo.cpp AddGain:227] 增益 -> 0 dB
[2026-10-07 10:50:10.662] [info] [thread 97549] [daheng_demo.cpp AddGain:227] 增益 -> 0 dB
[2026-10-07 10:50:11.155] [info] [thread 97549] [daheng_demo.cpp AddGain:227] 增益 -> 0 dB
[2026-10-07 10:50:11.190] [info] [thread 97549] [daheng_demo.cpp AddGain:227] 增益 -> 0 dB
[2026-10-07 10:50:11.231] [info] [thread 97549] [daheng_demo.cpp AddGain:227] 增益 -> 0 dB
[2026-10-07 10:50:11.267] [info] [thread 97549] [daheng_demo.cpp AddGain:227] 增益 -> 0 dB
[2026-10-07 10:50:11.312] [info] [thread 97549] [daheng_demo.cpp AddGain:227] 增益 -> 0 dB
[2026-10-07 10:50:11.352] [info] [thread 97549] [daheng_demo.cpp AddGain:227] 增益 -> 0 dB
[2026-10-07 10:50:11.388] [info] [thread 97549] [daheng_demo.cpp AddGain:227] 增益 -> 0 dB
[2026-10-07 10:50:11.428] [info] [thread 97549] [daheng_demo.cpp AddGain:227] 增益 -> 0 dB
[2026-10-07 10:50:11.463] [info] [thread 97549] [daheng_demo.cpp AddGain:227] 增益 -> 0 dB
[2026-10-07 10:50:11.501] [info] [thread 97549] [daheng_demo.cpp AddGain:227] 增益 -> 0 dB
[2026-10-07 10:50:11.538] [info] [thread 97549] [daheng_demo.cpp AddGain:227] 增益 -> 0 dB
[2026-10-07 10:50:11.576] [info] [thread 97549] [daheng_demo.cpp AddGain:227] 增益 -> 0 dB
[2026-10-07 10:50:11.612] [info] [thread 97549] [daheng_demo.cpp AddGain:227] 增益 -> 0 dB
[2026-10-07 10:50:11.649] [info] [thread 97549] [daheng_demo.cpp AddGain:227] 增益 -> 0 dB
[2026-10-07 10:50:11.684] [info] [thread 97549] [daheng_demo.cpp AddGain:227] 增益 -> 0 dB
[2026-10-07 10:50:11.720] [info] [thread 97549] [daheng_demo.cpp AddGain:227] 增益 -> 0 dB
[2026-10-07 10:50:11.758] [info] [thread 97549] [daheng_demo.cpp AddGain:227] 增益 -> 0 dB
[2026-10-07 10:50:11.793] [info] [thread 97549] [daheng_demo.cpp AddGain:227] 增益 -> 0 dB
[2026-10-07 10:50:11.831] [info] [thread 97549] [daheng_demo.cpp AddGain:227] 增益 -> 0 dB
[2026-10-07 10:50:11.865] [info] [thread 97549] [daheng_demo.cpp AddGain:227] 增益 -> 0 dB
[2026-10-07 10:50:12.401] [info] [thread 97549] [daheng_demo.cpp AddGain:227] 增益 -> 0 dB
[2026-10-07 10:50:12.897] [info] [thread 97549] [daheng_demo.cpp AddGain:227] 增益 -> 0 dB
[2026-10-07 10:50:12.933] [info] [thread 97549] [daheng_demo.cpp AddGain:227] 增益 -> 0 dB
[2026-10-07 10:50:12.967] [info] [thread 97549] [daheng_demo.cpp AddGain:227] 增益 -> 0 dB
[2026-10-07 10:50:13.004] [info] [thread 97549] [daheng_demo.cpp AddGain:227] 增益 -> 0 dB
[2026-10-07 10:50:13.040] [info] [thread 97549] [daheng_demo.cpp AddGain:227] 增益 -> 0 dB
[2026-10-07 10:50:13.078] [info] [thread 97549] [daheng_demo.cpp AddGain:227] 增益 -> 0 dB
[2026-10-07 10:50:13.119] [info] [thread 97549] [daheng_demo.cpp AddGain:227] 增益 -> 0 dB
[2026-10-07 10:50:13.156] [info] [thread 97549] [daheng_demo.cpp AddGain:227] 增益 -> 0 dB
[2026-10-07 10:50:13.193] [info] [thread 97549] [daheng_demo.cpp AddGain:227] 增益 -> 0 dB
[2026-10-07 10:50:13.230] [info] [thread 97549] [daheng_demo.cpp AddGain:227] 增益 -> 0 dB
[2026-10-07 10:50:13.267] [info] [thread 97549] [daheng_demo.cpp AddGain:227] 增益 -> 0 dB
[2026-10-07 10:50:13.301] [info] [thread 97549] [daheng_demo.cpp AddGain:227] 增益 -> 0 dB
[2026-10-07 10:50:13.339] [info] [thread 97549] [daheng_demo.cpp AddGain:227] 增益 -> 0 dB
[2026-10-07 10:50:13.375] [info] [thread 97549] [daheng_demo.cpp AddGain:227] 增益 -> 0 dB
[2026-10-07 10:50:13.410] [info] [thread 97549] [daheng_demo.cpp AddGain:227] 增益 -> 0 dB
[2026-10-07 10:50:13.448] [info] [thread 97549] [daheng_demo.cpp AddGain:227] 增益 -> 0 dB
[2026-10-07 10:50:13.486] [info] [thread 97549] [daheng_demo.cpp AddGain:227] 增益 -> 0 dB
[2026-10-07 10:50:13.526] [info] [thread 97549] [daheng_demo.cpp AddGain:227] 增益 -> 0 dB
[2026-10-07 10:50:13.561] [info] [thread 97549] [daheng_demo.cpp AddGain:227] 增益 -> 0 dB
[2026-10-07 10:50:13.596] [info] [thread 97549] [daheng_demo.cpp AddGain:227] 增益 -> 0 dB
[2026-10-07 10:50:13.633] [info] [thread 97549] [daheng_demo.cpp AddGain:227] 增益 -> 0 dB
[2026-10-07 10:50:13.669] [info] [thread 97549] [daheng_demo.cpp AddGain:227] 增益 -> 0 dB
[2026-10-07 10:50:13.706] [info] [thread 97549] [daheng_demo.cpp AddGain:227] 增益 -> 0 dB
[2026-10-07 10:50:13.743] [info] [thread 97549] [daheng_demo.cpp AddGain:227] 增益 -> 0 dB
[2026-10-07 10:50:13.780] [info] [thread 97549] [daheng_demo.cpp AddGain:227] 增益 -> 0 dB
[2026-10-07 10:50:13.814] [info] [thread 97549] [daheng_demo.cpp AddGain:227] 增益 -> 0 dB
[2026-10-07 10:50:13.850] [info] [thread 97549] [daheng_demo.cpp AddGain:227] 增益 -> 0 dB
[2026-10-07 10:50:13.890] [info] [thread 97549] [daheng_demo.cpp AddGain:227] 增益 -> 0 dB
[2026-10-07 10:50:13.925] [info] [thread 97549] [daheng_demo.cpp AddGain:227] 增益 -> 0 dB
[2026-10-07 10:50:13.962] [info] [thread 97549] [daheng_demo.cpp AddGain:227] 增益 -> 0 dB
[2026-10-07 10:50:13.997] [info] [thread 97549] [daheng_demo.cpp AddGain:227] 增益 -> 0 dB
[2026-10-07 10:50:14.033] [info] [thread 97549] [daheng_demo.cpp AddGain:227] 增益 -> 0 dB
[2026-10-07 10:50:14.068] [info] [thread 97549] [daheng_demo.cpp AddGain:227] 增益 -> 0 dB
[2026-10-07 10:50:14.104] [info] [thread 97549] [daheng_demo.cpp AddGain:227] 增益 -> 0 dB
[2026-10-07 10:50:14.139] [info] [thread 97549] [daheng_demo.cpp AddGain:227] 增益 -> 0 dB
[2026-10-07 10:50:14.177] [info] [thread 97549] [daheng_demo.cpp AddGain:227] 增益 -> 0 dB
[2026-10-07 10:50:14.213] [info] [thread 97549] [daheng_demo.cpp AddGain:227] 增益 -> 0 dB
[2026-10-07 10:50:14.251] [info] [thread 97549] [daheng_demo.cpp AddGain:227] 增益 -> 0 dB
[2026-10-07 10:50:14.286] [info] [thread 97549] [daheng_demo.cpp AddGain:227] 增益 -> 0 dB
[2026-10-07 10:50:14.323] [info] [thread 97549] [daheng_demo.cpp AddGain:227] 增益 -> 0 dB
[2026-10-07 10:50:14.360] [info] [thread 97549] [daheng_demo.cpp AddGain:227] 增益 -> 0 dB
[2026-10-07 10:50:14.395] [info] [thread 97549] [daheng_demo.cpp AddGain:227] 增益 -> 0 dB
[2026-10-07 10:50:14.432] [info] [thread 97549] [daheng_demo.cpp AddGain:227] 增益 -> 0 dB
[2026-10-07 10:50:14.467] [info] [thread 97549] [daheng_demo.cpp AddGain:227] 增益 -> 0 dB
[2026-10-07 10:50:14.503] [info] [thread 97549] [daheng_demo.cpp AddGain:227] 增益 -> 0 dB
[2026-10-07 10:50:14.537] [info] [thread 97549] [daheng_demo.cpp AddGain:227] 增益 -> 0 dB
[2026-10-07 10:50:14.574] [info] [thread 97549] [daheng_demo.cpp AddGain:227] 增益 -> 0 dB
[2026-10-07 10:50:14.612] [info] [thread 97549] [daheng_demo.cpp AddGain:227] 增益 -> 0 dB
[2026-10-07 10:50:14.649] [info] [thread 97549] [daheng_demo.cpp AddGain:227] 增益 -> 0 dB
[2026-10-07 10:50:14.684] [info] [thread 97549] [daheng_demo.cpp AddGain:227] 增益 -> 0 dB
[2026-10-07 10:50:14.721] [info] [thread 97549] [daheng_demo.cpp AddGain:227] 增益 -> 0 dB
[2026-10-07 10:50:14.758] [info] [thread 97549] [daheng_demo.cpp AddGain:227] 增益 -> 0 dB
[2026-10-07 10:50:14.794] [info] [thread 97549] [daheng_demo.cpp AddGain:227] 增益 -> 0 dB
[2026-10-07 10:50:14.830] [info] [thread 97549] [daheng_demo.cpp AddGain:227] 增益 -> 0 dB
[2026-10-07 10:50:14.864] [info] [thread 97549] [daheng_demo.cpp AddGain:227] 增益 -> 0 dB
[2026-10-07 10:50:14.900] [info] [thread 97549] [daheng_demo.cpp AddGain:227] 增益 -> 0 dB
[2026-10-07 10:50:14.937] [info] [thread 97549] [daheng_demo.cpp AddGain:227] 增益 -> 0 dB
[2026-10-07 10:50:14.973] [info] [thread 97549] [daheng_demo.cpp AddGain:227] 增益 -> 0 dB
[2026-10-07 10:50:15.009] [info] [thread 97549] [daheng_demo.cpp AddGain:227] 增益 -> 0 dB
[2026-10-07 10:50:15.047] [info] [thread 97549] [daheng_demo.cpp AddGain:227] 增益 -> 0 dB
[2026-10-07 10:50:15.082] [info] [thread 97549] [daheng_demo.cpp AddGain:227] 增益 -> 0 dB
[2026-10-07 10:50:15.117] [info] [thread 97549] [daheng_demo.cpp AddGain:227] 增益 -> 0 dB
[2026-10-07 10:50:15.153] [info] [thread 97549] [daheng_demo.cpp AddGain:227] 增益 -> 0 dB
[2026-10-07 10:50:15.188] [info] [thread 97549] [daheng_demo.cpp AddGain:227] 增益 -> 0 dB
[2026-10-07 10:50:15.224] [info] [thread 97549] [daheng_demo.cpp AddGain:227] 增益 -> 0 dB
[2026-10-07 10:50:15.261] [info] [thread 97549] [daheng_demo.cpp AddGain:227] 增益 -> 0 dB
[2026-10-07 10:50:15.297] [info] [thread 97549] [daheng_demo.cpp AddGain:227] 增益 -> 0 dB
[2026-10-07 10:50:15.333] [info] [thread 97549] [daheng_demo.cpp AddGain:227] 增益 -> 0 dB
[2026-10-07 10:50:15.370] [info] [thread 97549] [daheng_demo.cpp AddGain:227] 增益 -> 0 dB
[2026-10-07 10:50:15.405] [info] [thread 97549] [daheng_demo.cpp AddGain:227] 增益 -> 0 dB
[2026-10-07 10:50:15.440] [info] [thread 97549] [daheng_demo.cpp AddGain:227] 增益 -> 0 dB
[2026-10-07 10:50:15.476] [info] [thread 97549] [daheng_demo.cpp AddGain:227] 增益 -> 0 dB
[2026-10-07 10:50:17.903] [info] [thread 97549] [daheng_demo.cpp AddGain:227] 增益 -> 0 dB
[2026-10-07 10:50:18.420] [info] [thread 97549] [daheng_demo.cpp AddGain:227] 增益 -> 0 dB
[2026-10-07 10:50:18.456] [info] [thread 97549] [daheng_demo.cpp AddGain:227] 增益 -> 0 dB
[2026-10-07 10:50:18.493] [info] [thread 97549] [daheng_demo.cpp AddGain:227] 增益 -> 0 dB
[2026-10-07 10:50:18.530] [info] [thread 97549] [daheng_demo.cpp AddGain:227] 增益 -> 0 dB
[2026-10-07 10:50:18.569] [info] [thread 97549] [daheng_demo.cpp AddGain:227] 增益 -> 0 dB
[2026-10-07 10:50:18.603] [info] [thread 97549] [daheng_demo.cpp AddGain:227] 增益 -> 0 dB
[2026-10-07 10:50:18.639] [info] [thread 97549] [daheng_demo.cpp AddGain:227] 增益 -> 0 dB
[2026-10-07 10:50:18.679] [info] [thread 97549] [daheng_demo.cpp AddGain:227] 增益 -> 0 dB
[2026-10-07 10:50:18.720] [info] [thread 97549] [daheng_demo.cpp AddGain:227] 增益 -> 0 dB
[2026-10-07 10:50:18.759] [info] [thread 97549] [daheng_demo.cpp AddGain:227] 增益 -> 0 dB
[2026-10-07 10:50:18.796] [info] [thread 97549] [daheng_demo.cpp AddGain:227] 增益 -> 0 dB
[2026-10-07 10:50:18.832] [info] [thread 97549] [daheng_demo.cpp AddGain:227] 增益 -> 0 dB
[2026-10-07 10:50:18.871] [info] [thread 97549] [daheng_demo.cpp AddGain:227] 增益 -> 0 dB
[2026-10-07 10:50:18.907] [info] [thread 97549] [daheng_demo.cpp AddGain:227] 增益 -> 0 dB
[2026-10-07 10:50:18.946] [info] [thread 97549] [daheng_demo.cpp AddGain:227] 增益 -> 0 dB
[2026-10-07 10:50:18.983] [info] [thread 97549] [daheng_demo.cpp AddGain:227] 增益 -> 0 dB
[2026-10-07 10:50:19.023] [info] [thread 97549] [daheng_demo.cpp AddGain:227] 增益 -> 0 dB
[2026-10-07 10:50:19.059] [info] [thread 97549] [daheng_demo.cpp AddGain:227] 增益 -> 0 dB
[2026-10-07 10:50:19.097] [info] [thread 97549] [daheng_demo.cpp AddGain:227] 增益 -> 0 dB
[2026-10-07 10:50:19.135] [info] [thread 97549] [daheng_demo.cpp AddGain:227] 增益 -> 0 dB
[2026-10-07 10:50:19.172] [info] [thread 97549] [daheng_demo.cpp AddGain:227] 增益 -> 0 dB
[2026-10-07 10:50:19.208] [info] [thread 97549] [daheng_demo.cpp AddGain:227] 增益 -> 0 dB
[2026-10-07 10:50:19.245] [info] [thread 97549] [daheng_demo.cpp AddGain:227] 增益 -> 0 dB
[2026-10-07 10:50:19.280] [info] [thread 97549] [daheng_demo.cpp AddGain:227] 增益 -> 0 dB
[2026-10-07 10:50:19.319] [info] [thread 97549] [daheng_demo.cpp AddGain:227] 增益 -> 0 dB
[2026-10-07 10:50:19.695] [info] [thread 97549] [daheng_demo.cpp AddGain:227] 增益 -> 0 dB
[2026-10-07 10:50:20.197] [info] [thread 97549] [daheng_demo.cpp AddGain:227] 增益 -> 0 dB
[2026-10-07 10:50:20.233] [info] [thread 97549] [daheng_demo.cpp AddGain:227] 增益 -> 0 dB
[2026-10-07 10:50:20.270] [info] [thread 97549] [daheng_demo.cpp AddGain:227] 增益 -> 0 dB
[2026-10-07 10:50:20.308] [info] [thread 97549] [daheng_demo.cpp AddGain:227] 增益 -> 0 dB
[2026-10-07 10:50:20.346] [info] [thread 97549] [daheng_demo.cpp AddGain:227] 增益 -> 0 dB
[2026-10-07 10:50:20.384] [info] [thread 97549] [daheng_demo.cpp AddGain:227] 增益 -> 0 dB
[2026-10-07 10:50:20.420] [info] [thread 97549] [daheng_demo.cpp AddGain:227] 增益 -> 0 dB
[2026-10-07 10:50:20.460] [info] [thread 97549] [daheng_demo.cpp AddGain:227] 增益 -> 0 dB
[2026-10-07 10:50:20.497] [info] [thread 97549] [daheng_demo.cpp AddGain:227] 增益 -> 0 dB
[2026-10-07 10:50:20.533] [info] [thread 97549] [daheng_demo.cpp AddGain:227] 增益 -> 0 dB
[2026-10-07 10:50:20.572] [info] [thread 97549] [daheng_demo.cpp AddGain:227] 增益 -> 0 dB
[2026-10-07 10:50:20.608] [info] [thread 97549] [daheng_demo.cpp AddGain:227] 增益 -> 0 dB
[2026-10-07 10:50:20.643] [info] [thread 97549] [daheng_demo.cpp AddGain:227] 增益 -> 0 dB
[2026-10-07 10:50:20.680] [info] [thread 97549] [daheng_demo.cpp AddGain:227] 增益 -> 0 dB
[2026-10-07 10:50:20.723] [info] [thread 97549] [daheng_demo.cpp AddGain:227] 增益 -> 0 dB
[2026-10-07 10:50:20.759] [info] [thread 97549] [daheng_demo.cpp AddGain:227] 增益 -> 0 dB
[2026-10-07 10:50:20.795] [info] [thread 97549] [daheng_demo.cpp AddGain:227] 增益 -> 0 dB
[2026-10-07 10:50:20.832] [info] [thread 97549] [daheng_demo.cpp AddGain:227] 增益 -> 0 dB
[2026-10-07 10:50:20.868] [info] [thread 97549] [daheng_demo.cpp AddGain:227] 增益 -> 0 dB
[2026-10-07 10:50:20.904] [info] [thread 97549] [daheng_demo.cpp AddGain:227] 增益 -> 0 dB
[2026-10-07 10:50:20.941] [info] [thread 97549] [daheng_demo.cpp AddGain:227] 增益 -> 0 dB
[2026-10-07 10:50:20.976] [info] [thread 97549] [daheng_demo.cpp AddGain:227] 增益 -> 0 dB
[2026-10-07 10:50:21.013] [info] [thread 97549] [daheng_demo.cpp AddGain:227] 增益 -> 0 dB
[2026-10-07 10:50:21.048] [info] [thread 97549] [daheng_demo.cpp AddGain:227] 增益 -> 0 dB
[2026-10-07 10:50:21.085] [info] [thread 97549] [daheng_demo.cpp AddGain:227] 增益 -> 0 dB
[2026-10-07 10:50:21.120] [info] [thread 97549] [daheng_demo.cpp AddGain:227] 增益 -> 0 dB
[2026-10-07 10:50:21.159] [info] [thread 97549] [daheng_demo.cpp AddGain:227] 增益 -> 0 dB
[2026-10-07 10:50:21.194] [info] [thread 97549] [daheng_demo.cpp AddGain:227] 增益 -> 0 dB
[2026-10-07 10:50:21.230] [info] [thread 97549] [daheng_demo.cpp AddGain:227] 增益 -> 0 dB
[2026-10-07 10:50:21.264] [info] [thread 97549] [daheng_demo.cpp AddGain:227] 增益 -> 0 dB
[2026-10-07 10:50:21.300] [info] [thread 97549] [daheng_demo.cpp AddGain:227] 增益 -> 0 dB
[2026-10-07 10:50:21.338] [info] [thread 97549] [daheng_demo.cpp AddGain:227] 增益 -> 0 dB
[2026-10-07 10:50:21.377] [info] [thread 97549] [daheng_demo.cpp AddGain:227] 增益 -> 0 dB
[2026-10-07 10:50:21.413] [info] [thread 97549] [daheng_demo.cpp AddGain:227] 增益 -> 0 dB
[2026-10-07 10:50:21.449] [info] [thread 97549] [daheng_demo.cpp AddGain:227] 增益 -> 0 dB
[2026-10-07 10:50:21.485] [info] [thread 97549] [daheng_demo.cpp AddGain:227] 增益 -> 0 dB
[2026-10-07 10:50:21.523] [info] [thread 97549] [daheng_demo.cpp AddGain:227] 增益 -> 0 dB
[2026-10-07 10:50:21.559] [info] [thread 97549] [daheng_demo.cpp AddGain:227] 增益 -> 0 dB
[2026-10-07 10:50:21.594] [info] [thread 97549] [daheng_demo.cpp AddGain:227] 增益 -> 0 dB
[2026-10-07 10:50:21.632] [info] [thread 97549] [daheng_demo.cpp AddGain:227] 增益 -> 0 dB
[2026-10-07 10:50:21.669] [info] [thread 97549] [daheng_demo.cpp AddGain:227] 增益 -> 0 dB
[2026-10-07 10:50:21.707] [info] [thread 97549] [daheng_demo.cpp AddGain:227] 增益 -> 0 dB
[2026-10-07 10:50:21.745] [info] [thread 97549] [daheng_demo.cpp AddGain:227] 增益 -> 0 dB
[2026-10-07 10:50:21.783] [info] [thread 97549] [daheng_demo.cpp AddGain:227] 增益 -> 0 dB
[2026-10-07 10:50:23.211] [info] [thread 97549] [daheng_demo.cpp AddGain:227] 增益 -> 0.1 dB
[2026-10-07 10:50:23.715] [info] [thread 97549] [daheng_demo.cpp AddGain:227] 增益 -> 0.2 dB
[2026-10-07 10:50:23.751] [info] [thread 97549] [daheng_demo.cpp AddGain:227] 增益 -> 0.30000000000000004 dB
[2026-10-07 10:50:23.786] [info] [thread 97549] [daheng_demo.cpp AddGain:227] 增益 -> 0.4 dB
[2026-10-07 10:50:23.823] [info] [thread 97549] [daheng_demo.cpp AddGain:227] 增益 -> 0.5 dB
[2026-10-07 10:50:23.858] [info] [thread 97549] [daheng_demo.cpp AddGain:227] 增益 -> 0.6 dB
[2026-10-07 10:50:23.895] [info] [thread 97549] [daheng_demo.cpp AddGain:227] 增益 -> 0.7 dB
[2026-10-07 10:50:23.930] [info] [thread 97549] [daheng_demo.cpp AddGain:227] 增益 -> 0.7999999999999999 dB
[2026-10-07 10:50:23.969] [info] [thread 97549] [daheng_demo.cpp AddGain:227] 增益 -> 0.9 dB
[2026-10-07 10:50:24.008] [info] [thread 97549] [daheng_demo.cpp AddGain:227] 增益 -> 1 dB
[2026-10-07 10:50:24.045] [info] [thread 97549] [daheng_demo.cpp AddGain:227] 增益 -> 1.1 dB
[2026-10-07 10:50:24.082] [info] [thread 97549] [daheng_demo.cpp AddGain:227] 增益 -> 1.2000000000000002 dB
[2026-10-07 10:50:24.119] [info] [thread 97549] [daheng_demo.cpp AddGain:227] 增益 -> 1.3 dB
[2026-10-07 10:50:24.156] [info] [thread 97549] [daheng_demo.cpp AddGain:227] 增益 -> 1.4000000000000001 dB
[2026-10-07 10:50:24.196] [info] [thread 97549] [daheng_demo.cpp AddGain:227] 增益 -> 1.5 dB
[2026-10-07 10:50:24.233] [info] [thread 97549] [daheng_demo.cpp AddGain:227] 增益 -> 1.6 dB
[2026-10-07 10:50:24.272] [info] [thread 97549] [daheng_demo.cpp AddGain:227] 增益 -> 1.7000000000000002 dB
[2026-10-07 10:50:24.309] [info] [thread 97549] [daheng_demo.cpp AddGain:227] 增益 -> 1.8 dB
[2026-10-07 10:50:24.352] [info] [thread 97549] [daheng_demo.cpp AddGain:227] 增益 -> 1.9000000000000001 dB
[2026-10-07 10:50:24.388] [info] [thread 97549] [daheng_demo.cpp AddGain:227] 增益 -> 2 dB
[2026-10-07 10:50:24.425] [info] [thread 97549] [daheng_demo.cpp AddGain:227] 增益 -> 2.1 dB
[2026-10-07 10:50:24.460] [info] [thread 97549] [daheng_demo.cpp AddGain:227] 增益 -> 2.2 dB
[2026-10-07 10:50:24.497] [info] [thread 97549] [daheng_demo.cpp AddGain:227] 增益 -> 2.3000000000000003 dB
[2026-10-07 10:50:24.532] [info] [thread 97549] [daheng_demo.cpp AddGain:227] 增益 -> 2.4 dB
[2026-10-07 10:50:24.570] [info] [thread 97549] [daheng_demo.cpp AddGain:227] 增益 -> 2.5 dB
[2026-10-07 10:50:24.607] [info] [thread 97549] [daheng_demo.cpp AddGain:227] 增益 -> 2.6 dB
[2026-10-07 10:50:24.642] [info] [thread 97549] [daheng_demo.cpp AddGain:227] 增益 -> 2.7 dB
[2026-10-07 10:50:24.677] [info] [thread 97549] [daheng_demo.cpp AddGain:227] 增益 -> 2.8000000000000003 dB
[2026-10-07 10:50:24.712] [info] [thread 97549] [daheng_demo.cpp AddGain:227] 增益 -> 2.9 dB
[2026-10-07 10:50:24.751] [info] [thread 97549] [daheng_demo.cpp AddGain:227] 增益 -> 3 dB
[2026-10-07 10:50:24.787] [info] [thread 97549] [daheng_demo.cpp AddGain:227] 增益 -> 3.1 dB
[2026-10-07 10:50:24.823] [info] [thread 97549] [daheng_demo.cpp AddGain:227] 增益 -> 3.2 dB
[2026-10-07 10:50:24.861] [info] [thread 97549] [daheng_demo.cpp AddGain:227] 增益 -> 3.3000000000000003 dB
[2026-10-07 10:50:24.905] [info] [thread 97549] [daheng_demo.cpp AddGain:227] 增益 -> 3.4 dB
[2026-10-07 10:50:24.942] [info] [thread 97549] [daheng_demo.cpp AddGain:227] 增益 -> 3.5 dB
[2026-10-07 10:50:24.980] [info] [thread 97549] [daheng_demo.cpp AddGain:227] 增益 -> 3.6 dB
[2026-10-07 10:50:25.020] [info] [thread 97549] [daheng_demo.cpp AddGain:227] 增益 -> 3.7 dB
[2026-10-07 10:50:25.057] [info] [thread 97549] [daheng_demo.cpp AddGain:227] 增益 -> 3.8000000000000003 dB
[2026-10-07 10:50:25.096] [info] [thread 97549] [daheng_demo.cpp AddGain:227] 增益 -> 3.9 dB
[2026-10-07 10:50:25.136] [info] [thread 97549] [daheng_demo.cpp AddGain:227] 增益 -> 4 dB
[2026-10-07 10:50:25.175] [info] [thread 97549] [daheng_demo.cpp AddGain:227] 增益 -> 4.1 dB
[2026-10-07 10:50:25.210] [info] [thread 97549] [daheng_demo.cpp AddGain:227] 增益 -> 4.199999999999999 dB
[2026-10-07 10:50:25.247] [info] [thread 97549] [daheng_demo.cpp AddGain:227] 增益 -> 4.3 dB
[2026-10-07 10:50:25.283] [info] [thread 97549] [daheng_demo.cpp AddGain:227] 增益 -> 4.3999999999999995 dB
[2026-10-07 10:50:25.318] [info] [thread 97549] [daheng_demo.cpp AddGain:227] 增益 -> 4.5 dB
[2026-10-07 10:50:25.357] [info] [thread 97549] [daheng_demo.cpp AddGain:227] 增益 -> 4.6 dB
[2026-10-07 10:50:25.393] [info] [thread 97549] [daheng_demo.cpp AddGain:227] 增益 -> 4.699999999999999 dB
[2026-10-07 10:50:25.429] [info] [thread 97549] [daheng_demo.cpp AddGain:227] 增益 -> 4.8 dB
[2026-10-07 10:50:25.466] [info] [thread 97549] [daheng_demo.cpp AddGain:227] 增益 -> 4.8999999999999995 dB
[2026-10-07 10:50:25.504] [info] [thread 97549] [daheng_demo.cpp AddGain:227] 增益 -> 5 dB
[2026-10-07 10:50:26.080] [info] [thread 97549] [daheng_demo.cpp AddGain:227] 增益 -> 5.1 dB
[2026-10-07 10:50:26.563] [info] [thread 97549] [daheng_demo.cpp AddGain:227] 增益 -> 5.199999999999999 dB
[2026-10-07 10:50:26.598] [info] [thread 97549] [daheng_demo.cpp AddGain:227] 增益 -> 5.3 dB
[2026-10-07 10:50:26.635] [info] [thread 97549] [daheng_demo.cpp AddGain:227] 增益 -> 5.3999999999999995 dB
[2026-10-07 10:50:26.671] [info] [thread 97549] [daheng_demo.cpp AddGain:227] 增益 -> 5.5 dB
[2026-10-07 10:50:26.708] [info] [thread 97549] [daheng_demo.cpp AddGain:227] 增益 -> 5.6 dB
[2026-10-07 10:50:26.747] [info] [thread 97549] [daheng_demo.cpp AddGain:227] 增益 -> 5.699999999999999 dB
[2026-10-07 10:50:26.786] [info] [thread 97549] [daheng_demo.cpp AddGain:227] 增益 -> 5.8 dB
[2026-10-07 10:50:26.823] [info] [thread 97549] [daheng_demo.cpp AddGain:227] 增益 -> 5.8999999999999995 dB
[2026-10-07 10:50:26.864] [info] [thread 97549] [daheng_demo.cpp AddGain:227] 增益 -> 6 dB
[2026-10-07 10:50:26.899] [info] [thread 97549] [daheng_demo.cpp AddGain:227] 增益 -> 6.1 dB
[2026-10-07 10:50:26.934] [info] [thread 97549] [daheng_demo.cpp AddGain:227] 增益 -> 6.199999999999999 dB
[2026-10-07 10:50:26.971] [info] [thread 97549] [daheng_demo.cpp AddGain:227] 增益 -> 6.3 dB
[2026-10-07 10:50:27.010] [info] [thread 97549] [daheng_demo.cpp AddGain:227] 增益 -> 6.3999999999999995 dB
[2026-10-07 10:50:27.049] [info] [thread 97549] [daheng_demo.cpp AddGain:227] 增益 -> 6.5 dB
[2026-10-07 10:50:27.086] [info] [thread 97549] [daheng_demo.cpp AddGain:227] 增益 -> 6.6 dB
[2026-10-07 10:50:27.124] [info] [thread 97549] [daheng_demo.cpp AddGain:227] 增益 -> 6.699999999999999 dB
[2026-10-07 10:50:27.164] [info] [thread 97549] [daheng_demo.cpp AddGain:227] 增益 -> 6.8 dB
[2026-10-07 10:50:27.202] [info] [thread 97549] [daheng_demo.cpp AddGain:227] 增益 -> 6.8999999999999995 dB
[2026-10-07 10:50:27.241] [info] [thread 97549] [daheng_demo.cpp AddGain:227] 增益 -> 7 dB
[2026-10-07 10:50:27.277] [info] [thread 97549] [daheng_demo.cpp AddGain:227] 增益 -> 7.1 dB
[2026-10-07 10:50:27.318] [info] [thread 97549] [daheng_demo.cpp AddGain:227] 增益 -> 7.199999999999999 dB
[2026-10-07 10:50:27.353] [info] [thread 97549] [daheng_demo.cpp AddGain:227] 增益 -> 7.3 dB
[2026-10-07 10:50:27.391] [info] [thread 97549] [daheng_demo.cpp AddGain:227] 增益 -> 7.3999999999999995 dB
[2026-10-07 10:50:27.428] [info] [thread 97549] [daheng_demo.cpp AddGain:227] 增益 -> 7.5 dB
[2026-10-07 10:50:27.468] [info] [thread 97549] [daheng_demo.cpp AddGain:227] 增益 -> 7.6 dB
[2026-10-07 10:50:27.505] [info] [thread 97549] [daheng_demo.cpp AddGain:227] 增益 -> 7.699999999999999 dB
[2026-10-07 10:50:27.542] [info] [thread 97549] [daheng_demo.cpp AddGain:227] 增益 -> 7.8 dB
[2026-10-07 10:50:27.578] [info] [thread 97549] [daheng_demo.cpp AddGain:227] 增益 -> 7.8999999999999995 dB
[2026-10-07 10:50:27.617] [info] [thread 97549] [daheng_demo.cpp AddGain:227] 增益 -> 8 dB
[2026-10-07 10:50:27.653] [info] [thread 97549] [daheng_demo.cpp AddGain:227] 增益 -> 8.1 dB
[2026-10-07 10:50:27.693] [info] [thread 97549] [daheng_demo.cpp AddGain:227] 增益 -> 8.2 dB
[2026-10-07 10:50:27.729] [info] [thread 97549] [daheng_demo.cpp AddGain:227] 增益 -> 8.299999999999999 dB
[2026-10-07 10:50:27.771] [info] [thread 97549] [daheng_demo.cpp AddGain:227] 增益 -> 8.4 dB
[2026-10-07 10:50:27.808] [info] [thread 97549] [daheng_demo.cpp AddGain:227] 增益 -> 8.5 dB
[2026-10-07 10:50:27.846] [info] [thread 97549] [daheng_demo.cpp AddGain:227] 增益 -> 8.6 dB
[2026-10-07 10:50:27.886] [info] [thread 97549] [daheng_demo.cpp AddGain:227] 增益 -> 8.7 dB
[2026-10-07 10:50:27.924] [info] [thread 97549] [daheng_demo.cpp AddGain:227] 增益 -> 8.799999999999999 dB
[2026-10-07 10:50:27.962] [info] [thread 97549] [daheng_demo.cpp AddGain:227] 增益 -> 8.9 dB
[2026-10-07 10:50:28.004] [info] [thread 97549] [daheng_demo.cpp AddGain:227] 增益 -> 9 dB
[2026-10-07 10:50:28.039] [info] [thread 97549] [daheng_demo.cpp AddGain:227] 增益 -> 9.1 dB
[2026-10-07 10:50:28.075] [info] [thread 97549] [daheng_demo.cpp AddGain:227] 增益 -> 9.2 dB
[2026-10-07 10:50:28.111] [info] [thread 97549] [daheng_demo.cpp AddGain:227] 增益 -> 9.299999999999999 dB
[2026-10-07 10:50:28.150] [info] [thread 97549] [daheng_demo.cpp AddGain:227] 增益 -> 9.4 dB
[2026-10-07 10:50:28.187] [info] [thread 97549] [daheng_demo.cpp AddGain:227] 增益 -> 9.5 dB
[2026-10-07 10:50:28.226] [info] [thread 97549] [daheng_demo.cpp AddGain:227] 增益 -> 9.6 dB
[2026-10-07 10:50:28.262] [info] [thread 97549] [daheng_demo.cpp AddGain:227] 增益 -> 9.7 dB
[2026-10-07 10:50:28.302] [info] [thread 97549] [daheng_demo.cpp AddGain:227] 增益 -> 9.799999999999999 dB
[2026-10-07 10:50:28.341] [info] [thread 97549] [daheng_demo.cpp AddGain:227] 增益 -> 9.9 dB
[2026-10-07 10:50:28.378] [info] [thread 97549] [daheng_demo.cpp AddGain:227] 增益 -> 10 dB
[2026-10-07 10:50:28.415] [info] [thread 97549] [daheng_demo.cpp AddGain:227] 增益 -> 10.1 dB
[2026-10-07 10:50:28.450] [info] [thread 97549] [daheng_demo.cpp AddGain:227] 增益 -> 10.2 dB
[2026-10-07 10:50:28.488] [info] [thread 97549] [daheng_demo.cpp AddGain:227] 增益 -> 10.299999999999999 dB
[2026-10-07 10:50:28.526] [info] [thread 97549] [daheng_demo.cpp AddGain:227] 增益 -> 10.4 dB
[2026-10-07 10:50:28.564] [info] [thread 97549] [daheng_demo.cpp AddGain:227] 增益 -> 10.5 dB
[2026-10-07 10:50:28.600] [info] [thread 97549] [daheng_demo.cpp AddGain:227] 增益 -> 10.6 dB
[2026-10-07 10:50:28.639] [info] [thread 97549] [daheng_demo.cpp AddGain:227] 增益 -> 10.7 dB
[2026-10-07 10:50:28.677] [info] [thread 97549] [daheng_demo.cpp AddGain:227] 增益 -> 10.799999999999999 dB
[2026-10-07 10:50:28.714] [info] [thread 97549] [daheng_demo.cpp AddGain:227] 增益 -> 10.9 dB
[2026-10-07 10:50:29.357] [info] [thread 97549] [daheng_demo.cpp AddGain:227] 增益 -> 11 dB
[2026-10-07 10:50:29.858] [info] [thread 97549] [daheng_demo.cpp AddGain:227] 增益 -> 11.1 dB
[2026-10-07 10:50:29.895] [info] [thread 97549] [daheng_demo.cpp AddGain:227] 增益 -> 11.2 dB
[2026-10-07 10:50:29.932] [info] [thread 97549] [daheng_demo.cpp AddGain:227] 增益 -> 11.299999999999999 dB
[2026-10-07 10:50:29.970] [info] [thread 97549] [daheng_demo.cpp AddGain:227] 增益 -> 11.4 dB
[2026-10-07 10:50:30.010] [info] [thread 97549] [daheng_demo.cpp AddGain:227] 增益 -> 11.5 dB
[2026-10-07 10:50:30.048] [info] [thread 97549] [daheng_demo.cpp AddGain:227] 增益 -> 11.6 dB
[2026-10-07 10:50:30.086] [info] [thread 97549] [daheng_demo.cpp AddGain:227] 增益 -> 11.7 dB
[2026-10-07 10:50:30.126] [info] [thread 97549] [daheng_demo.cpp AddGain:227] 增益 -> 11.799999999999999 dB
[2026-10-07 10:50:30.164] [info] [thread 97549] [daheng_demo.cpp AddGain:227] 增益 -> 11.9 dB
[2026-10-07 10:50:30.203] [info] [thread 97549] [daheng_demo.cpp AddGain:227] 增益 -> 12 dB
[2026-10-07 10:50:30.241] [info] [thread 97549] [daheng_demo.cpp AddGain:227] 增益 -> 12.1 dB
[2026-10-07 10:50:30.279] [info] [thread 97549] [daheng_demo.cpp AddGain:227] 增益 -> 12.2 dB
[2026-10-07 10:50:30.318] [info] [thread 97549] [daheng_demo.cpp AddGain:227] 增益 -> 12.299999999999999 dB
[2026-10-07 10:50:30.359] [info] [thread 97549] [daheng_demo.cpp AddGain:227] 增益 -> 12.4 dB
[2026-10-07 10:50:30.397] [info] [thread 97549] [daheng_demo.cpp AddGain:227] 增益 -> 12.5 dB
[2026-10-07 10:50:30.437] [info] [thread 97549] [daheng_demo.cpp AddGain:227] 增益 -> 12.6 dB
[2026-10-07 10:50:30.476] [info] [thread 97549] [daheng_demo.cpp AddGain:227] 增益 -> 12.7 dB
[2026-10-07 10:50:30.514] [info] [thread 97549] [daheng_demo.cpp AddGain:227] 增益 -> 12.799999999999999 dB
[2026-10-07 10:50:30.553] [info] [thread 97549] [daheng_demo.cpp AddGain:227] 增益 -> 12.9 dB
[2026-10-07 10:50:30.589] [info] [thread 97549] [daheng_demo.cpp AddGain:227] 增益 -> 13 dB
[2026-10-07 10:50:30.626] [info] [thread 97549] [daheng_demo.cpp AddGain:227] 增益 -> 13.1 dB
[2026-10-07 10:50:30.664] [info] [thread 97549] [daheng_demo.cpp AddGain:227] 增益 -> 13.2 dB
[2026-10-07 10:50:30.701] [info] [thread 97549] [daheng_demo.cpp AddGain:227] 增益 -> 13.299999999999999 dB
[2026-10-07 10:50:30.739] [info] [thread 97549] [daheng_demo.cpp AddGain:227] 增益 -> 13.4 dB
[2026-10-07 10:50:30.777] [info] [thread 97549] [daheng_demo.cpp AddGain:227] 增益 -> 13.5 dB
[2026-10-07 10:50:30.814] [info] [thread 97549] [daheng_demo.cpp AddGain:227] 增益 -> 13.6 dB
[2026-10-07 10:50:30.852] [info] [thread 97549] [daheng_demo.cpp AddGain:227] 增益 -> 13.7 dB
[2026-10-07 10:50:30.892] [info] [thread 97549] [daheng_demo.cpp AddGain:227] 增益 -> 13.799999999999999 dB
[2026-10-07 10:50:30.929] [info] [thread 97549] [daheng_demo.cpp AddGain:227] 增益 -> 13.9 dB
[2026-10-07 10:50:30.969] [info] [thread 97549] [daheng_demo.cpp AddGain:227] 增益 -> 14 dB
[2026-10-07 10:50:31.006] [info] [thread 97549] [daheng_demo.cpp AddGain:227] 增益 -> 14.1 dB
[2026-10-07 10:50:31.611] [info] [thread 97549] [daheng_demo.cpp AddGain:227] 增益 -> 14.2 dB
[2026-10-07 10:50:32.114] [info] [thread 97549] [daheng_demo.cpp AddGain:227] 增益 -> 14.299999999999999 dB
[2026-10-07 10:50:32.152] [info] [thread 97549] [daheng_demo.cpp AddGain:227] 增益 -> 14.4 dB
[2026-10-07 10:50:32.193] [info] [thread 97549] [daheng_demo.cpp AddGain:227] 增益 -> 14.5 dB
[2026-10-07 10:50:32.231] [info] [thread 97549] [daheng_demo.cpp AddGain:227] 增益 -> 14.6 dB
[2026-10-07 10:50:32.268] [info] [thread 97549] [daheng_demo.cpp AddGain:227] 增益 -> 14.7 dB
[2026-10-07 10:50:32.305] [info] [thread 97549] [daheng_demo.cpp AddGain:227] 增益 -> 14.799999999999999 dB
[2026-10-07 10:50:32.345] [info] [thread 97549] [daheng_demo.cpp AddGain:227] 增益 -> 14.9 dB
[2026-10-07 10:50:32.382] [info] [thread 97549] [daheng_demo.cpp AddGain:227] 增益 -> 15 dB
[2026-10-07 10:50:32.420] [info] [thread 97549] [daheng_demo.cpp AddGain:227] 增益 -> 15.1 dB
[2026-10-07 10:50:32.458] [info] [thread 97549] [daheng_demo.cpp AddGain:227] 增益 -> 15.2 dB
[2026-10-07 10:50:32.497] [info] [thread 97549] [daheng_demo.cpp AddGain:227] 增益 -> 15.299999999999999 dB
[2026-10-07 10:50:32.535] [info] [thread 97549] [daheng_demo.cpp AddGain:227] 增益 -> 15.4 dB
[2026-10-07 10:50:32.574] [info] [thread 97549] [daheng_demo.cpp AddGain:227] 增益 -> 15.5 dB
[2026-10-07 10:50:32.613] [info] [thread 97549] [daheng_demo.cpp AddGain:227] 增益 -> 15.6 dB
[2026-10-07 10:50:32.652] [info] [thread 97549] [daheng_demo.cpp AddGain:227] 增益 -> 15.7 dB
[2026-10-07 10:50:32.689] [info] [thread 97549] [daheng_demo.cpp AddGain:227] 增益 -> 15.799999999999999 dB
[2026-10-07 10:50:32.729] [info] [thread 97549] [daheng_demo.cpp AddGain:227] 增益 -> 15.9 dB
[2026-10-07 10:50:32.768] [info] [thread 97549] [daheng_demo.cpp AddGain:227] 增益 -> 16 dB
[2026-10-07 10:50:33.639] [info] [thread 97549] [daheng_demo.cpp AddGain:227] 增益 -> 16.1 dB
[2026-10-07 10:50:34.127] [info] [thread 97549] [daheng_demo.cpp AddGain:227] 增益 -> 16.200000000000003 dB
[2026-10-07 10:50:34.166] [info] [thread 97549] [daheng_demo.cpp AddGain:227] 增益 -> 16.3 dB
[2026-10-07 10:50:34.207] [info] [thread 97549] [daheng_demo.cpp AddGain:227] 增益 -> 16.400000000000002 dB
[2026-10-07 10:50:34.246] [info] [thread 97549] [daheng_demo.cpp AddGain:227] 增益 -> 16.5 dB
[2026-10-07 10:50:34.287] [info] [thread 97549] [daheng_demo.cpp AddGain:227] 增益 -> 16.6 dB
[2026-10-07 10:50:34.325] [info] [thread 97549] [daheng_demo.cpp AddGain:227] 增益 -> 16.700000000000003 dB
[2026-10-07 10:50:34.363] [info] [thread 97549] [daheng_demo.cpp AddGain:227] 增益 -> 16.8 dB
[2026-10-07 10:50:34.401] [info] [thread 97549] [daheng_demo.cpp AddGain:227] 增益 -> 16.900000000000002 dB
[2026-10-07 10:50:34.440] [info] [thread 97549] [daheng_demo.cpp AddGain:227] 增益 -> 17 dB
[2026-10-07 10:50:34.478] [info] [thread 97549] [daheng_demo.cpp AddGain:227] 增益 -> 17.1 dB
[2026-10-07 10:50:34.518] [info] [thread 97549] [daheng_demo.cpp AddGain:227] 增益 -> 17.200000000000003 dB
[2026-10-07 10:50:34.558] [info] [thread 97549] [daheng_demo.cpp AddGain:227] 增益 -> 17.3 dB
[2026-10-07 10:50:34.597] [info] [thread 97549] [daheng_demo.cpp AddGain:227] 增益 -> 17.400000000000002 dB
[2026-10-07 10:50:34.636] [info] [thread 97549] [daheng_demo.cpp AddGain:227] 增益 -> 17.5 dB
[2026-10-07 10:50:34.677] [info] [thread 97549] [daheng_demo.cpp AddGain:227] 增益 -> 17.6 dB
[2026-10-07 10:50:34.714] [info] [thread 97549] [daheng_demo.cpp AddGain:227] 增益 -> 17.700000000000003 dB
[2026-10-07 10:50:34.755] [info] [thread 97549] [daheng_demo.cpp AddGain:227] 增益 -> 17.8 dB
[2026-10-07 10:50:34.795] [info] [thread 97549] [daheng_demo.cpp AddGain:227] 增益 -> 17.900000000000002 dB
[2026-10-07 10:50:54.880] [info] [thread 97549] [daheng_demo.cpp main:541] 相机已关闭
[2026-10-07 10:51:32.115] [info] [thread 97999] [daheng_demo.cpp main:273] daheng_demo 启动
[2026-10-07 10:51:32.136] [debug] [thread 97999] [daheng_demo.cpp main:278] GXInitLib status = 0
[2026-10-07 10:51:33.149] [info] [thread 97999] [daheng_demo.cpp EnumerateDevices:146] 共找到 1 台设备:
[2026-10-07 10:51:33.149] [info] [thread 97999] [daheng_demo.cpp EnumerateDevices:158]   [1] 型号: MER2-230-168U3C  序列号: FDE25070188
[2026-10-07 10:51:34.292] [info] [thread 97999] [daheng_demo.cpp main:316] 打开相机 FDE25070188 成功
[2026-10-07 10:51:34.343] [info] [thread 97999] [daheng_demo.cpp main:366] 分辨率 1920x1200
[2026-10-07 10:51:34.395] [info] [thread 97999] [daheng_demo.cpp main:429] YOLO 模型加载成功: /home/zhongchengyi/Desktop/desktop/RM/runs/detect/train-2/weights/best.onnx
[2026-10-07 10:51:34.395] [info] [thread 97999] [daheng_demo.cpp main:439] 取流开始,按 e/d 调曝光、a/q 调增益、s/w 调伽马、ESC 退出
[2026-10-07 10:52:33.375] [info] [thread 97999] [daheng_demo.cpp main:541] 相机已关闭
[2026-10-07 10:52:53.179] [info] [thread 98168] [daheng_demo.cpp main:273] daheng_demo 启动
[2026-10-07 10:52:53.202] [debug] [thread 98168] [daheng_demo.cpp main:278] GXInitLib status = 0
[2026-10-07 10:52:54.213] [info] [thread 98168] [daheng_demo.cpp EnumerateDevices:146] 共找到 1 台设备:
[2026-10-07 10:52:54.213] [info] [thread 98168] [daheng_demo.cpp EnumerateDevices:158]   [1] 型号: MER2-230-168U3C  序列号: FDE25070188
[2026-10-07 10:52:55.357] [info] [thread 98168] [daheng_demo.cpp main:316] 打开相机 FDE25070188 成功
[2026-10-07 10:52:55.407] [info] [thread 98168] [daheng_demo.cpp main:366] 分辨率 1920x1200
[2026-10-07 10:52:55.459] [info] [thread 98168] [daheng_demo.cpp main:429] YOLO 模型加载成功: /home/zhongchengyi/Desktop/desktop/RM/runs/detect/train-2/weights/best.onnx
[2026-10-07 10:52:55.459] [info] [thread 98168] [daheng_demo.cpp main:439] 取流开始,按 e/d 调曝光、a/q 调增益、s/w 调伽马、ESC 退出
[2026-10-07 10:53:22.100] [info] [thread 98168] [daheng_demo.cpp main:541] 相机已关闭
[2026-10-07 10:57:50.063] [info] [thread 98661] [daheng_demo.cpp main:273] daheng_demo 启动
[2026-10-07 10:57:50.086] [debug] [thread 98661] [daheng_demo.cpp main:278] GXInitLib status = 0
[2026-10-07 10:57:51.097] [info] [thread 98661] [daheng_demo.cpp EnumerateDevices:146] 共找到 1 台设备:
[2026-10-07 10:57:51.097] [info] [thread 98661] [daheng_demo.cpp EnumerateDevices:158]   [1] 型号: MER2-230-168U3C  序列号: FDE25070188
[2026-10-07 10:57:52.239] [info] [thread 98661] [daheng_demo.cpp main:316] 打开相机 FDE25070188 成功
[2026-10-07 10:57:52.287] [info] [thread 98661] [daheng_demo.cpp main:366] 分辨率 1920x1200
[2026-10-07 10:57:52.339] [info] [thread 98661] [daheng_demo.cpp main:429] YOLO 模型加载成功: /home/zhongchengyi/Desktop/desktop/RM/runs/detect/train-2/weights/best.onnx
[2026-10-07 10:57:52.339] [info] [thread 98661] [daheng_demo.cpp main:439] 取流开始,按 e/d 调曝光、a/q 调增益、s/w 调伽马、ESC 退出
[2026-10-07 10:58:13.874] [info] [thread 98661] [daheng_demo.cpp main:541] 相机已关闭
[2026-10-07 11:24:15.043] [info] [thread 102455] [daheng_demo.cpp main:273] daheng_demo 启动
[2026-10-07 11:24:15.065] [debug] [thread 102455] [daheng_demo.cpp main:278] GXInitLib status = 0
[2026-10-07 11:24:16.076] [info] [thread 102455] [daheng_demo.cpp EnumerateDevices:146] 共找到 1 台设备:
[2026-10-07 11:24:16.076] [info] [thread 102455] [daheng_demo.cpp EnumerateDevices:158]   [1] 型号: MER2-230-168U3C  序列号: FDE25070188
[2026-10-07 11:24:17.216] [info] [thread 102455] [daheng_demo.cpp main:316] 打开相机 FDE25070188 成功
[2026-10-07 11:24:17.269] [info] [thread 102455] [daheng_demo.cpp main:366] 分辨率 1920x1200
[2026-10-07 11:24:17.322] [info] [thread 102455] [daheng_demo.cpp main:429] YOLO 模型加载成功: /home/zhongchengyi/Desktop/desktop/RM/runs/detect/train-3/weights/best.onnx
[2026-10-07 11:24:17.322] [info] [thread 102455] [daheng_demo.cpp main:439] 取流开始,按 e/d 调曝光、a/q 调增益、s/w 调伽马、ESC 退出
[2026-10-07 11:29:55.798] [info] [thread 102455] [daheng_demo.cpp main:541] 相机已关闭
[2026-10-07 11:34:21.736] [info] [thread 102967] [daheng_demo.cpp main:273] daheng_demo 启动
[2026-10-07 11:34:21.758] [debug] [thread 102967] [daheng_demo.cpp main:278] GXInitLib status = 0
[2026-10-07 11:34:22.769] [info] [thread 102967] [daheng_demo.cpp EnumerateDevices:146] 共找到 1 台设备:
[2026-10-07 11:34:22.769] [info] [thread 102967] [daheng_demo.cpp EnumerateDevices:158]   [1] 型号: MER2-230-168U3C  序列号: FDE25070188
[2026-10-07 11:34:23.911] [info] [thread 102967] [daheng_demo.cpp main:316] 打开相机 FDE25070188 成功
[2026-10-07 11:34:23.963] [info] [thread 102967] [daheng_demo.cpp main:366] 分辨率 1920x1200
[2026-10-07 11:34:24.016] [info] [thread 102967] [daheng_demo.cpp main:429] YOLO 模型加载成功: /home/zhongchengyi/Desktop/desktop/RM/runs/detect/train-3/weights/best.onnx
[2026-10-07 11:34:24.016] [info] [thread 102967] [daheng_demo.cpp main:439] 取流开始,按 e/d 调曝光、a/q 调增益、s/w 调伽马、ESC 退出
[2026-10-07 11:34:31.916] [info] [thread 102967] [daheng_demo.cpp main:541] 相机已关闭
[2026-10-07 11:34:54.674] [info] [thread 103229] [daheng_demo.cpp main:273] daheng_demo 启动
[2026-10-07 11:34:54.697] [debug] [thread 103229] [daheng_demo.cpp main:278] GXInitLib status = 0
[2026-10-07 11:34:55.709] [info] [thread 103229] [daheng_demo.cpp EnumerateDevices:146] 共找到 1 台设备:
[2026-10-07 11:34:55.709] [info] [thread 103229] [daheng_demo.cpp EnumerateDevices:158]   [1] 型号: MER2-230-168U3C  序列号: FDE25070188
[2026-10-07 11:34:56.850] [info] [thread 103229] [daheng_demo.cpp main:316] 打开相机 FDE25070188 成功
[2026-10-07 11:34:56.899] [info] [thread 103229] [daheng_demo.cpp main:366] 分辨率 1920x1200
[2026-10-07 11:34:56.953] [info] [thread 103229] [daheng_demo.cpp main:429] YOLO 模型加载成功: /home/zhongchengyi/Desktop/desktop/RM/runs/detect/train-3/weights/best.onnx
[2026-10-07 11:34:56.953] [info] [thread 103229] [daheng_demo.cpp main:439] 取流开始,按 e/d 调曝光、a/q 调增益、s/w 调伽马、ESC 退出
[2026-10-07 11:35:05.912] [info] [thread 103229] [daheng_demo.cpp AddGain:227] 增益 -> 17.799999999999997 dB
[2026-10-07 11:35:06.395] [info] [thread 103229] [daheng_demo.cpp AddGain:227] 增益 -> 17.7 dB
[2026-10-07 11:35:06.434] [info] [thread 103229] [daheng_demo.cpp AddGain:227] 增益 -> 17.599999999999998 dB
[2026-10-07 11:35:06.475] [info] [thread 103229] [daheng_demo.cpp AddGain:227] 增益 -> 17.5 dB
[2026-10-07 11:35:06.515] [info] [thread 103229] [daheng_demo.cpp AddGain:227] 增益 -> 17.4 dB
[2026-10-07 11:35:06.555] [info] [thread 103229] [daheng_demo.cpp AddGain:227] 增益 -> 17.299999999999997 dB
[2026-10-07 11:35:06.596] [info] [thread 103229] [daheng_demo.cpp AddGain:227] 增益 -> 17.2 dB
[2026-10-07 11:35:06.637] [info] [thread 103229] [daheng_demo.cpp AddGain:227] 增益 -> 17.099999999999998 dB
[2026-10-07 11:35:06.679] [info] [thread 103229] [daheng_demo.cpp AddGain:227] 增益 -> 17 dB
[2026-10-07 11:35:06.719] [info] [thread 103229] [daheng_demo.cpp AddGain:227] 增益 -> 16.9 dB
[2026-10-07 11:35:06.759] [info] [thread 103229] [daheng_demo.cpp AddGain:227] 增益 -> 16.799999999999997 dB
[2026-10-07 11:35:06.799] [info] [thread 103229] [daheng_demo.cpp AddGain:227] 增益 -> 16.7 dB
[2026-10-07 11:35:06.839] [info] [thread 103229] [daheng_demo.cpp AddGain:227] 增益 -> 16.599999999999998 dB
[2026-10-07 11:35:06.880] [info] [thread 103229] [daheng_demo.cpp AddGain:227] 增益 -> 16.5 dB
[2026-10-07 11:35:06.919] [info] [thread 103229] [daheng_demo.cpp AddGain:227] 增益 -> 16.4 dB
[2026-10-07 11:35:06.958] [info] [thread 103229] [daheng_demo.cpp AddGain:227] 增益 -> 16.299999999999997 dB
[2026-10-07 11:35:06.998] [info] [thread 103229] [daheng_demo.cpp AddGain:227] 增益 -> 16.2 dB
[2026-10-07 11:35:07.036] [info] [thread 103229] [daheng_demo.cpp AddGain:227] 增益 -> 16.099999999999998 dB
[2026-10-07 11:35:07.077] [info] [thread 103229] [daheng_demo.cpp AddGain:227] 增益 -> 16 dB
[2026-10-07 11:35:07.117] [info] [thread 103229] [daheng_demo.cpp AddGain:227] 增益 -> 15.9 dB
[2026-10-07 11:35:07.157] [info] [thread 103229] [daheng_demo.cpp AddGain:227] 增益 -> 15.8 dB
[2026-10-07 11:35:07.198] [info] [thread 103229] [daheng_demo.cpp AddGain:227] 增益 -> 15.700000000000001 dB
[2026-10-07 11:35:07.237] [info] [thread 103229] [daheng_demo.cpp AddGain:227] 增益 -> 15.6 dB
[2026-10-07 11:35:07.276] [info] [thread 103229] [daheng_demo.cpp AddGain:227] 增益 -> 15.5 dB
[2026-10-07 11:35:07.322] [info] [thread 103229] [daheng_demo.cpp AddGain:227] 增益 -> 15.4 dB
[2026-10-07 11:35:07.363] [info] [thread 103229] [daheng_demo.cpp AddGain:227] 增益 -> 15.3 dB
[2026-10-07 11:35:07.402] [info] [thread 103229] [daheng_demo.cpp AddGain:227] 增益 -> 15.200000000000001 dB
[2026-10-07 11:35:07.441] [info] [thread 103229] [daheng_demo.cpp AddGain:227] 增益 -> 15.1 dB
[2026-10-07 11:35:07.481] [info] [thread 103229] [daheng_demo.cpp AddGain:227] 增益 -> 15 dB
[2026-10-07 11:35:07.520] [info] [thread 103229] [daheng_demo.cpp AddGain:227] 增益 -> 14.9 dB
[2026-10-07 11:35:07.558] [info] [thread 103229] [daheng_demo.cpp AddGain:227] 增益 -> 14.8 dB
[2026-10-07 11:35:07.597] [info] [thread 103229] [daheng_demo.cpp AddGain:227] 增益 -> 14.700000000000001 dB
[2026-10-07 11:35:07.635] [info] [thread 103229] [daheng_demo.cpp AddGain:227] 增益 -> 14.6 dB
[2026-10-07 11:35:07.675] [info] [thread 103229] [daheng_demo.cpp AddGain:227] 增益 -> 14.5 dB
[2026-10-07 11:35:07.712] [info] [thread 103229] [daheng_demo.cpp AddGain:227] 增益 -> 14.4 dB
[2026-10-07 11:35:07.753] [info] [thread 103229] [daheng_demo.cpp AddGain:227] 增益 -> 14.3 dB
[2026-10-07 11:35:08.707] [info] [thread 103229] [daheng_demo.cpp AddGain:227] 增益 -> 14.200000000000001 dB
[2026-10-07 11:35:09.198] [info] [thread 103229] [daheng_demo.cpp AddGain:227] 增益 -> 14.1 dB
[2026-10-07 11:35:09.236] [info] [thread 103229] [daheng_demo.cpp AddGain:227] 增益 -> 14 dB
[2026-10-07 11:35:09.275] [info] [thread 103229] [daheng_demo.cpp AddGain:227] 增益 -> 13.9 dB
[2026-10-07 11:35:09.313] [info] [thread 103229] [daheng_demo.cpp AddGain:227] 增益 -> 13.8 dB
[2026-10-07 11:35:09.350] [info] [thread 103229] [daheng_demo.cpp AddGain:227] 增益 -> 13.700000000000001 dB
[2026-10-07 11:35:09.391] [info] [thread 103229] [daheng_demo.cpp AddGain:227] 增益 -> 13.6 dB
[2026-10-07 11:35:09.430] [info] [thread 103229] [daheng_demo.cpp AddGain:227] 增益 -> 13.5 dB
[2026-10-07 11:35:09.470] [info] [thread 103229] [daheng_demo.cpp AddGain:227] 增益 -> 13.4 dB
[2026-10-07 11:35:09.508] [info] [thread 103229] [daheng_demo.cpp AddGain:227] 增益 -> 13.3 dB
[2026-10-07 11:35:09.547] [info] [thread 103229] [daheng_demo.cpp AddGain:227] 增益 -> 13.200000000000001 dB
[2026-10-07 11:35:09.587] [info] [thread 103229] [daheng_demo.cpp AddGain:227] 增益 -> 13.1 dB
[2026-10-07 11:35:09.622] [info] [thread 103229] [daheng_demo.cpp AddGain:227] 增益 -> 13 dB
[2026-10-07 11:35:09.661] [info] [thread 103229] [daheng_demo.cpp AddGain:227] 增益 -> 12.9 dB
[2026-10-07 11:35:09.701] [info] [thread 103229] [daheng_demo.cpp AddGain:227] 增益 -> 12.8 dB
[2026-10-07 11:35:09.740] [info] [thread 103229] [daheng_demo.cpp AddGain:227] 增益 -> 12.700000000000001 dB
[2026-10-07 11:35:09.777] [info] [thread 103229] [daheng_demo.cpp AddGain:227] 增益 -> 12.6 dB
[2026-10-07 11:35:09.816] [info] [thread 103229] [daheng_demo.cpp AddGain:227] 增益 -> 12.5 dB
[2026-10-07 11:35:09.856] [info] [thread 103229] [daheng_demo.cpp AddGain:227] 增益 -> 12.4 dB
[2026-10-07 11:35:09.893] [info] [thread 103229] [daheng_demo.cpp AddGain:227] 增益 -> 12.3 dB
[2026-10-07 11:35:09.932] [info] [thread 103229] [daheng_demo.cpp AddGain:227] 增益 -> 12.200000000000001 dB
[2026-10-07 11:35:09.969] [info] [thread 103229] [daheng_demo.cpp AddGain:227] 增益 -> 12.1 dB
[2026-10-07 11:35:10.006] [info] [thread 103229] [daheng_demo.cpp AddGain:227] 增益 -> 12 dB
[2026-10-07 11:35:10.043] [info] [thread 103229] [daheng_demo.cpp AddGain:227] 增益 -> 11.9 dB
[2026-10-07 11:35:10.080] [info] [thread 103229] [daheng_demo.cpp AddGain:227] 增益 -> 11.8 dB
[2026-10-07 11:35:10.118] [info] [thread 103229] [daheng_demo.cpp AddGain:227] 增益 -> 11.700000000000001 dB
[2026-10-07 11:35:34.259] [info] [thread 103229] [daheng_demo.cpp main:541] 相机已关闭
[2026-10-07 11:36:04.548] [info] [thread 103536] [daheng_demo.cpp main:273] daheng_demo 启动
[2026-10-07 11:36:04.571] [debug] [thread 103536] [daheng_demo.cpp main:278] GXInitLib status = 0
[2026-10-07 11:36:05.583] [info] [thread 103536] [daheng_demo.cpp EnumerateDevices:146] 共找到 1 台设备:
[2026-10-07 11:36:05.583] [info] [thread 103536] [daheng_demo.cpp EnumerateDevices:158]   [1] 型号: MER2-230-168U3C  序列号: FDE25070188
[2026-10-07 11:36:06.722] [info] [thread 103536] [daheng_demo.cpp main:316] 打开相机 FDE25070188 成功
[2026-10-07 11:36:06.772] [info] [thread 103536] [daheng_demo.cpp main:366] 分辨率 1920x1200
[2026-10-07 11:36:06.826] [info] [thread 103536] [daheng_demo.cpp main:429] YOLO 模型加载成功: /home/zhongchengyi/Desktop/desktop/RM/runs/detect/train-3/weights/best.onnx
[2026-10-07 11:36:06.826] [info] [thread 103536] [daheng_demo.cpp main:439] 取流开始,按 e/d 调曝光、a/q 调增益、s/w 调伽马、ESC 退出
[2026-10-07 11:36:14.346] [info] [thread 103536] [daheng_demo.cpp AddExposureTime:203] 曝光时间 -> 9975 us
[2026-10-07 11:36:14.867] [info] [thread 103536] [daheng_demo.cpp AddExposureTime:203] 曝光时间 -> 9950 us
[2026-10-07 11:36:14.906] [info] [thread 103536] [daheng_demo.cpp AddExposureTime:203] 曝光时间 -> 9925 us
[2026-10-07 11:36:14.946] [info] [thread 103536] [daheng_demo.cpp AddExposureTime:203] 曝光时间 -> 9900 us
[2026-10-07 11:36:14.987] [info] [thread 103536] [daheng_demo.cpp AddExposureTime:203] 曝光时间 -> 9875 us
[2026-10-07 11:36:15.026] [info] [thread 103536] [daheng_demo.cpp AddExposureTime:203] 曝光时间 -> 9850 us
[2026-10-07 11:36:15.064] [info] [thread 103536] [daheng_demo.cpp AddExposureTime:203] 曝光时间 -> 9825 us
[2026-10-07 11:36:15.102] [info] [thread 103536] [daheng_demo.cpp AddExposureTime:203] 曝光时间 -> 9800 us
[2026-10-07 11:36:15.146] [info] [thread 103536] [daheng_demo.cpp AddExposureTime:203] 曝光时间 -> 9775 us
[2026-10-07 11:36:15.184] [info] [thread 103536] [daheng_demo.cpp AddExposureTime:203] 曝光时间 -> 9750 us
[2026-10-07 11:36:15.224] [info] [thread 103536] [daheng_demo.cpp AddExposureTime:203] 曝光时间 -> 9725 us
[2026-10-07 11:36:15.265] [info] [thread 103536] [daheng_demo.cpp AddExposureTime:203] 曝光时间 -> 9700 us
[2026-10-07 11:36:15.304] [info] [thread 103536] [daheng_demo.cpp AddExposureTime:203] 曝光时间 -> 9675 us
[2026-10-07 11:36:15.344] [info] [thread 103536] [daheng_demo.cpp AddExposureTime:203] 曝光时间 -> 9650 us
[2026-10-07 11:36:15.384] [info] [thread 103536] [daheng_demo.cpp AddExposureTime:203] 曝光时间 -> 9625 us
[2026-10-07 11:36:15.423] [info] [thread 103536] [daheng_demo.cpp AddExposureTime:203] 曝光时间 -> 9600 us
[2026-10-07 11:36:15.462] [info] [thread 103536] [daheng_demo.cpp AddExposureTime:203] 曝光时间 -> 9575 us
[2026-10-07 11:36:15.500] [info] [thread 103536] [daheng_demo.cpp AddExposureTime:203] 曝光时间 -> 9550 us
[2026-10-07 11:36:15.538] [info] [thread 103536] [daheng_demo.cpp AddExposureTime:203] 曝光时间 -> 9525 us
[2026-10-07 11:36:15.575] [info] [thread 103536] [daheng_demo.cpp AddExposureTime:203] 曝光时间 -> 9500 us
[2026-10-07 11:36:15.614] [info] [thread 103536] [daheng_demo.cpp AddExposureTime:203] 曝光时间 -> 9475 us
[2026-10-07 11:36:15.653] [info] [thread 103536] [daheng_demo.cpp AddExposureTime:203] 曝光时间 -> 9450 us
[2026-10-07 11:36:15.691] [info] [thread 103536] [daheng_demo.cpp AddExposureTime:203] 曝光时间 -> 9425 us
[2026-10-07 11:36:15.729] [info] [thread 103536] [daheng_demo.cpp AddExposureTime:203] 曝光时间 -> 9400 us
[2026-10-07 11:36:15.768] [info] [thread 103536] [daheng_demo.cpp AddExposureTime:203] 曝光时间 -> 9375 us
[2026-10-07 11:36:15.807] [info] [thread 103536] [daheng_demo.cpp AddExposureTime:203] 曝光时间 -> 9350 us
[2026-10-07 11:36:16.590] [info] [thread 103536] [daheng_demo.cpp AddExposureTime:203] 曝光时间 -> 9375 us
[2026-10-07 11:36:17.094] [info] [thread 103536] [daheng_demo.cpp AddExposureTime:203] 曝光时间 -> 9400 us
[2026-10-07 11:36:17.133] [info] [thread 103536] [daheng_demo.cpp AddExposureTime:203] 曝光时间 -> 9425 us
[2026-10-07 11:36:17.173] [info] [thread 103536] [daheng_demo.cpp AddExposureTime:203] 曝光时间 -> 9450 us
[2026-10-07 11:36:17.216] [info] [thread 103536] [daheng_demo.cpp AddExposureTime:203] 曝光时间 -> 9475 us
[2026-10-07 11:36:17.255] [info] [thread 103536] [daheng_demo.cpp AddExposureTime:203] 曝光时间 -> 9500 us
[2026-10-07 11:36:17.296] [info] [thread 103536] [daheng_demo.cpp AddExposureTime:203] 曝光时间 -> 9525 us
[2026-10-07 11:36:17.336] [info] [thread 103536] [daheng_demo.cpp AddExposureTime:203] 曝光时间 -> 9550 us
[2026-10-07 11:36:17.374] [info] [thread 103536] [daheng_demo.cpp AddExposureTime:203] 曝光时间 -> 9575 us
[2026-10-07 11:36:17.415] [info] [thread 103536] [daheng_demo.cpp AddExposureTime:203] 曝光时间 -> 9600 us
[2026-10-07 11:36:17.455] [info] [thread 103536] [daheng_demo.cpp AddExposureTime:203] 曝光时间 -> 9625 us
[2026-10-07 11:36:17.497] [info] [thread 103536] [daheng_demo.cpp AddExposureTime:203] 曝光时间 -> 9650 us
[2026-10-07 11:36:17.538] [info] [thread 103536] [daheng_demo.cpp AddExposureTime:203] 曝光时间 -> 9675 us
[2026-10-07 11:36:17.577] [info] [thread 103536] [daheng_demo.cpp AddExposureTime:203] 曝光时间 -> 9700 us
[2026-10-07 11:36:17.619] [info] [thread 103536] [daheng_demo.cpp AddExposureTime:203] 曝光时间 -> 9725 us
[2026-10-07 11:36:17.660] [info] [thread 103536] [daheng_demo.cpp AddExposureTime:203] 曝光时间 -> 9750 us
[2026-10-07 11:36:17.699] [info] [thread 103536] [daheng_demo.cpp AddExposureTime:203] 曝光时间 -> 9775 us
[2026-10-07 11:36:17.740] [info] [thread 103536] [daheng_demo.cpp AddExposureTime:203] 曝光时间 -> 9800 us
[2026-10-07 11:36:17.780] [info] [thread 103536] [daheng_demo.cpp AddExposureTime:203] 曝光时间 -> 9825 us
[2026-10-07 11:36:18.262] [info] [thread 103536] [daheng_demo.cpp AddExposureTime:203] 曝光时间 -> 9800 us
[2026-10-07 11:36:18.775] [info] [thread 103536] [daheng_demo.cpp AddExposureTime:203] 曝光时间 -> 9775 us
[2026-10-07 11:36:18.813] [info] [thread 103536] [daheng_demo.cpp AddExposureTime:203] 曝光时间 -> 9750 us
[2026-10-07 11:36:18.853] [info] [thread 103536] [daheng_demo.cpp AddExposureTime:203] 曝光时间 -> 9725 us
[2026-10-07 11:36:18.891] [info] [thread 103536] [daheng_demo.cpp AddExposureTime:203] 曝光时间 -> 9700 us
[2026-10-07 11:36:18.932] [info] [thread 103536] [daheng_demo.cpp AddExposureTime:203] 曝光时间 -> 9675 us
[2026-10-07 11:36:18.971] [info] [thread 103536] [daheng_demo.cpp AddExposureTime:203] 曝光时间 -> 9650 us
[2026-10-07 11:36:19.010] [info] [thread 103536] [daheng_demo.cpp AddExposureTime:203] 曝光时间 -> 9625 us
[2026-10-07 11:36:19.048] [info] [thread 103536] [daheng_demo.cpp AddExposureTime:203] 曝光时间 -> 9600 us
[2026-10-07 11:36:19.091] [info] [thread 103536] [daheng_demo.cpp AddExposureTime:203] 曝光时间 -> 9575 us
[2026-10-07 11:36:19.133] [info] [thread 103536] [daheng_demo.cpp AddExposureTime:203] 曝光时间 -> 9550 us
[2026-10-07 11:36:19.173] [info] [thread 103536] [daheng_demo.cpp AddExposureTime:203] 曝光时间 -> 9525 us
[2026-10-07 11:36:19.212] [info] [thread 103536] [daheng_demo.cpp AddExposureTime:203] 曝光时间 -> 9500 us
[2026-10-07 11:36:19.250] [info] [thread 103536] [daheng_demo.cpp AddExposureTime:203] 曝光时间 -> 9475 us
[2026-10-07 11:36:19.289] [info] [thread 103536] [daheng_demo.cpp AddExposureTime:203] 曝光时间 -> 9450 us
[2026-10-07 11:36:19.328] [info] [thread 103536] [daheng_demo.cpp AddExposureTime:203] 曝光时间 -> 9425 us
[2026-10-07 11:36:19.367] [info] [thread 103536] [daheng_demo.cpp AddExposureTime:203] 曝光时间 -> 9400 us
[2026-10-07 11:36:19.406] [info] [thread 103536] [daheng_demo.cpp AddExposureTime:203] 曝光时间 -> 9375 us
[2026-10-07 11:36:19.445] [info] [thread 103536] [daheng_demo.cpp AddExposureTime:203] 曝光时间 -> 9350 us
[2026-10-07 11:36:19.484] [info] [thread 103536] [daheng_demo.cpp AddExposureTime:203] 曝光时间 -> 9325 us
[2026-10-07 11:36:19.523] [info] [thread 103536] [daheng_demo.cpp AddExposureTime:203] 曝光时间 -> 9300 us
[2026-10-07 11:36:19.562] [info] [thread 103536] [daheng_demo.cpp AddExposureTime:203] 曝光时间 -> 9275 us
[2026-10-07 11:36:19.602] [info] [thread 103536] [daheng_demo.cpp AddExposureTime:203] 曝光时间 -> 9250 us
[2026-10-07 11:36:19.644] [info] [thread 103536] [daheng_demo.cpp AddExposureTime:203] 曝光时间 -> 9225 us
[2026-10-07 11:36:19.684] [info] [thread 103536] [daheng_demo.cpp AddExposureTime:203] 曝光时间 -> 9200 us
[2026-10-07 11:36:19.723] [info] [thread 103536] [daheng_demo.cpp AddExposureTime:203] 曝光时间 -> 9175 us
[2026-10-07 11:36:19.761] [info] [thread 103536] [daheng_demo.cpp AddExposureTime:203] 曝光时间 -> 9150 us
[2026-10-07 11:36:19.800] [info] [thread 103536] [daheng_demo.cpp AddExposureTime:203] 曝光时间 -> 9125 us
[2026-10-07 11:36:19.840] [info] [thread 103536] [daheng_demo.cpp AddExposureTime:203] 曝光时间 -> 9100 us
[2026-10-07 11:36:19.878] [info] [thread 103536] [daheng_demo.cpp AddExposureTime:203] 曝光时间 -> 9075 us
[2026-10-07 11:36:19.917] [info] [thread 103536] [daheng_demo.cpp AddExposureTime:203] 曝光时间 -> 9050 us
[2026-10-07 11:36:19.954] [info] [thread 103536] [daheng_demo.cpp AddExposureTime:203] 曝光时间 -> 9025 us
[2026-10-07 11:36:19.995] [info] [thread 103536] [daheng_demo.cpp AddExposureTime:203] 曝光时间 -> 9000 us
[2026-10-07 11:36:20.033] [info] [thread 103536] [daheng_demo.cpp AddExposureTime:203] 曝光时间 -> 8975 us
[2026-10-07 11:36:20.071] [info] [thread 103536] [daheng_demo.cpp AddExposureTime:203] 曝光时间 -> 8950 us
[2026-10-07 11:36:20.108] [info] [thread 103536] [daheng_demo.cpp AddExposureTime:203] 曝光时间 -> 8925 us
[2026-10-07 11:36:20.146] [info] [thread 103536] [daheng_demo.cpp AddExposureTime:203] 曝光时间 -> 8900 us
[2026-10-07 11:36:20.183] [info] [thread 103536] [daheng_demo.cpp AddExposureTime:203] 曝光时间 -> 8875 us
[2026-10-07 11:36:20.220] [info] [thread 103536] [daheng_demo.cpp AddExposureTime:203] 曝光时间 -> 8850 us
[2026-10-07 11:36:20.258] [info] [thread 103536] [daheng_demo.cpp AddExposureTime:203] 曝光时间 -> 8825 us
[2026-10-07 11:36:20.298] [info] [thread 103536] [daheng_demo.cpp AddExposureTime:203] 曝光时间 -> 8800 us
[2026-10-07 11:36:20.338] [info] [thread 103536] [daheng_demo.cpp AddExposureTime:203] 曝光时间 -> 8775 us
[2026-10-07 11:36:20.378] [info] [thread 103536] [daheng_demo.cpp AddExposureTime:203] 曝光时间 -> 8750 us
[2026-10-07 11:36:20.416] [info] [thread 103536] [daheng_demo.cpp AddExposureTime:203] 曝光时间 -> 8725 us
[2026-10-07 11:36:20.456] [info] [thread 103536] [daheng_demo.cpp AddExposureTime:203] 曝光时间 -> 8700 us
[2026-10-07 11:36:20.494] [info] [thread 103536] [daheng_demo.cpp AddExposureTime:203] 曝光时间 -> 8675 us
[2026-10-07 11:36:20.533] [info] [thread 103536] [daheng_demo.cpp AddExposureTime:203] 曝光时间 -> 8650 us
[2026-10-07 11:36:20.572] [info] [thread 103536] [daheng_demo.cpp AddExposureTime:203] 曝光时间 -> 8625 us
[2026-10-07 11:36:20.612] [info] [thread 103536] [daheng_demo.cpp AddExposureTime:203] 曝光时间 -> 8600 us
[2026-10-07 11:36:20.652] [info] [thread 103536] [daheng_demo.cpp AddExposureTime:203] 曝光时间 -> 8575 us
[2026-10-07 11:36:20.689] [info] [thread 103536] [daheng_demo.cpp AddExposureTime:203] 曝光时间 -> 8550 us
[2026-10-07 11:36:20.728] [info] [thread 103536] [daheng_demo.cpp AddExposureTime:203] 曝光时间 -> 8525 us
[2026-10-07 11:36:20.768] [info] [thread 103536] [daheng_demo.cpp AddExposureTime:203] 曝光时间 -> 8500 us
[2026-10-07 11:36:20.806] [info] [thread 103536] [daheng_demo.cpp AddExposureTime:203] 曝光时间 -> 8475 us
[2026-10-07 11:36:20.845] [info] [thread 103536] [daheng_demo.cpp AddExposureTime:203] 曝光时间 -> 8450 us
[2026-10-07 11:36:20.883] [info] [thread 103536] [daheng_demo.cpp AddExposureTime:203] 曝光时间 -> 8425 us
[2026-10-07 11:36:20.922] [info] [thread 103536] [daheng_demo.cpp AddExposureTime:203] 曝光时间 -> 8400 us
[2026-10-07 11:36:20.960] [info] [thread 103536] [daheng_demo.cpp AddExposureTime:203] 曝光时间 -> 8375 us
[2026-10-07 11:36:20.998] [info] [thread 103536] [daheng_demo.cpp AddExposureTime:203] 曝光时间 -> 8350 us
[2026-10-07 11:36:21.038] [info] [thread 103536] [daheng_demo.cpp AddExposureTime:203] 曝光时间 -> 8325 us
[2026-10-07 11:36:21.078] [info] [thread 103536] [daheng_demo.cpp AddExposureTime:203] 曝光时间 -> 8300 us
[2026-10-07 11:36:21.117] [info] [thread 103536] [daheng_demo.cpp AddExposureTime:203] 曝光时间 -> 8275 us
[2026-10-07 11:36:21.154] [info] [thread 103536] [daheng_demo.cpp AddExposureTime:203] 曝光时间 -> 8250 us
[2026-10-07 11:36:21.193] [info] [thread 103536] [daheng_demo.cpp AddExposureTime:203] 曝光时间 -> 8225 us
[2026-10-07 11:36:21.233] [info] [thread 103536] [daheng_demo.cpp AddExposureTime:203] 曝光时间 -> 8200 us
[2026-10-07 11:36:21.274] [info] [thread 103536] [daheng_demo.cpp AddExposureTime:203] 曝光时间 -> 8175 us
[2026-10-07 11:36:21.314] [info] [thread 103536] [daheng_demo.cpp AddExposureTime:203] 曝光时间 -> 8150 us
[2026-10-07 11:36:21.353] [info] [thread 103536] [daheng_demo.cpp AddExposureTime:203] 曝光时间 -> 8125 us
[2026-10-07 11:36:21.393] [info] [thread 103536] [daheng_demo.cpp AddExposureTime:203] 曝光时间 -> 8100 us
[2026-10-07 11:36:21.435] [info] [thread 103536] [daheng_demo.cpp AddExposureTime:203] 曝光时间 -> 8075 us
[2026-10-07 11:36:21.473] [info] [thread 103536] [daheng_demo.cpp AddExposureTime:203] 曝光时间 -> 8050 us
[2026-10-07 11:36:21.513] [info] [thread 103536] [daheng_demo.cpp AddExposureTime:203] 曝光时间 -> 8025 us
[2026-10-07 11:36:21.552] [info] [thread 103536] [daheng_demo.cpp AddExposureTime:203] 曝光时间 -> 8000 us
[2026-10-07 11:36:21.590] [info] [thread 103536] [daheng_demo.cpp AddExposureTime:203] 曝光时间 -> 7975 us
[2026-10-07 11:36:21.630] [info] [thread 103536] [daheng_demo.cpp AddExposureTime:203] 曝光时间 -> 7950 us
[2026-10-07 11:36:21.668] [info] [thread 103536] [daheng_demo.cpp AddExposureTime:203] 曝光时间 -> 7925 us
[2026-10-07 11:36:21.707] [info] [thread 103536] [daheng_demo.cpp AddExposureTime:203] 曝光时间 -> 7900 us
[2026-10-07 11:36:21.747] [info] [thread 103536] [daheng_demo.cpp AddExposureTime:203] 曝光时间 -> 7875 us
[2026-10-07 11:36:21.785] [info] [thread 103536] [daheng_demo.cpp AddExposureTime:203] 曝光时间 -> 7850 us
[2026-10-07 11:36:21.824] [info] [thread 103536] [daheng_demo.cpp AddExposureTime:203] 曝光时间 -> 7825 us
[2026-10-07 11:36:21.863] [info] [thread 103536] [daheng_demo.cpp AddExposureTime:203] 曝光时间 -> 7800 us
[2026-10-07 11:36:21.902] [info] [thread 103536] [daheng_demo.cpp AddExposureTime:203] 曝光时间 -> 7775 us
[2026-10-07 11:36:21.940] [info] [thread 103536] [daheng_demo.cpp AddExposureTime:203] 曝光时间 -> 7750 us
[2026-10-07 11:36:21.977] [info] [thread 103536] [daheng_demo.cpp AddExposureTime:203] 曝光时间 -> 7725 us
[2026-10-07 11:36:22.016] [info] [thread 103536] [daheng_demo.cpp AddExposureTime:203] 曝光时间 -> 7700 us
[2026-10-07 11:36:22.054] [info] [thread 103536] [daheng_demo.cpp AddExposureTime:203] 曝光时间 -> 7675 us
[2026-10-07 11:36:22.092] [info] [thread 103536] [daheng_demo.cpp AddExposureTime:203] 曝光时间 -> 7650 us
[2026-10-07 11:36:22.131] [info] [thread 103536] [daheng_demo.cpp AddExposureTime:203] 曝光时间 -> 7625 us
[2026-10-07 11:36:22.170] [info] [thread 103536] [daheng_demo.cpp AddExposureTime:203] 曝光时间 -> 7600 us
[2026-10-07 11:36:22.209] [info] [thread 103536] [daheng_demo.cpp AddExposureTime:203] 曝光时间 -> 7575 us
[2026-10-07 11:36:22.247] [info] [thread 103536] [daheng_demo.cpp AddExposureTime:203] 曝光时间 -> 7550 us
[2026-10-07 11:36:22.286] [info] [thread 103536] [daheng_demo.cpp AddExposureTime:203] 曝光时间 -> 7525 us
[2026-10-07 11:36:22.325] [info] [thread 103536] [daheng_demo.cpp AddExposureTime:203] 曝光时间 -> 7500 us
[2026-10-07 11:36:22.363] [info] [thread 103536] [daheng_demo.cpp AddExposureTime:203] 曝光时间 -> 7475 us
[2026-10-07 11:36:22.401] [info] [thread 103536] [daheng_demo.cpp AddExposureTime:203] 曝光时间 -> 7450 us
[2026-10-07 11:36:22.440] [info] [thread 103536] [daheng_demo.cpp AddExposureTime:203] 曝光时间 -> 7425 us
[2026-10-07 11:36:22.478] [info] [thread 103536] [daheng_demo.cpp AddExposureTime:203] 曝光时间 -> 7400 us
[2026-10-07 11:36:22.517] [info] [thread 103536] [daheng_demo.cpp AddExposureTime:203] 曝光时间 -> 7375 us
[2026-10-07 11:36:22.555] [info] [thread 103536] [daheng_demo.cpp AddExposureTime:203] 曝光时间 -> 7350 us
[2026-10-07 11:36:22.593] [info] [thread 103536] [daheng_demo.cpp AddExposureTime:203] 曝光时间 -> 7325 us
[2026-10-07 11:36:22.630] [info] [thread 103536] [daheng_demo.cpp AddExposureTime:203] 曝光时间 -> 7300 us
[2026-10-07 11:36:22.668] [info] [thread 103536] [daheng_demo.cpp AddExposureTime:203] 曝光时间 -> 7275 us
[2026-10-07 11:36:22.707] [info] [thread 103536] [daheng_demo.cpp AddExposureTime:203] 曝光时间 -> 7250 us
[2026-10-07 11:36:22.746] [info] [thread 103536] [daheng_demo.cpp AddExposureTime:203] 曝光时间 -> 7225 us
[2026-10-07 11:36:22.785] [info] [thread 103536] [daheng_demo.cpp AddExposureTime:203] 曝光时间 -> 7200 us
[2026-10-07 11:36:22.823] [info] [thread 103536] [daheng_demo.cpp AddExposureTime:203] 曝光时间 -> 7175 us
[2026-10-07 11:36:22.861] [info] [thread 103536] [daheng_demo.cpp AddExposureTime:203] 曝光时间 -> 7150 us
[2026-10-07 11:36:22.899] [info] [thread 103536] [daheng_demo.cpp AddExposureTime:203] 曝光时间 -> 7125 us
[2026-10-07 11:36:22.937] [info] [thread 103536] [daheng_demo.cpp AddExposureTime:203] 曝光时间 -> 7100 us
[2026-10-07 11:36:22.975] [info] [thread 103536] [daheng_demo.cpp AddExposureTime:203] 曝光时间 -> 7075 us
[2026-10-07 11:36:23.016] [info] [thread 103536] [daheng_demo.cpp AddExposureTime:203] 曝光时间 -> 7050 us
[2026-10-07 11:36:23.056] [info] [thread 103536] [daheng_demo.cpp AddExposureTime:203] 曝光时间 -> 7025 us
[2026-10-07 11:36:23.094] [info] [thread 103536] [daheng_demo.cpp AddExposureTime:203] 曝光时间 -> 7000 us
[2026-10-07 11:36:23.134] [info] [thread 103536] [daheng_demo.cpp AddExposureTime:203] 曝光时间 -> 6975 us
[2026-10-07 11:36:23.174] [info] [thread 103536] [daheng_demo.cpp AddExposureTime:203] 曝光时间 -> 6950 us
[2026-10-07 11:36:31.182] [info] [thread 103536] [daheng_demo.cpp main:541] 相机已关闭
[2026-10-07 11:37:05.309] [info] [thread 103850] [daheng_demo.cpp main:273] daheng_demo 启动
[2026-10-07 11:37:05.332] [debug] [thread 103850] [daheng_demo.cpp main:278] GXInitLib status = 0
[2026-10-07 11:37:06.343] [info] [thread 103850] [daheng_demo.cpp EnumerateDevices:146] 共找到 1 台设备:
[2026-10-07 11:37:06.343] [info] [thread 103850] [daheng_demo.cpp EnumerateDevices:158]   [1] 型号: MER2-230-168U3C  序列号: FDE25070188
[2026-10-07 11:37:07.482] [info] [thread 103850] [daheng_demo.cpp main:316] 打开相机 FDE25070188 成功
[2026-10-07 11:37:07.531] [info] [thread 103850] [daheng_demo.cpp main:366] 分辨率 1920x1200
[2026-10-07 11:37:07.585] [info] [thread 103850] [daheng_demo.cpp main:429] YOLO 模型加载成功: /home/zhongchengyi/Desktop/desktop/RM/runs/detect/train-3/weights/best.onnx
[2026-10-07 11:37:07.585] [info] [thread 103850] [daheng_demo.cpp main:439] 取流开始,按 e/d 调曝光、a/q 调增益、s/w 调伽马、ESC 退出
[2026-10-07 11:37:28.178] [info] [thread 103850] [daheng_demo.cpp main:541] 相机已关闭
[2026-10-07 12:08:38.175] [info] [thread 105728] [daheng_demo.cpp main:408] daheng_demo 启动
[2026-10-07 12:08:38.202] [debug] [thread 105728] [daheng_demo.cpp main:413] GXInitLib status = 0
[2026-10-07 12:08:39.212] [info] [thread 105728] [daheng_demo.cpp EnumerateDevices:281] 共找到 1 台设备:
[2026-10-07 12:08:39.212] [info] [thread 105728] [daheng_demo.cpp EnumerateDevices:293]   [1] 型号: MER2-230-168U3C  序列号: FDE25070188
[2026-10-07 12:08:40.351] [info] [thread 105728] [daheng_demo.cpp main:451] 打开相机 FDE25070188 成功
[2026-10-07 12:08:40.402] [info] [thread 105728] [daheng_demo.cpp main:501] 分辨率 1920x1200
[2026-10-07 12:08:40.456] [info] [thread 105728] [daheng_demo.cpp main:564] YOLO 模型加载成功: /home/zhongchengyi/Desktop/desktop/RM/runs/detect/train-3/weights/best.onnx
[2026-10-07 12:08:40.456] [info] [thread 105728] [daheng_demo.cpp main:574] 取流开始,按 e/d 调曝光、a/q 调增益、s/w 调伽马、ESC 退出
[2026-10-07 12:09:43.125] [info] [thread 105728] [daheng_demo.cpp main:707] 相机已关闭
[2026-10-07 12:17:03.535] [info] [thread 106274] [daheng_demo.cpp main:430] daheng_demo 启动
[2026-10-07 12:17:03.557] [debug] [thread 106274] [daheng_demo.cpp main:435] GXInitLib status = 0
[2026-10-07 12:17:04.568] [info] [thread 106274] [daheng_demo.cpp EnumerateDevices:303] 共找到 1 台设备:
[2026-10-07 12:17:04.568] [info] [thread 106274] [daheng_demo.cpp EnumerateDevices:315]   [1] 型号: MER2-230-168U3C  序列号: FDE25070188
[2026-10-07 12:17:05.711] [info] [thread 106274] [daheng_demo.cpp main:473] 打开相机 FDE25070188 成功
[2026-10-07 12:17:05.759] [info] [thread 106274] [daheng_demo.cpp main:523] 分辨率 1920x1200
[2026-10-07 12:17:05.812] [info] [thread 106274] [daheng_demo.cpp main:586] YOLO 模型加载成功: /home/zhongchengyi/Desktop/desktop/RM/runs/detect/train-3/weights/best.onnx
[2026-10-07 12:17:05.812] [info] [thread 106274] [daheng_demo.cpp main:596] 取流开始,按 e/d 调曝光、a/q 调增益、s/w 调伽马、ESC 退出
[2026-10-07 12:19:04.745] [info] [thread 106274] [daheng_demo.cpp main:732] 相机已关闭
[2026-10-07 12:21:32.983] [info] [thread 106639] [daheng_demo.cpp main:430] daheng_demo 启动
[2026-10-07 12:21:33.007] [debug] [thread 106639] [daheng_demo.cpp main:435] GXInitLib status = 0
[2026-10-07 12:21:34.018] [info] [thread 106639] [daheng_demo.cpp EnumerateDevices:303] 共找到 1 台设备:
[2026-10-07 12:21:34.018] [info] [thread 106639] [daheng_demo.cpp EnumerateDevices:315]   [1] 型号: MER2-230-168U3C  序列号: FDE25070188
[2026-10-07 12:21:35.162] [info] [thread 106639] [daheng_demo.cpp main:473] 打开相机 FDE25070188 成功
[2026-10-07 12:21:35.211] [info] [thread 106639] [daheng_demo.cpp main:523] 分辨率 1920x1200
[2026-10-07 12:21:35.264] [info] [thread 106639] [daheng_demo.cpp main:586] YOLO 模型加载成功: /home/zhongchengyi/Desktop/desktop/RM/runs/detect/train-3/weights/best.onnx
[2026-10-07 12:21:35.264] [info] [thread 106639] [daheng_demo.cpp main:596] 取流开始,按 e/d 调曝光、a/q 调增益、s/w 调伽马、ESC 退出
[2026-10-07 12:22:12.548] [info] [thread 106639] [daheng_demo.cpp main:732] 相机已关闭
[2026-10-07 12:57:56.026] [info] [thread 107378] [daheng_demo.cpp main:430] daheng_demo 启动
[2026-10-07 12:57:56.048] [debug] [thread 107378] [daheng_demo.cpp main:435] GXInitLib status = 0
[2026-10-07 12:57:57.060] [info] [thread 107378] [daheng_demo.cpp EnumerateDevices:303] 共找到 1 台设备:
[2026-10-07 12:57:57.060] [info] [thread 107378] [daheng_demo.cpp EnumerateDevices:315]   [1] 型号: MER2-230-168U3C  序列号: FDE25070188
[2026-10-07 12:57:58.201] [info] [thread 107378] [daheng_demo.cpp main:473] 打开相机 FDE25070188 成功
[2026-10-07 12:57:58.253] [info] [thread 107378] [daheng_demo.cpp main:523] 分辨率 1920x1200
[2026-10-07 12:57:58.306] [info] [thread 107378] [daheng_demo.cpp main:586] YOLO 模型加载成功: /home/zhongchengyi/Desktop/desktop/RM/runs/detect/train-3/weights/best.onnx
[2026-10-07 12:57:58.306] [info] [thread 107378] [daheng_demo.cpp main:596] 取流开始,按 e/d 调曝光、a/q 调增益、s/w 调伽马、ESC 退出
[2026-10-07 12:58:04.816] [info] [thread 107378] [daheng_demo.cpp AddExposureTime:360] 曝光时间 -> 10000 us
[2026-10-07 12:58:05.297] [info] [thread 107378] [daheng_demo.cpp AddExposureTime:360] 曝光时间 -> 10000 us
[2026-10-07 12:58:05.331] [info] [thread 107378] [daheng_demo.cpp AddExposureTime:360] 曝光时间 -> 10000 us
[2026-10-07 12:58:05.364] [info] [thread 107378] [daheng_demo.cpp AddExposureTime:360] 曝光时间 -> 10000 us
[2026-10-07 12:58:05.398] [info] [thread 107378] [daheng_demo.cpp AddExposureTime:360] 曝光时间 -> 10000 us
[2026-10-07 12:58:05.432] [info] [thread 107378] [daheng_demo.cpp AddExposureTime:360] 曝光时间 -> 10000 us
[2026-10-07 12:58:05.466] [info] [thread 107378] [daheng_demo.cpp AddExposureTime:360] 曝光时间 -> 10000 us
[2026-10-07 12:58:05.503] [info] [thread 107378] [daheng_demo.cpp AddExposureTime:360] 曝光时间 -> 10000 us
[2026-10-07 12:58:05.535] [info] [thread 107378] [daheng_demo.cpp AddExposureTime:360] 曝光时间 -> 10000 us
[2026-10-07 12:58:05.570] [info] [thread 107378] [daheng_demo.cpp AddExposureTime:360] 曝光时间 -> 10000 us
[2026-10-07 12:58:05.602] [info] [thread 107378] [daheng_demo.cpp AddExposureTime:360] 曝光时间 -> 10000 us
[2026-10-07 12:58:05.635] [info] [thread 107378] [daheng_demo.cpp AddExposureTime:360] 曝光时间 -> 10000 us
[2026-10-07 12:58:05.668] [info] [thread 107378] [daheng_demo.cpp AddExposureTime:360] 曝光时间 -> 10000 us
[2026-10-07 12:58:05.703] [info] [thread 107378] [daheng_demo.cpp AddExposureTime:360] 曝光时间 -> 10000 us
[2026-10-07 12:58:05.735] [info] [thread 107378] [daheng_demo.cpp AddExposureTime:360] 曝光时间 -> 10000 us
[2026-10-07 12:58:05.770] [info] [thread 107378] [daheng_demo.cpp AddExposureTime:360] 曝光时间 -> 10000 us
[2026-10-07 12:58:05.802] [info] [thread 107378] [daheng_demo.cpp AddExposureTime:360] 曝光时间 -> 10000 us
[2026-10-07 12:58:05.836] [info] [thread 107378] [daheng_demo.cpp AddExposureTime:360] 曝光时间 -> 10000 us
[2026-10-07 12:58:05.870] [info] [thread 107378] [daheng_demo.cpp AddExposureTime:360] 曝光时间 -> 10000 us
[2026-10-07 12:58:05.903] [info] [thread 107378] [daheng_demo.cpp AddExposureTime:360] 曝光时间 -> 10000 us
[2026-10-07 12:58:05.937] [info] [thread 107378] [daheng_demo.cpp AddExposureTime:360] 曝光时间 -> 10000 us
[2026-10-07 12:58:05.969] [info] [thread 107378] [daheng_demo.cpp AddExposureTime:360] 曝光时间 -> 10000 us
[2026-10-07 12:58:06.002] [info] [thread 107378] [daheng_demo.cpp AddExposureTime:360] 曝光时间 -> 10000 us
[2026-10-07 12:58:06.036] [info] [thread 107378] [daheng_demo.cpp AddExposureTime:360] 曝光时间 -> 10000 us
[2026-10-07 12:58:06.068] [info] [thread 107378] [daheng_demo.cpp AddExposureTime:360] 曝光时间 -> 10000 us
[2026-10-07 12:58:06.101] [info] [thread 107378] [daheng_demo.cpp AddExposureTime:360] 曝光时间 -> 10000 us
[2026-10-07 12:58:06.134] [info] [thread 107378] [daheng_demo.cpp AddExposureTime:360] 曝光时间 -> 10000 us
[2026-10-07 12:58:06.168] [info] [thread 107378] [daheng_demo.cpp AddExposureTime:360] 曝光时间 -> 10000 us
[2026-10-07 12:58:06.203] [info] [thread 107378] [daheng_demo.cpp AddExposureTime:360] 曝光时间 -> 10000 us
[2026-10-07 12:58:06.242] [info] [thread 107378] [daheng_demo.cpp AddExposureTime:360] 曝光时间 -> 10000 us
[2026-10-07 12:58:06.280] [info] [thread 107378] [daheng_demo.cpp AddExposureTime:360] 曝光时间 -> 10000 us
[2026-10-07 12:58:06.311] [info] [thread 107378] [daheng_demo.cpp AddExposureTime:360] 曝光时间 -> 10000 us
[2026-10-07 12:58:06.344] [info] [thread 107378] [daheng_demo.cpp AddExposureTime:360] 曝光时间 -> 10000 us
[2026-10-07 12:58:06.376] [info] [thread 107378] [daheng_demo.cpp AddExposureTime:360] 曝光时间 -> 10000 us
[2026-10-07 12:58:07.793] [info] [thread 107378] [daheng_demo.cpp AddExposureTime:360] 曝光时间 -> 10000 us
[2026-10-07 12:58:08.277] [info] [thread 107378] [daheng_demo.cpp AddExposureTime:360] 曝光时间 -> 10000 us
[2026-10-07 12:58:08.310] [info] [thread 107378] [daheng_demo.cpp AddExposureTime:360] 曝光时间 -> 10000 us
[2026-10-07 12:58:08.344] [info] [thread 107378] [daheng_demo.cpp AddExposureTime:360] 曝光时间 -> 10000 us
[2026-10-07 12:58:08.378] [info] [thread 107378] [daheng_demo.cpp AddExposureTime:360] 曝光时间 -> 10000 us
[2026-10-07 12:58:08.410] [info] [thread 107378] [daheng_demo.cpp AddExposureTime:360] 曝光时间 -> 10000 us
[2026-10-07 12:58:08.445] [info] [thread 107378] [daheng_demo.cpp AddExposureTime:360] 曝光时间 -> 10000 us
[2026-10-07 12:58:08.477] [info] [thread 107378] [daheng_demo.cpp AddExposureTime:360] 曝光时间 -> 10000 us
[2026-10-07 12:58:08.510] [info] [thread 107378] [daheng_demo.cpp AddExposureTime:360] 曝光时间 -> 10000 us
[2026-10-07 12:58:08.543] [info] [thread 107378] [daheng_demo.cpp AddExposureTime:360] 曝光时间 -> 10000 us
[2026-10-07 12:58:08.577] [info] [thread 107378] [daheng_demo.cpp AddExposureTime:360] 曝光时间 -> 10000 us
[2026-10-07 12:58:08.609] [info] [thread 107378] [daheng_demo.cpp AddExposureTime:360] 曝光时间 -> 10000 us
[2026-10-07 12:58:08.640] [info] [thread 107378] [daheng_demo.cpp AddExposureTime:360] 曝光时间 -> 10000 us
[2026-10-07 12:58:09.178] [info] [thread 107378] [daheng_demo.cpp AddExposureTime:360] 曝光时间 -> 9975 us
[2026-10-07 12:58:09.676] [info] [thread 107378] [daheng_demo.cpp AddExposureTime:360] 曝光时间 -> 9950 us
[2026-10-07 12:58:09.709] [info] [thread 107378] [daheng_demo.cpp AddExposureTime:360] 曝光时间 -> 9925 us
[2026-10-07 12:58:09.743] [info] [thread 107378] [daheng_demo.cpp AddExposureTime:360] 曝光时间 -> 9900 us
[2026-10-07 12:58:09.778] [info] [thread 107378] [daheng_demo.cpp AddExposureTime:360] 曝光时间 -> 9875 us
[2026-10-07 12:58:09.813] [info] [thread 107378] [daheng_demo.cpp AddExposureTime:360] 曝光时间 -> 9850 us
[2026-10-07 12:58:09.845] [info] [thread 107378] [daheng_demo.cpp AddExposureTime:360] 曝光时间 -> 9825 us
[2026-10-07 12:58:09.881] [info] [thread 107378] [daheng_demo.cpp AddExposureTime:360] 曝光时间 -> 9800 us
[2026-10-07 12:58:09.918] [info] [thread 107378] [daheng_demo.cpp AddExposureTime:360] 曝光时间 -> 9775 us
[2026-10-07 12:58:09.951] [info] [thread 107378] [daheng_demo.cpp AddExposureTime:360] 曝光时间 -> 9750 us
[2026-10-07 12:58:09.986] [info] [thread 107378] [daheng_demo.cpp AddExposureTime:360] 曝光时间 -> 9725 us
[2026-10-07 12:58:10.197] [info] [thread 107378] [daheng_demo.cpp AddExposureTime:360] 曝光时间 -> 9750 us
[2026-10-07 12:58:10.704] [info] [thread 107378] [daheng_demo.cpp AddExposureTime:360] 曝光时间 -> 9775 us
[2026-10-07 12:58:10.737] [info] [thread 107378] [daheng_demo.cpp AddExposureTime:360] 曝光时间 -> 9800 us
[2026-10-07 12:58:10.771] [info] [thread 107378] [daheng_demo.cpp AddExposureTime:360] 曝光时间 -> 9825 us
[2026-10-07 12:58:10.804] [info] [thread 107378] [daheng_demo.cpp AddExposureTime:360] 曝光时间 -> 9850 us
[2026-10-07 12:58:10.838] [info] [thread 107378] [daheng_demo.cpp AddExposureTime:360] 曝光时间 -> 9875 us
[2026-10-07 12:58:10.872] [info] [thread 107378] [daheng_demo.cpp AddExposureTime:360] 曝光时间 -> 9900 us
[2026-10-07 12:58:10.907] [info] [thread 107378] [daheng_demo.cpp AddExposureTime:360] 曝光时间 -> 9925 us
[2026-10-07 12:58:10.942] [info] [thread 107378] [daheng_demo.cpp AddExposureTime:360] 曝光时间 -> 9950 us
[2026-10-07 12:58:10.977] [info] [thread 107378] [daheng_demo.cpp AddExposureTime:360] 曝光时间 -> 9975 us
[2026-10-07 12:58:11.011] [info] [thread 107378] [daheng_demo.cpp AddExposureTime:360] 曝光时间 -> 10000 us
[2026-10-07 12:58:11.044] [info] [thread 107378] [daheng_demo.cpp AddExposureTime:360] 曝光时间 -> 10000 us
[2026-10-07 12:58:11.077] [info] [thread 107378] [daheng_demo.cpp AddExposureTime:360] 曝光时间 -> 10000 us
[2026-10-07 12:58:11.110] [info] [thread 107378] [daheng_demo.cpp AddExposureTime:360] 曝光时间 -> 10000 us
[2026-10-07 12:58:11.144] [info] [thread 107378] [daheng_demo.cpp AddExposureTime:360] 曝光时间 -> 10000 us
[2026-10-07 12:58:11.176] [info] [thread 107378] [daheng_demo.cpp AddExposureTime:360] 曝光时间 -> 10000 us
[2026-10-07 12:58:11.210] [info] [thread 107378] [daheng_demo.cpp AddExposureTime:360] 曝光时间 -> 10000 us
[2026-10-07 12:58:11.243] [info] [thread 107378] [daheng_demo.cpp AddExposureTime:360] 曝光时间 -> 10000 us
[2026-10-07 12:58:11.276] [info] [thread 107378] [daheng_demo.cpp AddExposureTime:360] 曝光时间 -> 10000 us
[2026-10-07 12:58:11.310] [info] [thread 107378] [daheng_demo.cpp AddExposureTime:360] 曝光时间 -> 10000 us
[2026-10-07 12:58:11.341] [info] [thread 107378] [daheng_demo.cpp AddExposureTime:360] 曝光时间 -> 10000 us
[2026-10-07 12:58:11.373] [info] [thread 107378] [daheng_demo.cpp AddExposureTime:360] 曝光时间 -> 10000 us
[2026-10-07 12:58:12.188] [info] [thread 107378] [daheng_demo.cpp AddGain:384] 增益 -> 0 dB
[2026-10-07 12:58:12.697] [info] [thread 107378] [daheng_demo.cpp AddGain:384] 增益 -> 0 dB
[2026-10-07 12:58:12.735] [info] [thread 107378] [daheng_demo.cpp AddGain:384] 增益 -> 0 dB
[2026-10-07 12:58:12.772] [info] [thread 107378] [daheng_demo.cpp AddGain:384] 增益 -> 0 dB
[2026-10-07 12:58:12.805] [info] [thread 107378] [daheng_demo.cpp AddGain:384] 增益 -> 0 dB
[2026-10-07 12:58:12.838] [info] [thread 107378] [daheng_demo.cpp AddGain:384] 增益 -> 0 dB
[2026-10-07 12:58:12.872] [info] [thread 107378] [daheng_demo.cpp AddGain:384] 增益 -> 0 dB
[2026-10-07 12:58:12.905] [info] [thread 107378] [daheng_demo.cpp AddGain:384] 增益 -> 0 dB
[2026-10-07 12:58:12.941] [info] [thread 107378] [daheng_demo.cpp AddGain:384] 增益 -> 0 dB
[2026-10-07 12:58:12.978] [info] [thread 107378] [daheng_demo.cpp AddGain:384] 增益 -> 0 dB
[2026-10-07 12:58:13.011] [info] [thread 107378] [daheng_demo.cpp AddGain:384] 增益 -> 0 dB
[2026-10-07 12:58:13.046] [info] [thread 107378] [daheng_demo.cpp AddGain:384] 增益 -> 0 dB
[2026-10-07 12:58:13.079] [info] [thread 107378] [daheng_demo.cpp AddGain:384] 增益 -> 0 dB
[2026-10-07 12:58:13.118] [info] [thread 107378] [daheng_demo.cpp AddGain:384] 增益 -> 0 dB
[2026-10-07 12:58:13.153] [info] [thread 107378] [daheng_demo.cpp AddGain:384] 增益 -> 0 dB
[2026-10-07 12:58:13.188] [info] [thread 107378] [daheng_demo.cpp AddGain:384] 增益 -> 0 dB
[2026-10-07 12:58:13.222] [info] [thread 107378] [daheng_demo.cpp AddGain:384] 增益 -> 0 dB
[2026-10-07 12:58:13.257] [info] [thread 107378] [daheng_demo.cpp AddGain:384] 增益 -> 0 dB
[2026-10-07 12:58:14.045] [info] [thread 107378] [daheng_demo.cpp AddGain:384] 增益 -> 0.1 dB
[2026-10-07 12:58:14.553] [info] [thread 107378] [daheng_demo.cpp AddGain:384] 增益 -> 0.2 dB
[2026-10-07 12:58:14.586] [info] [thread 107378] [daheng_demo.cpp AddGain:384] 增益 -> 0.30000000000000004 dB
[2026-10-07 12:58:14.624] [info] [thread 107378] [daheng_demo.cpp AddGain:384] 增益 -> 0.4 dB
[2026-10-07 12:58:14.659] [info] [thread 107378] [daheng_demo.cpp AddGain:384] 增益 -> 0.5 dB
[2026-10-07 12:58:14.695] [info] [thread 107378] [daheng_demo.cpp AddGain:384] 增益 -> 0.6 dB
[2026-10-07 12:58:14.729] [info] [thread 107378] [daheng_demo.cpp AddGain:384] 增益 -> 0.7 dB
[2026-10-07 12:58:14.761] [info] [thread 107378] [daheng_demo.cpp AddGain:384] 增益 -> 0.7999999999999999 dB
[2026-10-07 12:58:14.797] [info] [thread 107378] [daheng_demo.cpp AddGain:384] 增益 -> 0.9 dB
[2026-10-07 12:58:14.831] [info] [thread 107378] [daheng_demo.cpp AddGain:384] 增益 -> 1 dB
[2026-10-07 12:58:14.866] [info] [thread 107378] [daheng_demo.cpp AddGain:384] 增益 -> 1.1 dB
[2026-10-07 12:58:14.903] [info] [thread 107378] [daheng_demo.cpp AddGain:384] 增益 -> 1.2000000000000002 dB
[2026-10-07 12:58:14.938] [info] [thread 107378] [daheng_demo.cpp AddGain:384] 增益 -> 1.3 dB
[2026-10-07 12:58:14.973] [info] [thread 107378] [daheng_demo.cpp AddGain:384] 增益 -> 1.4000000000000001 dB
[2026-10-07 12:58:15.006] [info] [thread 107378] [daheng_demo.cpp AddGain:384] 增益 -> 1.5 dB
[2026-10-07 12:58:15.040] [info] [thread 107378] [daheng_demo.cpp AddGain:384] 增益 -> 1.6 dB
[2026-10-07 12:58:15.077] [info] [thread 107378] [daheng_demo.cpp AddGain:384] 增益 -> 1.7000000000000002 dB
[2026-10-07 12:58:15.112] [info] [thread 107378] [daheng_demo.cpp AddGain:384] 增益 -> 1.8 dB
[2026-10-07 12:58:15.147] [info] [thread 107378] [daheng_demo.cpp AddGain:384] 增益 -> 1.9000000000000001 dB
[2026-10-07 12:58:15.181] [info] [thread 107378] [daheng_demo.cpp AddGain:384] 增益 -> 2 dB
[2026-10-07 12:58:15.216] [info] [thread 107378] [daheng_demo.cpp AddGain:384] 增益 -> 2.1 dB
[2026-10-07 12:58:15.251] [info] [thread 107378] [daheng_demo.cpp AddGain:384] 增益 -> 2.2 dB
[2026-10-07 12:58:15.286] [info] [thread 107378] [daheng_demo.cpp AddGain:384] 增益 -> 2.3000000000000003 dB
[2026-10-07 12:58:15.323] [info] [thread 107378] [daheng_demo.cpp AddGain:384] 增益 -> 2.4 dB
[2026-10-07 12:58:15.356] [info] [thread 107378] [daheng_demo.cpp AddGain:384] 增益 -> 2.5 dB
[2026-10-07 12:58:15.390] [info] [thread 107378] [daheng_demo.cpp AddGain:384] 增益 -> 2.6 dB
[2026-10-07 12:58:15.427] [info] [thread 107378] [daheng_demo.cpp AddGain:384] 增益 -> 2.7 dB
[2026-10-07 12:58:15.462] [info] [thread 107378] [daheng_demo.cpp AddGain:384] 增益 -> 2.8000000000000003 dB
[2026-10-07 12:58:15.497] [info] [thread 107378] [daheng_demo.cpp AddGain:384] 增益 -> 2.9 dB
[2026-10-07 12:58:15.532] [info] [thread 107378] [daheng_demo.cpp AddGain:384] 增益 -> 3 dB
[2026-10-07 12:58:15.565] [info] [thread 107378] [daheng_demo.cpp AddGain:384] 增益 -> 3.1 dB
[2026-10-07 12:58:15.600] [info] [thread 107378] [daheng_demo.cpp AddGain:384] 增益 -> 3.2 dB
[2026-10-07 12:58:15.637] [info] [thread 107378] [daheng_demo.cpp AddGain:384] 增益 -> 3.3000000000000003 dB
[2026-10-07 12:58:15.675] [info] [thread 107378] [daheng_demo.cpp AddGain:384] 增益 -> 3.4 dB
[2026-10-07 12:58:15.708] [info] [thread 107378] [daheng_demo.cpp AddGain:384] 增益 -> 3.5 dB
[2026-10-07 12:58:15.742] [info] [thread 107378] [daheng_demo.cpp AddGain:384] 增益 -> 3.6 dB
[2026-10-07 12:58:15.777] [info] [thread 107378] [daheng_demo.cpp AddGain:384] 增益 -> 3.7 dB
[2026-10-07 12:58:15.811] [info] [thread 107378] [daheng_demo.cpp AddGain:384] 增益 -> 3.8000000000000003 dB
[2026-10-07 12:58:15.846] [info] [thread 107378] [daheng_demo.cpp AddGain:384] 增益 -> 3.9 dB
[2026-10-07 12:58:16.251] [info] [thread 107378] [daheng_demo.cpp AddGain:384] 增益 -> 4 dB
[2026-10-07 12:58:16.756] [info] [thread 107378] [daheng_demo.cpp AddGain:384] 增益 -> 4.1 dB
[2026-10-07 12:58:16.791] [info] [thread 107378] [daheng_demo.cpp AddGain:384] 增益 -> 4.199999999999999 dB
[2026-10-07 12:58:16.826] [info] [thread 107378] [daheng_demo.cpp AddGain:384] 增益 -> 4.3 dB
[2026-10-07 12:58:16.860] [info] [thread 107378] [daheng_demo.cpp AddGain:384] 增益 -> 4.3999999999999995 dB
[2026-10-07 12:58:16.896] [info] [thread 107378] [daheng_demo.cpp AddGain:384] 增益 -> 4.5 dB
[2026-10-07 12:58:16.932] [info] [thread 107378] [daheng_demo.cpp AddGain:384] 增益 -> 4.6 dB
[2026-10-07 12:58:16.968] [info] [thread 107378] [daheng_demo.cpp AddGain:384] 增益 -> 4.699999999999999 dB
[2026-10-07 12:58:17.000] [info] [thread 107378] [daheng_demo.cpp AddGain:384] 增益 -> 4.8 dB
[2026-10-07 12:58:17.037] [info] [thread 107378] [daheng_demo.cpp AddGain:384] 增益 -> 4.8999999999999995 dB
[2026-10-07 12:58:17.072] [info] [thread 107378] [daheng_demo.cpp AddGain:384] 增益 -> 5 dB
[2026-10-07 12:58:17.107] [info] [thread 107378] [daheng_demo.cpp AddGain:384] 增益 -> 5.1 dB
[2026-10-07 12:58:17.142] [info] [thread 107378] [daheng_demo.cpp AddGain:384] 增益 -> 5.199999999999999 dB
[2026-10-07 12:58:17.175] [info] [thread 107378] [daheng_demo.cpp AddGain:384] 增益 -> 5.3 dB
[2026-10-07 12:58:17.209] [info] [thread 107378] [daheng_demo.cpp AddGain:384] 增益 -> 5.3999999999999995 dB
[2026-10-07 12:58:17.245] [info] [thread 107378] [daheng_demo.cpp AddGain:384] 增益 -> 5.5 dB
[2026-10-07 12:58:17.279] [info] [thread 107378] [daheng_demo.cpp AddGain:384] 增益 -> 5.6 dB
[2026-10-07 12:58:17.312] [info] [thread 107378] [daheng_demo.cpp AddGain:384] 增益 -> 5.699999999999999 dB
[2026-10-07 12:58:17.345] [info] [thread 107378] [daheng_demo.cpp AddGain:384] 增益 -> 5.8 dB
[2026-10-07 12:58:17.381] [info] [thread 107378] [daheng_demo.cpp AddGain:384] 增益 -> 5.8999999999999995 dB
[2026-10-07 12:58:17.417] [info] [thread 107378] [daheng_demo.cpp AddGain:384] 增益 -> 6 dB
[2026-10-07 12:58:17.453] [info] [thread 107378] [daheng_demo.cpp AddGain:384] 增益 -> 6.1 dB
[2026-10-07 12:58:17.490] [info] [thread 107378] [daheng_demo.cpp AddGain:384] 增益 -> 6.199999999999999 dB
[2026-10-07 12:58:17.524] [info] [thread 107378] [daheng_demo.cpp AddGain:384] 增益 -> 6.3 dB
[2026-10-07 12:58:17.558] [info] [thread 107378] [daheng_demo.cpp AddGain:384] 增益 -> 6.3999999999999995 dB
[2026-10-07 12:58:17.595] [info] [thread 107378] [daheng_demo.cpp AddGain:384] 增益 -> 6.5 dB
[2026-10-07 12:58:17.631] [info] [thread 107378] [daheng_demo.cpp AddGain:384] 增益 -> 6.6 dB
[2026-10-07 12:58:17.666] [info] [thread 107378] [daheng_demo.cpp AddGain:384] 增益 -> 6.699999999999999 dB
[2026-10-07 12:58:17.700] [info] [thread 107378] [daheng_demo.cpp AddGain:384] 增益 -> 6.8 dB
[2026-10-07 12:58:17.732] [info] [thread 107378] [daheng_demo.cpp AddGain:384] 增益 -> 6.8999999999999995 dB
[2026-10-07 12:58:17.765] [info] [thread 107378] [daheng_demo.cpp AddGain:384] 增益 -> 7 dB
[2026-10-07 12:58:18.243] [info] [thread 107378] [daheng_demo.cpp AddGain:384] 增益 -> 7.1 dB
[2026-10-07 12:58:18.745] [info] [thread 107378] [daheng_demo.cpp AddGain:384] 增益 -> 7.199999999999999 dB
[2026-10-07 12:58:18.778] [info] [thread 107378] [daheng_demo.cpp AddGain:384] 增益 -> 7.3 dB
[2026-10-07 12:58:18.814] [info] [thread 107378] [daheng_demo.cpp AddGain:384] 增益 -> 7.3999999999999995 dB
[2026-10-07 12:58:18.851] [info] [thread 107378] [daheng_demo.cpp AddGain:384] 增益 -> 7.5 dB
[2026-10-07 12:58:18.888] [info] [thread 107378] [daheng_demo.cpp AddGain:384] 增益 -> 7.6 dB
[2026-10-07 12:58:18.923] [info] [thread 107378] [daheng_demo.cpp AddGain:384] 增益 -> 7.699999999999999 dB
[2026-10-07 12:58:18.959] [info] [thread 107378] [daheng_demo.cpp AddGain:384] 增益 -> 7.8 dB
[2026-10-07 12:58:18.995] [info] [thread 107378] [daheng_demo.cpp AddGain:384] 增益 -> 7.8999999999999995 dB
[2026-10-07 12:58:19.030] [info] [thread 107378] [daheng_demo.cpp AddGain:384] 增益 -> 8 dB
[2026-10-07 12:58:19.063] [info] [thread 107378] [daheng_demo.cpp AddGain:384] 增益 -> 8.1 dB
[2026-10-07 12:58:19.099] [info] [thread 107378] [daheng_demo.cpp AddGain:384] 增益 -> 8.2 dB
[2026-10-07 12:58:19.133] [info] [thread 107378] [daheng_demo.cpp AddGain:384] 增益 -> 8.299999999999999 dB
[2026-10-07 12:58:19.168] [info] [thread 107378] [daheng_demo.cpp AddGain:384] 增益 -> 8.4 dB
[2026-10-07 12:58:19.203] [info] [thread 107378] [daheng_demo.cpp AddGain:384] 增益 -> 8.5 dB
[2026-10-07 12:58:19.237] [info] [thread 107378] [daheng_demo.cpp AddGain:384] 增益 -> 8.6 dB
[2026-10-07 12:58:19.271] [info] [thread 107378] [daheng_demo.cpp AddGain:384] 增益 -> 8.7 dB
[2026-10-07 12:58:19.306] [info] [thread 107378] [daheng_demo.cpp AddGain:384] 增益 -> 8.799999999999999 dB
[2026-10-07 12:58:19.339] [info] [thread 107378] [daheng_demo.cpp AddGain:384] 增益 -> 8.9 dB
[2026-10-07 12:58:19.379] [info] [thread 107378] [daheng_demo.cpp AddGain:384] 增益 -> 9 dB
[2026-10-07 12:58:19.413] [info] [thread 107378] [daheng_demo.cpp AddGain:384] 增益 -> 9.1 dB
[2026-10-07 12:58:19.449] [info] [thread 107378] [daheng_demo.cpp AddGain:384] 增益 -> 9.2 dB
[2026-10-07 12:58:19.487] [info] [thread 107378] [daheng_demo.cpp AddGain:384] 增益 -> 9.299999999999999 dB
[2026-10-07 12:59:26.664] [info] [thread 107378] [daheng_demo.cpp main:732] 相机已关闭
[2026-10-07 13:14:22.662] [info] [thread 108197] [daheng_demo.cpp main:470] daheng_demo 启动
[2026-10-07 13:14:22.685] [debug] [thread 108197] [daheng_demo.cpp main:475] GXInitLib status = 0
[2026-10-07 13:14:23.697] [info] [thread 108197] [daheng_demo.cpp EnumerateDevices:343] 共找到 1 台设备:
[2026-10-07 13:14:23.697] [info] [thread 108197] [daheng_demo.cpp EnumerateDevices:355]   [1] 型号: MER2-230-168U3C  序列号: FDE25070188
[2026-10-07 13:14:24.833] [info] [thread 108197] [daheng_demo.cpp main:513] 打开相机 FDE25070188 成功
[2026-10-07 13:14:24.885] [info] [thread 108197] [daheng_demo.cpp main:563] 分辨率 1920x1200
[2026-10-07 13:14:24.939] [info] [thread 108197] [daheng_demo.cpp main:626] YOLO 模型加载成功: /home/zhongchengyi/Desktop/desktop/RM/runs/detect/train-3/weights/best.onnx
[2026-10-07 13:14:24.939] [info] [thread 108197] [daheng_demo.cpp main:636] 取流开始,按 e/d 调曝光、a/q 调增益、s/w 调伽马、ESC 退出
[2026-10-07 13:15:31.605] [info] [thread 108197] [daheng_demo.cpp AddGain:424] 增益 -> 9.200000000000001 dB
[2026-10-07 13:15:32.103] [info] [thread 108197] [daheng_demo.cpp AddGain:424] 增益 -> 9.1 dB
[2026-10-07 13:15:32.141] [info] [thread 108197] [daheng_demo.cpp AddGain:424] 增益 -> 9 dB
[2026-10-07 13:15:32.180] [info] [thread 108197] [daheng_demo.cpp AddGain:424] 增益 -> 8.9 dB
[2026-10-07 13:15:32.216] [info] [thread 108197] [daheng_demo.cpp AddGain:424] 增益 -> 8.8 dB
[2026-10-07 13:15:32.253] [info] [thread 108197] [daheng_demo.cpp AddGain:424] 增益 -> 8.700000000000001 dB
[2026-10-07 13:15:32.289] [info] [thread 108197] [daheng_demo.cpp AddGain:424] 增益 -> 8.6 dB
[2026-10-07 13:15:32.325] [info] [thread 108197] [daheng_demo.cpp AddGain:424] 增益 -> 8.5 dB
[2026-10-07 13:15:32.364] [info] [thread 108197] [daheng_demo.cpp AddGain:424] 增益 -> 8.4 dB
[2026-10-07 13:15:32.401] [info] [thread 108197] [daheng_demo.cpp AddGain:424] 增益 -> 8.3 dB
[2026-10-07 13:15:32.438] [info] [thread 108197] [daheng_demo.cpp AddGain:424] 增益 -> 8.200000000000001 dB
[2026-10-07 13:15:32.473] [info] [thread 108197] [daheng_demo.cpp AddGain:424] 增益 -> 8.1 dB
[2026-10-07 13:15:32.509] [info] [thread 108197] [daheng_demo.cpp AddGain:424] 增益 -> 8 dB
[2026-10-07 13:15:32.543] [info] [thread 108197] [daheng_demo.cpp AddGain:424] 增益 -> 7.9 dB
[2026-10-07 13:15:32.577] [info] [thread 108197] [daheng_demo.cpp AddGain:424] 增益 -> 7.800000000000001 dB
[2026-10-07 13:15:32.618] [info] [thread 108197] [daheng_demo.cpp AddGain:424] 增益 -> 7.7 dB
[2026-10-07 13:15:32.655] [info] [thread 108197] [daheng_demo.cpp AddGain:424] 增益 -> 7.6000000000000005 dB
[2026-10-07 13:15:32.691] [info] [thread 108197] [daheng_demo.cpp AddGain:424] 增益 -> 7.5 dB
[2026-10-07 13:15:33.216] [info] [thread 108197] [daheng_demo.cpp AddGain:424] 增益 -> 7.4 dB
[2026-10-07 13:15:33.728] [info] [thread 108197] [daheng_demo.cpp AddGain:424] 增益 -> 7.300000000000001 dB
[2026-10-07 13:15:33.768] [info] [thread 108197] [daheng_demo.cpp AddGain:424] 增益 -> 7.2 dB
[2026-10-07 13:15:33.804] [info] [thread 108197] [daheng_demo.cpp AddGain:424] 增益 -> 7.1000000000000005 dB
[2026-10-07 13:15:33.840] [info] [thread 108197] [daheng_demo.cpp AddGain:424] 增益 -> 7 dB
[2026-10-07 13:15:33.877] [info] [thread 108197] [daheng_demo.cpp AddGain:424] 增益 -> 6.9 dB
[2026-10-07 13:15:33.913] [info] [thread 108197] [daheng_demo.cpp AddGain:424] 增益 -> 6.800000000000001 dB
[2026-10-07 13:15:33.948] [info] [thread 108197] [daheng_demo.cpp AddGain:424] 增益 -> 6.7 dB
[2026-10-07 13:15:33.985] [info] [thread 108197] [daheng_demo.cpp AddGain:424] 增益 -> 6.6000000000000005 dB
[2026-10-07 13:15:34.021] [info] [thread 108197] [daheng_demo.cpp AddGain:424] 增益 -> 6.5 dB
[2026-10-07 13:15:34.060] [info] [thread 108197] [daheng_demo.cpp AddGain:424] 增益 -> 6.4 dB
[2026-10-07 13:15:34.098] [info] [thread 108197] [daheng_demo.cpp AddGain:424] 增益 -> 6.300000000000001 dB
[2026-10-07 13:15:34.136] [info] [thread 108197] [daheng_demo.cpp AddGain:424] 增益 -> 6.2 dB
[2026-10-07 13:15:34.173] [info] [thread 108197] [daheng_demo.cpp AddGain:424] 增益 -> 6.1000000000000005 dB
[2026-10-07 13:15:34.214] [info] [thread 108197] [daheng_demo.cpp AddGain:424] 增益 -> 6 dB
[2026-10-07 13:15:34.250] [info] [thread 108197] [daheng_demo.cpp AddGain:424] 增益 -> 5.9 dB
[2026-10-07 13:15:34.285] [info] [thread 108197] [daheng_demo.cpp AddGain:424] 增益 -> 5.800000000000001 dB
[2026-10-07 13:15:34.322] [info] [thread 108197] [daheng_demo.cpp AddGain:424] 增益 -> 5.7 dB
[2026-10-07 13:15:34.360] [info] [thread 108197] [daheng_demo.cpp AddGain:424] 增益 -> 5.6000000000000005 dB
[2026-10-07 13:15:34.957] [info] [thread 108197] [daheng_demo.cpp AddGain:424] 增益 -> 5.699999999999999 dB
[2026-10-07 13:15:35.434] [info] [thread 108197] [daheng_demo.cpp AddGain:424] 增益 -> 5.8 dB
[2026-10-07 13:15:35.474] [info] [thread 108197] [daheng_demo.cpp AddGain:424] 增益 -> 5.8999999999999995 dB
[2026-10-07 13:15:35.510] [info] [thread 108197] [daheng_demo.cpp AddGain:424] 增益 -> 6 dB
[2026-10-07 13:15:35.546] [info] [thread 108197] [daheng_demo.cpp AddGain:424] 增益 -> 6.1 dB
[2026-10-07 13:15:35.581] [info] [thread 108197] [daheng_demo.cpp AddGain:424] 增益 -> 6.199999999999999 dB
[2026-10-07 13:15:35.619] [info] [thread 108197] [daheng_demo.cpp AddGain:424] 增益 -> 6.3 dB
[2026-10-07 13:15:35.658] [info] [thread 108197] [daheng_demo.cpp AddGain:424] 增益 -> 6.3999999999999995 dB
[2026-10-07 13:15:35.694] [info] [thread 108197] [daheng_demo.cpp AddGain:424] 增益 -> 6.5 dB
[2026-10-07 13:15:35.730] [info] [thread 108197] [daheng_demo.cpp AddGain:424] 增益 -> 6.6 dB
[2026-10-07 13:15:35.769] [info] [thread 108197] [daheng_demo.cpp AddGain:424] 增益 -> 6.699999999999999 dB
[2026-10-07 13:15:35.804] [info] [thread 108197] [daheng_demo.cpp AddGain:424] 增益 -> 6.8 dB
[2026-10-07 13:15:35.839] [info] [thread 108197] [daheng_demo.cpp AddGain:424] 增益 -> 6.8999999999999995 dB
[2026-10-07 13:15:35.874] [info] [thread 108197] [daheng_demo.cpp AddGain:424] 增益 -> 7 dB
[2026-10-07 13:15:35.908] [info] [thread 108197] [daheng_demo.cpp AddGain:424] 增益 -> 7.1 dB
[2026-10-07 13:15:35.943] [info] [thread 108197] [daheng_demo.cpp AddGain:424] 增益 -> 7.199999999999999 dB
[2026-10-07 13:15:35.979] [info] [thread 108197] [daheng_demo.cpp AddGain:424] 增益 -> 7.3 dB
[2026-10-07 13:15:36.015] [info] [thread 108197] [daheng_demo.cpp AddGain:424] 增益 -> 7.3999999999999995 dB
[2026-10-07 13:15:36.049] [info] [thread 108197] [daheng_demo.cpp AddGain:424] 增益 -> 7.5 dB
[2026-10-07 13:15:36.085] [info] [thread 108197] [daheng_demo.cpp AddGain:424] 增益 -> 7.6 dB
[2026-10-07 13:15:36.122] [info] [thread 108197] [daheng_demo.cpp AddGain:424] 增益 -> 7.699999999999999 dB
[2026-10-07 13:15:36.157] [info] [thread 108197] [daheng_demo.cpp AddGain:424] 增益 -> 7.8 dB
[2026-10-07 13:15:36.192] [info] [thread 108197] [daheng_demo.cpp AddGain:424] 增益 -> 7.8999999999999995 dB
[2026-10-07 13:15:36.226] [info] [thread 108197] [daheng_demo.cpp AddGain:424] 增益 -> 8 dB
[2026-10-07 13:15:36.263] [info] [thread 108197] [daheng_demo.cpp AddGain:424] 增益 -> 8.1 dB
[2026-10-07 13:15:36.298] [info] [thread 108197] [daheng_demo.cpp AddGain:424] 增益 -> 8.2 dB
[2026-10-07 13:15:36.333] [info] [thread 108197] [daheng_demo.cpp AddGain:424] 增益 -> 8.299999999999999 dB
[2026-10-07 13:15:36.370] [info] [thread 108197] [daheng_demo.cpp AddGain:424] 增益 -> 8.4 dB
[2026-10-07 13:15:36.408] [info] [thread 108197] [daheng_demo.cpp AddGain:424] 增益 -> 8.5 dB
[2026-10-07 13:15:36.444] [info] [thread 108197] [daheng_demo.cpp AddGain:424] 增益 -> 8.6 dB
[2026-10-07 13:15:36.479] [info] [thread 108197] [daheng_demo.cpp AddGain:424] 增益 -> 8.7 dB
[2026-10-07 13:15:36.516] [info] [thread 108197] [daheng_demo.cpp AddGain:424] 增益 -> 8.799999999999999 dB
[2026-10-07 13:15:36.550] [info] [thread 108197] [daheng_demo.cpp AddGain:424] 增益 -> 8.9 dB
[2026-10-07 13:15:36.585] [info] [thread 108197] [daheng_demo.cpp AddGain:424] 增益 -> 9 dB
[2026-10-07 13:15:36.620] [info] [thread 108197] [daheng_demo.cpp AddGain:424] 增益 -> 9.1 dB
[2026-10-07 13:15:36.655] [info] [thread 108197] [daheng_demo.cpp AddGain:424] 增益 -> 9.2 dB
[2026-10-07 13:15:36.690] [info] [thread 108197] [daheng_demo.cpp AddGain:424] 增益 -> 9.299999999999999 dB
[2026-10-07 13:15:36.726] [info] [thread 108197] [daheng_demo.cpp AddGain:424] 增益 -> 9.4 dB
[2026-10-07 13:15:36.761] [info] [thread 108197] [daheng_demo.cpp AddGain:424] 增益 -> 9.5 dB
[2026-10-07 13:15:36.794] [info] [thread 108197] [daheng_demo.cpp AddGain:424] 增益 -> 9.6 dB
[2026-10-07 13:15:36.829] [info] [thread 108197] [daheng_demo.cpp AddGain:424] 增益 -> 9.7 dB
[2026-10-07 13:15:36.862] [info] [thread 108197] [daheng_demo.cpp AddGain:424] 增益 -> 9.799999999999999 dB
[2026-10-07 13:15:36.897] [info] [thread 108197] [daheng_demo.cpp AddGain:424] 增益 -> 9.9 dB
[2026-10-07 13:15:36.933] [info] [thread 108197] [daheng_demo.cpp AddGain:424] 增益 -> 10 dB
[2026-10-07 13:15:36.968] [info] [thread 108197] [daheng_demo.cpp AddGain:424] 增益 -> 10.1 dB
[2026-10-07 13:15:37.004] [info] [thread 108197] [daheng_demo.cpp AddGain:424] 增益 -> 10.2 dB
[2026-10-07 13:15:37.039] [info] [thread 108197] [daheng_demo.cpp AddGain:424] 增益 -> 10.299999999999999 dB
[2026-10-07 13:15:37.075] [info] [thread 108197] [daheng_demo.cpp AddGain:424] 增益 -> 10.4 dB
[2026-10-07 13:15:37.109] [info] [thread 108197] [daheng_demo.cpp AddGain:424] 增益 -> 10.5 dB
[2026-10-07 13:15:37.145] [info] [thread 108197] [daheng_demo.cpp AddGain:424] 增益 -> 10.6 dB
[2026-10-07 13:15:37.180] [info] [thread 108197] [daheng_demo.cpp AddGain:424] 增益 -> 10.7 dB
[2026-10-07 13:15:37.215] [info] [thread 108197] [daheng_demo.cpp AddGain:424] 增益 -> 10.799999999999999 dB
[2026-10-07 13:15:37.250] [info] [thread 108197] [daheng_demo.cpp AddGain:424] 增益 -> 10.9 dB
[2026-10-07 13:15:37.285] [info] [thread 108197] [daheng_demo.cpp AddGain:424] 增益 -> 11 dB
[2026-10-07 13:15:37.321] [info] [thread 108197] [daheng_demo.cpp AddGain:424] 增益 -> 11.1 dB
[2026-10-07 13:15:37.922] [info] [thread 108197] [daheng_demo.cpp AddGain:424] 增益 -> 11.2 dB
[2026-10-07 13:15:38.422] [info] [thread 108197] [daheng_demo.cpp AddGain:424] 增益 -> 11.299999999999999 dB
[2026-10-07 13:15:38.456] [info] [thread 108197] [daheng_demo.cpp AddGain:424] 增益 -> 11.4 dB
[2026-10-07 13:15:38.493] [info] [thread 108197] [daheng_demo.cpp AddGain:424] 增益 -> 11.5 dB
[2026-10-07 13:15:38.530] [info] [thread 108197] [daheng_demo.cpp AddGain:424] 增益 -> 11.6 dB
[2026-10-07 13:15:38.566] [info] [thread 108197] [daheng_demo.cpp AddGain:424] 增益 -> 11.7 dB
[2026-10-07 13:15:38.601] [info] [thread 108197] [daheng_demo.cpp AddGain:424] 增益 -> 11.799999999999999 dB
[2026-10-07 13:15:38.637] [info] [thread 108197] [daheng_demo.cpp AddGain:424] 增益 -> 11.9 dB
[2026-10-07 13:15:38.678] [info] [thread 108197] [daheng_demo.cpp AddGain:424] 增益 -> 12 dB
[2026-10-07 13:15:38.713] [info] [thread 108197] [daheng_demo.cpp AddGain:424] 增益 -> 12.1 dB
[2026-10-07 13:15:38.749] [info] [thread 108197] [daheng_demo.cpp AddGain:424] 增益 -> 12.2 dB
[2026-10-07 13:15:38.785] [info] [thread 108197] [daheng_demo.cpp AddGain:424] 增益 -> 12.299999999999999 dB
[2026-10-07 13:15:38.820] [info] [thread 108197] [daheng_demo.cpp AddGain:424] 增益 -> 12.4 dB
[2026-10-07 13:15:38.854] [info] [thread 108197] [daheng_demo.cpp AddGain:424] 增益 -> 12.5 dB
[2026-10-07 13:15:38.891] [info] [thread 108197] [daheng_demo.cpp AddGain:424] 增益 -> 12.6 dB
[2026-10-07 13:15:38.926] [info] [thread 108197] [daheng_demo.cpp AddGain:424] 增益 -> 12.7 dB
[2026-10-07 13:15:38.963] [info] [thread 108197] [daheng_demo.cpp AddGain:424] 增益 -> 12.799999999999999 dB
[2026-10-07 13:15:39.001] [info] [thread 108197] [daheng_demo.cpp AddGain:424] 增益 -> 12.9 dB
[2026-10-07 13:15:39.038] [info] [thread 108197] [daheng_demo.cpp AddGain:424] 增益 -> 13 dB
[2026-10-07 13:15:39.072] [info] [thread 108197] [daheng_demo.cpp AddGain:424] 增益 -> 13.1 dB
[2026-10-07 13:15:39.863] [info] [thread 108197] [daheng_demo.cpp AddGain:424] 增益 -> 13.2 dB
[2026-10-07 13:15:40.380] [info] [thread 108197] [daheng_demo.cpp AddGain:424] 增益 -> 13.299999999999999 dB
[2026-10-07 13:15:40.415] [info] [thread 108197] [daheng_demo.cpp AddGain:424] 增益 -> 13.4 dB
[2026-10-07 13:15:40.450] [info] [thread 108197] [daheng_demo.cpp AddGain:424] 增益 -> 13.5 dB
[2026-10-07 13:15:40.486] [info] [thread 108197] [daheng_demo.cpp AddGain:424] 增益 -> 13.6 dB
[2026-10-07 13:15:40.520] [info] [thread 108197] [daheng_demo.cpp AddGain:424] 增益 -> 13.7 dB
[2026-10-07 13:15:40.557] [info] [thread 108197] [daheng_demo.cpp AddGain:424] 增益 -> 13.799999999999999 dB
[2026-10-07 13:15:40.593] [info] [thread 108197] [daheng_demo.cpp AddGain:424] 增益 -> 13.9 dB
[2026-10-07 13:15:40.627] [info] [thread 108197] [daheng_demo.cpp AddGain:424] 增益 -> 14 dB
[2026-10-07 13:15:40.665] [info] [thread 108197] [daheng_demo.cpp AddGain:424] 增益 -> 14.1 dB
[2026-10-07 13:15:40.700] [info] [thread 108197] [daheng_demo.cpp AddGain:424] 增益 -> 14.2 dB
[2026-10-07 13:15:40.737] [info] [thread 108197] [daheng_demo.cpp AddGain:424] 增益 -> 14.299999999999999 dB
[2026-10-07 13:15:40.773] [info] [thread 108197] [daheng_demo.cpp AddGain:424] 增益 -> 14.4 dB
[2026-10-07 13:15:45.579] [info] [thread 108197] [daheng_demo.cpp AddGain:424] 增益 -> 14.3 dB
[2026-10-07 13:15:46.087] [info] [thread 108197] [daheng_demo.cpp AddGain:424] 增益 -> 14.200000000000001 dB
[2026-10-07 13:15:46.124] [info] [thread 108197] [daheng_demo.cpp AddGain:424] 增益 -> 14.1 dB
[2026-10-07 13:15:46.159] [info] [thread 108197] [daheng_demo.cpp AddGain:424] 增益 -> 14 dB
[2026-10-07 13:15:46.196] [info] [thread 108197] [daheng_demo.cpp AddGain:424] 增益 -> 13.9 dB
[2026-10-07 13:15:46.232] [info] [thread 108197] [daheng_demo.cpp AddGain:424] 增益 -> 13.8 dB
[2026-10-07 13:15:46.273] [info] [thread 108197] [daheng_demo.cpp AddGain:424] 增益 -> 13.700000000000001 dB
[2026-10-07 13:15:46.308] [info] [thread 108197] [daheng_demo.cpp AddGain:424] 增益 -> 13.6 dB
[2026-10-07 13:15:46.344] [info] [thread 108197] [daheng_demo.cpp AddGain:424] 增益 -> 13.5 dB
[2026-10-07 13:15:46.381] [info] [thread 108197] [daheng_demo.cpp AddGain:424] 增益 -> 13.4 dB
[2026-10-07 13:15:46.416] [info] [thread 108197] [daheng_demo.cpp AddGain:424] 增益 -> 13.3 dB
[2026-10-07 13:15:46.454] [info] [thread 108197] [daheng_demo.cpp AddGain:424] 增益 -> 13.200000000000001 dB
[2026-10-07 13:15:46.490] [info] [thread 108197] [daheng_demo.cpp AddGain:424] 增益 -> 13.1 dB
[2026-10-07 13:15:46.525] [info] [thread 108197] [daheng_demo.cpp AddGain:424] 增益 -> 13 dB
[2026-10-07 13:15:46.561] [info] [thread 108197] [daheng_demo.cpp AddGain:424] 增益 -> 12.9 dB
[2026-10-07 13:15:46.597] [info] [thread 108197] [daheng_demo.cpp AddGain:424] 增益 -> 12.8 dB
[2026-10-07 13:15:46.632] [info] [thread 108197] [daheng_demo.cpp AddGain:424] 增益 -> 12.700000000000001 dB
[2026-10-07 13:15:46.667] [info] [thread 108197] [daheng_demo.cpp AddGain:424] 增益 -> 12.6 dB
[2026-10-07 13:15:46.703] [info] [thread 108197] [daheng_demo.cpp AddGain:424] 增益 -> 12.5 dB
[2026-10-07 13:15:46.739] [info] [thread 108197] [daheng_demo.cpp AddGain:424] 增益 -> 12.4 dB
[2026-10-07 13:15:46.775] [info] [thread 108197] [daheng_demo.cpp AddGain:424] 增益 -> 12.3 dB
[2026-10-07 13:15:46.812] [info] [thread 108197] [daheng_demo.cpp AddGain:424] 增益 -> 12.200000000000001 dB
[2026-10-07 13:15:47.308] [info] [thread 108197] [daheng_demo.cpp AddGain:424] 增益 -> 12.299999999999999 dB
[2026-10-07 13:15:47.798] [info] [thread 108197] [daheng_demo.cpp AddGain:424] 增益 -> 12.4 dB
[2026-10-07 13:15:47.832] [info] [thread 108197] [daheng_demo.cpp AddGain:424] 增益 -> 12.5 dB
[2026-10-07 13:15:47.868] [info] [thread 108197] [daheng_demo.cpp AddGain:424] 增益 -> 12.6 dB
[2026-10-07 13:15:47.903] [info] [thread 108197] [daheng_demo.cpp AddGain:424] 增益 -> 12.7 dB
[2026-10-07 13:15:47.939] [info] [thread 108197] [daheng_demo.cpp AddGain:424] 增益 -> 12.799999999999999 dB
[2026-10-07 13:15:47.973] [info] [thread 108197] [daheng_demo.cpp AddGain:424] 增益 -> 12.9 dB
[2026-10-07 13:15:48.008] [info] [thread 108197] [daheng_demo.cpp AddGain:424] 增益 -> 13 dB
[2026-10-07 13:15:48.045] [info] [thread 108197] [daheng_demo.cpp AddGain:424] 增益 -> 13.1 dB
[2026-10-07 13:15:48.083] [info] [thread 108197] [daheng_demo.cpp AddGain:424] 增益 -> 13.2 dB
[2026-10-07 13:15:48.116] [info] [thread 108197] [daheng_demo.cpp AddGain:424] 增益 -> 13.299999999999999 dB
[2026-10-07 13:15:48.151] [info] [thread 108197] [daheng_demo.cpp AddGain:424] 增益 -> 13.4 dB
[2026-10-07 13:15:48.187] [info] [thread 108197] [daheng_demo.cpp AddGain:424] 增益 -> 13.5 dB
[2026-10-07 13:15:48.221] [info] [thread 108197] [daheng_demo.cpp AddGain:424] 增益 -> 13.6 dB
[2026-10-07 13:15:48.257] [info] [thread 108197] [daheng_demo.cpp AddGain:424] 增益 -> 13.7 dB
[2026-10-07 13:15:48.293] [info] [thread 108197] [daheng_demo.cpp AddGain:424] 增益 -> 13.799999999999999 dB
[2026-10-07 13:15:48.327] [info] [thread 108197] [daheng_demo.cpp AddGain:424] 增益 -> 13.9 dB
[2026-10-07 13:15:48.362] [info] [thread 108197] [daheng_demo.cpp AddGain:424] 增益 -> 14 dB
[2026-10-07 13:15:49.203] [info] [thread 108197] [daheng_demo.cpp AddGain:424] 增益 -> 13.9 dB
[2026-10-07 13:15:49.704] [info] [thread 108197] [daheng_demo.cpp AddGain:424] 增益 -> 13.8 dB
[2026-10-07 13:15:49.743] [info] [thread 108197] [daheng_demo.cpp AddGain:424] 增益 -> 13.700000000000001 dB
[2026-10-07 13:15:49.780] [info] [thread 108197] [daheng_demo.cpp AddGain:424] 增益 -> 13.6 dB
[2026-10-07 13:15:49.816] [info] [thread 108197] [daheng_demo.cpp AddGain:424] 增益 -> 13.5 dB
[2026-10-07 13:15:49.853] [info] [thread 108197] [daheng_demo.cpp AddGain:424] 增益 -> 13.4 dB
[2026-10-07 13:15:49.890] [info] [thread 108197] [daheng_demo.cpp AddGain:424] 增益 -> 13.3 dB
[2026-10-07 13:15:49.925] [info] [thread 108197] [daheng_demo.cpp AddGain:424] 增益 -> 13.200000000000001 dB
[2026-10-07 13:15:49.962] [info] [thread 108197] [daheng_demo.cpp AddGain:424] 增益 -> 13.1 dB
[2026-10-07 13:15:49.998] [info] [thread 108197] [daheng_demo.cpp AddGain:424] 增益 -> 13 dB
[2026-10-07 13:15:50.034] [info] [thread 108197] [daheng_demo.cpp AddGain:424] 增益 -> 12.9 dB
[2026-10-07 13:15:50.071] [info] [thread 108197] [daheng_demo.cpp AddGain:424] 增益 -> 12.8 dB
[2026-10-07 13:15:50.109] [info] [thread 108197] [daheng_demo.cpp AddGain:424] 增益 -> 12.700000000000001 dB
[2026-10-07 13:15:50.148] [info] [thread 108197] [daheng_demo.cpp AddGain:424] 增益 -> 12.6 dB
[2026-10-07 13:15:50.185] [info] [thread 108197] [daheng_demo.cpp AddGain:424] 增益 -> 12.5 dB
[2026-10-07 13:15:50.220] [info] [thread 108197] [daheng_demo.cpp AddGain:424] 增益 -> 12.4 dB
[2026-10-07 13:15:50.257] [info] [thread 108197] [daheng_demo.cpp AddGain:424] 增益 -> 12.3 dB
[2026-10-07 13:15:50.294] [info] [thread 108197] [daheng_demo.cpp AddGain:424] 增益 -> 12.200000000000001 dB
[2026-10-07 13:15:50.330] [info] [thread 108197] [daheng_demo.cpp AddGain:424] 增益 -> 12.1 dB
[2026-10-07 13:15:50.365] [info] [thread 108197] [daheng_demo.cpp AddGain:424] 增益 -> 12 dB
[2026-10-07 13:15:50.403] [info] [thread 108197] [daheng_demo.cpp AddGain:424] 增益 -> 11.9 dB
[2026-10-07 13:15:50.438] [info] [thread 108197] [daheng_demo.cpp AddGain:424] 增益 -> 11.8 dB
[2026-10-07 13:15:50.472] [info] [thread 108197] [daheng_demo.cpp AddGain:424] 增益 -> 11.700000000000001 dB
[2026-10-07 13:15:50.509] [info] [thread 108197] [daheng_demo.cpp AddGain:424] 增益 -> 11.6 dB
[2026-10-07 13:15:52.657] [info] [thread 108197] [daheng_demo.cpp AddGain:424] 增益 -> 11.7 dB
[2026-10-07 13:15:53.167] [info] [thread 108197] [daheng_demo.cpp AddGain:424] 增益 -> 11.799999999999999 dB
[2026-10-07 13:15:53.206] [info] [thread 108197] [daheng_demo.cpp AddGain:424] 增益 -> 11.9 dB
[2026-10-07 13:15:53.240] [info] [thread 108197] [daheng_demo.cpp AddGain:424] 增益 -> 12 dB
[2026-10-07 13:15:53.275] [info] [thread 108197] [daheng_demo.cpp AddGain:424] 增益 -> 12.1 dB
[2026-10-07 13:15:53.312] [info] [thread 108197] [daheng_demo.cpp AddGain:424] 增益 -> 12.2 dB
[2026-10-07 13:15:53.350] [info] [thread 108197] [daheng_demo.cpp AddGain:424] 增益 -> 12.299999999999999 dB
[2026-10-07 13:15:53.385] [info] [thread 108197] [daheng_demo.cpp AddGain:424] 增益 -> 12.4 dB
[2026-10-07 13:15:53.422] [info] [thread 108197] [daheng_demo.cpp AddGain:424] 增益 -> 12.5 dB
[2026-10-07 13:15:53.459] [info] [thread 108197] [daheng_demo.cpp AddGain:424] 增益 -> 12.6 dB
[2026-10-07 13:15:53.495] [info] [thread 108197] [daheng_demo.cpp AddGain:424] 增益 -> 12.7 dB
[2026-10-07 13:15:53.531] [info] [thread 108197] [daheng_demo.cpp AddGain:424] 增益 -> 12.799999999999999 dB
[2026-10-07 13:15:53.568] [info] [thread 108197] [daheng_demo.cpp AddGain:424] 增益 -> 12.9 dB
[2026-10-07 13:15:53.604] [info] [thread 108197] [daheng_demo.cpp AddGain:424] 增益 -> 13 dB
[2026-10-07 13:15:53.639] [info] [thread 108197] [daheng_demo.cpp AddGain:424] 增益 -> 13.1 dB
[2026-10-07 13:15:53.675] [info] [thread 108197] [daheng_demo.cpp AddGain:424] 增益 -> 13.2 dB
[2026-10-07 13:15:53.714] [info] [thread 108197] [daheng_demo.cpp AddGain:424] 增益 -> 13.299999999999999 dB
[2026-10-07 13:15:53.750] [info] [thread 108197] [daheng_demo.cpp AddGain:424] 增益 -> 13.4 dB
[2026-10-07 13:15:53.787] [info] [thread 108197] [daheng_demo.cpp AddGain:424] 增益 -> 13.5 dB
[2026-10-07 13:15:53.824] [info] [thread 108197] [daheng_demo.cpp AddGain:424] 增益 -> 13.6 dB
[2026-10-07 13:15:53.860] [info] [thread 108197] [daheng_demo.cpp AddGain:424] 增益 -> 13.7 dB
[2026-10-07 13:15:53.895] [info] [thread 108197] [daheng_demo.cpp AddGain:424] 增益 -> 13.799999999999999 dB
[2026-10-07 13:15:53.933] [info] [thread 108197] [daheng_demo.cpp AddGain:424] 增益 -> 13.9 dB
[2026-10-07 13:15:54.673] [info] [thread 108197] [daheng_demo.cpp AddGain:424] 增益 -> 14 dB
[2026-10-07 13:15:55.168] [info] [thread 108197] [daheng_demo.cpp AddGain:424] 增益 -> 14.1 dB
[2026-10-07 13:15:55.204] [info] [thread 108197] [daheng_demo.cpp AddGain:424] 增益 -> 14.2 dB
[2026-10-07 13:15:55.237] [info] [thread 108197] [daheng_demo.cpp AddGain:424] 增益 -> 14.299999999999999 dB
[2026-10-07 13:15:55.273] [info] [thread 108197] [daheng_demo.cpp AddGain:424] 增益 -> 14.4 dB
[2026-10-07 13:15:55.309] [info] [thread 108197] [daheng_demo.cpp AddGain:424] 增益 -> 14.5 dB
[2026-10-07 13:15:55.345] [info] [thread 108197] [daheng_demo.cpp AddGain:424] 增益 -> 14.6 dB
[2026-10-07 13:15:55.381] [info] [thread 108197] [daheng_demo.cpp AddGain:424] 增益 -> 14.7 dB
[2026-10-07 13:15:55.417] [info] [thread 108197] [daheng_demo.cpp AddGain:424] 增益 -> 14.799999999999999 dB
[2026-10-07 13:15:55.452] [info] [thread 108197] [daheng_demo.cpp AddGain:424] 增益 -> 14.9 dB
[2026-10-07 13:15:55.489] [info] [thread 108197] [daheng_demo.cpp AddGain:424] 增益 -> 15 dB
[2026-10-07 13:15:55.526] [info] [thread 108197] [daheng_demo.cpp AddGain:424] 增益 -> 15.1 dB
[2026-10-07 13:15:55.562] [info] [thread 108197] [daheng_demo.cpp AddGain:424] 增益 -> 15.2 dB
[2026-10-07 13:15:55.597] [info] [thread 108197] [daheng_demo.cpp AddGain:424] 增益 -> 15.299999999999999 dB
[2026-10-07 13:15:55.633] [info] [thread 108197] [daheng_demo.cpp AddGain:424] 增益 -> 15.4 dB
[2026-10-07 13:15:55.668] [info] [thread 108197] [daheng_demo.cpp AddGain:424] 增益 -> 15.5 dB
[2026-10-07 13:15:56.034] [info] [thread 108197] [daheng_demo.cpp AddGain:424] 增益 -> 15.4 dB
[2026-10-07 13:15:56.536] [info] [thread 108197] [daheng_demo.cpp AddGain:424] 增益 -> 15.3 dB
[2026-10-07 13:15:56.571] [info] [thread 108197] [daheng_demo.cpp AddGain:424] 增益 -> 15.200000000000001 dB
[2026-10-07 13:15:56.607] [info] [thread 108197] [daheng_demo.cpp AddGain:424] 增益 -> 15.1 dB
[2026-10-07 13:15:56.642] [info] [thread 108197] [daheng_demo.cpp AddGain:424] 增益 -> 15 dB
[2026-10-07 13:15:56.678] [info] [thread 108197] [daheng_demo.cpp AddGain:424] 增益 -> 14.9 dB
[2026-10-07 13:15:56.712] [info] [thread 108197] [daheng_demo.cpp AddGain:424] 增益 -> 14.8 dB
[2026-10-07 13:15:56.746] [info] [thread 108197] [daheng_demo.cpp AddGain:424] 增益 -> 14.700000000000001 dB
[2026-10-07 13:15:56.782] [info] [thread 108197] [daheng_demo.cpp AddGain:424] 增益 -> 14.6 dB
[2026-10-07 13:15:56.817] [info] [thread 108197] [daheng_demo.cpp AddGain:424] 增益 -> 14.5 dB
[2026-10-07 13:15:56.852] [info] [thread 108197] [daheng_demo.cpp AddGain:424] 增益 -> 14.4 dB
[2026-10-07 13:15:56.889] [info] [thread 108197] [daheng_demo.cpp AddGain:424] 增益 -> 14.3 dB
[2026-10-07 13:15:56.925] [info] [thread 108197] [daheng_demo.cpp AddGain:424] 增益 -> 14.200000000000001 dB
[2026-10-07 13:15:56.960] [info] [thread 108197] [daheng_demo.cpp AddGain:424] 增益 -> 14.1 dB
[2026-10-07 13:15:56.995] [info] [thread 108197] [daheng_demo.cpp AddGain:424] 增益 -> 14 dB
[2026-10-07 13:15:57.033] [info] [thread 108197] [daheng_demo.cpp AddGain:424] 增益 -> 13.9 dB
[2026-10-07 13:15:57.068] [info] [thread 108197] [daheng_demo.cpp AddGain:424] 增益 -> 13.8 dB
[2026-10-07 13:15:57.103] [info] [thread 108197] [daheng_demo.cpp AddGain:424] 增益 -> 13.700000000000001 dB
[2026-10-07 13:15:57.140] [info] [thread 108197] [daheng_demo.cpp AddGain:424] 增益 -> 13.6 dB
[2026-10-07 13:15:57.176] [info] [thread 108197] [daheng_demo.cpp AddGain:424] 增益 -> 13.5 dB
[2026-10-07 13:15:57.211] [info] [thread 108197] [daheng_demo.cpp AddGain:424] 增益 -> 13.4 dB
[2026-10-07 13:15:57.246] [info] [thread 108197] [daheng_demo.cpp AddGain:424] 增益 -> 13.3 dB
[2026-10-07 13:15:57.281] [info] [thread 108197] [daheng_demo.cpp AddGain:424] 增益 -> 13.200000000000001 dB
[2026-10-07 13:15:57.315] [info] [thread 108197] [daheng_demo.cpp AddGain:424] 增益 -> 13.1 dB
[2026-10-07 13:15:57.350] [info] [thread 108197] [daheng_demo.cpp AddGain:424] 增益 -> 13 dB
[2026-10-07 13:15:57.388] [info] [thread 108197] [daheng_demo.cpp AddGain:424] 增益 -> 12.9 dB
[2026-10-07 13:15:57.423] [info] [thread 108197] [daheng_demo.cpp AddGain:424] 增益 -> 12.8 dB
[2026-10-07 13:15:58.819] [info] [thread 108197] [daheng_demo.cpp AddExposureTime:400] 曝光时间 -> 10000 us
[2026-10-07 13:15:59.320] [info] [thread 108197] [daheng_demo.cpp AddExposureTime:400] 曝光时间 -> 10000 us
[2026-10-07 13:15:59.358] [info] [thread 108197] [daheng_demo.cpp AddExposureTime:400] 曝光时间 -> 10000 us
[2026-10-07 13:15:59.392] [info] [thread 108197] [daheng_demo.cpp AddExposureTime:400] 曝光时间 -> 10000 us
[2026-10-07 13:15:59.426] [info] [thread 108197] [daheng_demo.cpp AddExposureTime:400] 曝光时间 -> 10000 us
[2026-10-07 13:15:59.459] [info] [thread 108197] [daheng_demo.cpp AddExposureTime:400] 曝光时间 -> 10000 us
[2026-10-07 13:15:59.494] [info] [thread 108197] [daheng_demo.cpp AddExposureTime:400] 曝光时间 -> 10000 us
[2026-10-07 13:15:59.528] [info] [thread 108197] [daheng_demo.cpp AddExposureTime:400] 曝光时间 -> 10000 us
[2026-10-07 13:15:59.562] [info] [thread 108197] [daheng_demo.cpp AddExposureTime:400] 曝光时间 -> 10000 us
[2026-10-07 13:15:59.596] [info] [thread 108197] [daheng_demo.cpp AddExposureTime:400] 曝光时间 -> 10000 us
[2026-10-07 13:15:59.631] [info] [thread 108197] [daheng_demo.cpp AddExposureTime:400] 曝光时间 -> 10000 us
[2026-10-07 13:15:59.664] [info] [thread 108197] [daheng_demo.cpp AddExposureTime:400] 曝光时间 -> 10000 us
[2026-10-07 13:15:59.698] [info] [thread 108197] [daheng_demo.cpp AddExposureTime:400] 曝光时间 -> 10000 us
[2026-10-07 13:15:59.733] [info] [thread 108197] [daheng_demo.cpp AddExposureTime:400] 曝光时间 -> 10000 us
[2026-10-07 13:15:59.767] [info] [thread 108197] [daheng_demo.cpp AddExposureTime:400] 曝光时间 -> 10000 us
[2026-10-07 13:15:59.802] [info] [thread 108197] [daheng_demo.cpp AddExposureTime:400] 曝光时间 -> 10000 us
[2026-10-07 13:15:59.836] [info] [thread 108197] [daheng_demo.cpp AddExposureTime:400] 曝光时间 -> 10000 us
[2026-10-07 13:16:00.057] [info] [thread 108197] [daheng_demo.cpp AddExposureTime:400] 曝光时间 -> 9975 us
[2026-10-07 13:16:00.542] [info] [thread 108197] [daheng_demo.cpp AddExposureTime:400] 曝光时间 -> 9950 us
[2026-10-07 13:16:00.578] [info] [thread 108197] [daheng_demo.cpp AddExposureTime:400] 曝光时间 -> 9925 us
[2026-10-07 13:16:00.613] [info] [thread 108197] [daheng_demo.cpp AddExposureTime:400] 曝光时间 -> 9900 us
[2026-10-07 13:16:00.648] [info] [thread 108197] [daheng_demo.cpp AddExposureTime:400] 曝光时间 -> 9875 us
[2026-10-07 13:16:00.682] [info] [thread 108197] [daheng_demo.cpp AddExposureTime:400] 曝光时间 -> 9850 us
[2026-10-07 13:16:00.715] [info] [thread 108197] [daheng_demo.cpp AddExposureTime:400] 曝光时间 -> 9825 us
[2026-10-07 13:16:00.749] [info] [thread 108197] [daheng_demo.cpp AddExposureTime:400] 曝光时间 -> 9800 us
[2026-10-07 13:16:00.784] [info] [thread 108197] [daheng_demo.cpp AddExposureTime:400] 曝光时间 -> 9775 us
[2026-10-07 13:16:00.818] [info] [thread 108197] [daheng_demo.cpp AddExposureTime:400] 曝光时间 -> 9750 us
[2026-10-07 13:16:00.855] [info] [thread 108197] [daheng_demo.cpp AddExposureTime:400] 曝光时间 -> 9725 us
[2026-10-07 13:16:00.891] [info] [thread 108197] [daheng_demo.cpp AddExposureTime:400] 曝光时间 -> 9700 us
[2026-10-07 13:16:00.928] [info] [thread 108197] [daheng_demo.cpp AddExposureTime:400] 曝光时间 -> 9675 us
[2026-10-07 13:16:00.963] [info] [thread 108197] [daheng_demo.cpp AddExposureTime:400] 曝光时间 -> 9650 us
[2026-10-07 13:16:00.997] [info] [thread 108197] [daheng_demo.cpp AddExposureTime:400] 曝光时间 -> 9625 us
[2026-10-07 13:16:01.031] [info] [thread 108197] [daheng_demo.cpp AddExposureTime:400] 曝光时间 -> 9600 us
[2026-10-07 13:16:01.066] [info] [thread 108197] [daheng_demo.cpp AddExposureTime:400] 曝光时间 -> 9575 us
[2026-10-07 13:16:01.100] [info] [thread 108197] [daheng_demo.cpp AddExposureTime:400] 曝光时间 -> 9550 us
[2026-10-07 13:16:01.137] [info] [thread 108197] [daheng_demo.cpp AddExposureTime:400] 曝光时间 -> 9525 us
[2026-10-07 13:16:01.172] [info] [thread 108197] [daheng_demo.cpp AddExposureTime:400] 曝光时间 -> 9500 us
[2026-10-07 13:16:01.209] [info] [thread 108197] [daheng_demo.cpp AddExposureTime:400] 曝光时间 -> 9475 us
[2026-10-07 13:16:01.243] [info] [thread 108197] [daheng_demo.cpp AddExposureTime:400] 曝光时间 -> 9450 us
[2026-10-07 13:16:01.278] [info] [thread 108197] [daheng_demo.cpp AddExposureTime:400] 曝光时间 -> 9425 us
[2026-10-07 13:16:01.311] [info] [thread 108197] [daheng_demo.cpp AddExposureTime:400] 曝光时间 -> 9400 us
[2026-10-07 13:16:01.345] [info] [thread 108197] [daheng_demo.cpp AddExposureTime:400] 曝光时间 -> 9375 us
[2026-10-07 13:16:01.381] [info] [thread 108197] [daheng_demo.cpp AddExposureTime:400] 曝光时间 -> 9350 us
[2026-10-07 13:16:01.417] [info] [thread 108197] [daheng_demo.cpp AddExposureTime:400] 曝光时间 -> 9325 us
[2026-10-07 13:16:01.450] [info] [thread 108197] [daheng_demo.cpp AddExposureTime:400] 曝光时间 -> 9300 us
[2026-10-07 13:16:01.485] [info] [thread 108197] [daheng_demo.cpp AddExposureTime:400] 曝光时间 -> 9275 us
[2026-10-07 13:16:01.518] [info] [thread 108197] [daheng_demo.cpp AddExposureTime:400] 曝光时间 -> 9250 us
[2026-10-07 13:16:01.553] [info] [thread 108197] [daheng_demo.cpp AddExposureTime:400] 曝光时间 -> 9225 us
[2026-10-07 13:16:01.589] [info] [thread 108197] [daheng_demo.cpp AddExposureTime:400] 曝光时间 -> 9200 us
[2026-10-07 13:16:01.622] [info] [thread 108197] [daheng_demo.cpp AddExposureTime:400] 曝光时间 -> 9175 us
[2026-10-07 13:16:01.655] [info] [thread 108197] [daheng_demo.cpp AddExposureTime:400] 曝光时间 -> 9150 us
[2026-10-07 13:16:01.689] [info] [thread 108197] [daheng_demo.cpp AddExposureTime:400] 曝光时间 -> 9125 us
[2026-10-07 13:16:01.724] [info] [thread 108197] [daheng_demo.cpp AddExposureTime:400] 曝光时间 -> 9100 us
[2026-10-07 13:16:01.758] [info] [thread 108197] [daheng_demo.cpp AddExposureTime:400] 曝光时间 -> 9075 us
[2026-10-07 13:16:01.793] [info] [thread 108197] [daheng_demo.cpp AddExposureTime:400] 曝光时间 -> 9050 us
[2026-10-07 13:16:01.827] [info] [thread 108197] [daheng_demo.cpp AddExposureTime:400] 曝光时间 -> 9025 us
[2026-10-07 13:16:01.862] [info] [thread 108197] [daheng_demo.cpp AddExposureTime:400] 曝光时间 -> 9000 us
[2026-10-07 13:16:01.897] [info] [thread 108197] [daheng_demo.cpp AddExposureTime:400] 曝光时间 -> 8975 us
[2026-10-07 13:16:01.930] [info] [thread 108197] [daheng_demo.cpp AddExposureTime:400] 曝光时间 -> 8950 us
[2026-10-07 13:16:01.965] [info] [thread 108197] [daheng_demo.cpp AddExposureTime:400] 曝光时间 -> 8925 us
[2026-10-07 13:16:02.403] [info] [thread 108197] [daheng_demo.cpp AddExposureTime:400] 曝光时间 -> 8900 us
[2026-10-07 13:16:02.899] [info] [thread 108197] [daheng_demo.cpp AddExposureTime:400] 曝光时间 -> 8875 us
[2026-10-07 13:16:02.933] [info] [thread 108197] [daheng_demo.cpp AddExposureTime:400] 曝光时间 -> 8850 us
[2026-10-07 13:16:02.967] [info] [thread 108197] [daheng_demo.cpp AddExposureTime:400] 曝光时间 -> 8825 us
[2026-10-07 13:16:03.000] [info] [thread 108197] [daheng_demo.cpp AddExposureTime:400] 曝光时间 -> 8800 us
[2026-10-07 13:16:03.032] [info] [thread 108197] [daheng_demo.cpp AddExposureTime:400] 曝光时间 -> 8775 us
[2026-10-07 13:16:03.066] [info] [thread 108197] [daheng_demo.cpp AddExposureTime:400] 曝光时间 -> 8750 us
[2026-10-07 13:16:03.103] [info] [thread 108197] [daheng_demo.cpp AddExposureTime:400] 曝光时间 -> 8725 us
[2026-10-07 13:16:03.137] [info] [thread 108197] [daheng_demo.cpp AddExposureTime:400] 曝光时间 -> 8700 us
[2026-10-07 13:16:03.171] [info] [thread 108197] [daheng_demo.cpp AddExposureTime:400] 曝光时间 -> 8675 us
[2026-10-07 13:16:03.208] [info] [thread 108197] [daheng_demo.cpp AddExposureTime:400] 曝光时间 -> 8650 us
[2026-10-07 13:16:03.242] [info] [thread 108197] [daheng_demo.cpp AddExposureTime:400] 曝光时间 -> 8625 us
[2026-10-07 13:16:03.274] [info] [thread 108197] [daheng_demo.cpp AddExposureTime:400] 曝光时间 -> 8600 us
[2026-10-07 13:16:03.309] [info] [thread 108197] [daheng_demo.cpp AddExposureTime:400] 曝光时间 -> 8575 us
[2026-10-07 13:16:03.343] [info] [thread 108197] [daheng_demo.cpp AddExposureTime:400] 曝光时间 -> 8550 us
[2026-10-07 13:16:03.379] [info] [thread 108197] [daheng_demo.cpp AddExposureTime:400] 曝光时间 -> 8525 us
[2026-10-07 13:16:03.417] [info] [thread 108197] [daheng_demo.cpp AddExposureTime:400] 曝光时间 -> 8500 us
[2026-10-07 13:16:03.452] [info] [thread 108197] [daheng_demo.cpp AddExposureTime:400] 曝光时间 -> 8475 us
[2026-10-07 13:16:03.488] [info] [thread 108197] [daheng_demo.cpp AddExposureTime:400] 曝光时间 -> 8450 us
[2026-10-07 13:16:03.523] [info] [thread 108197] [daheng_demo.cpp AddExposureTime:400] 曝光时间 -> 8425 us
[2026-10-07 13:16:03.557] [info] [thread 108197] [daheng_demo.cpp AddExposureTime:400] 曝光时间 -> 8400 us
[2026-10-07 13:16:03.591] [info] [thread 108197] [daheng_demo.cpp AddExposureTime:400] 曝光时间 -> 8375 us
[2026-10-07 13:16:03.626] [info] [thread 108197] [daheng_demo.cpp AddExposureTime:400] 曝光时间 -> 8350 us
[2026-10-07 13:16:03.660] [info] [thread 108197] [daheng_demo.cpp AddExposureTime:400] 曝光时间 -> 8325 us
[2026-10-07 13:16:03.694] [info] [thread 108197] [daheng_demo.cpp AddExposureTime:400] 曝光时间 -> 8300 us
[2026-10-07 13:16:03.728] [info] [thread 108197] [daheng_demo.cpp AddExposureTime:400] 曝光时间 -> 8275 us
[2026-10-07 13:16:03.762] [info] [thread 108197] [daheng_demo.cpp AddExposureTime:400] 曝光时间 -> 8250 us
[2026-10-07 13:16:03.796] [info] [thread 108197] [daheng_demo.cpp AddExposureTime:400] 曝光时间 -> 8225 us
[2026-10-07 13:16:03.830] [info] [thread 108197] [daheng_demo.cpp AddExposureTime:400] 曝光时间 -> 8200 us
[2026-10-07 13:16:03.864] [info] [thread 108197] [daheng_demo.cpp AddExposureTime:400] 曝光时间 -> 8175 us
[2026-10-07 13:16:03.900] [info] [thread 108197] [daheng_demo.cpp AddExposureTime:400] 曝光时间 -> 8150 us
[2026-10-07 13:16:03.936] [info] [thread 108197] [daheng_demo.cpp AddExposureTime:400] 曝光时间 -> 8125 us
[2026-10-07 13:16:03.971] [info] [thread 108197] [daheng_demo.cpp AddExposureTime:400] 曝光时间 -> 8100 us
[2026-10-07 13:16:04.006] [info] [thread 108197] [daheng_demo.cpp AddExposureTime:400] 曝光时间 -> 8075 us
[2026-10-07 13:16:04.038] [info] [thread 108197] [daheng_demo.cpp AddExposureTime:400] 曝光时间 -> 8050 us
[2026-10-07 13:16:04.073] [info] [thread 108197] [daheng_demo.cpp AddExposureTime:400] 曝光时间 -> 8025 us
[2026-10-07 13:16:04.108] [info] [thread 108197] [daheng_demo.cpp AddExposureTime:400] 曝光时间 -> 8000 us
[2026-10-07 13:16:04.142] [info] [thread 108197] [daheng_demo.cpp AddExposureTime:400] 曝光时间 -> 7975 us
[2026-10-07 13:16:04.176] [info] [thread 108197] [daheng_demo.cpp AddExposureTime:400] 曝光时间 -> 7950 us
[2026-10-07 13:16:04.211] [info] [thread 108197] [daheng_demo.cpp AddExposureTime:400] 曝光时间 -> 7925 us
[2026-10-07 13:16:04.245] [info] [thread 108197] [daheng_demo.cpp AddExposureTime:400] 曝光时间 -> 7900 us
[2026-10-07 13:16:04.280] [info] [thread 108197] [daheng_demo.cpp AddExposureTime:400] 曝光时间 -> 7875 us
[2026-10-07 13:16:04.314] [info] [thread 108197] [daheng_demo.cpp AddExposureTime:400] 曝光时间 -> 7850 us
[2026-10-07 13:16:04.350] [info] [thread 108197] [daheng_demo.cpp AddExposureTime:400] 曝光时间 -> 7825 us
[2026-10-07 13:16:04.384] [info] [thread 108197] [daheng_demo.cpp AddExposureTime:400] 曝光时间 -> 7800 us
[2026-10-07 13:16:04.419] [info] [thread 108197] [daheng_demo.cpp AddExposureTime:400] 曝光时间 -> 7775 us
[2026-10-07 13:16:04.454] [info] [thread 108197] [daheng_demo.cpp AddExposureTime:400] 曝光时间 -> 7750 us
[2026-10-07 13:16:04.488] [info] [thread 108197] [daheng_demo.cpp AddExposureTime:400] 曝光时间 -> 7725 us
[2026-10-07 13:16:04.522] [info] [thread 108197] [daheng_demo.cpp AddExposureTime:400] 曝光时间 -> 7700 us
[2026-10-07 13:16:04.557] [info] [thread 108197] [daheng_demo.cpp AddExposureTime:400] 曝光时间 -> 7675 us
[2026-10-07 13:16:04.592] [info] [thread 108197] [daheng_demo.cpp AddExposureTime:400] 曝光时间 -> 7650 us
[2026-10-07 13:16:04.624] [info] [thread 108197] [daheng_demo.cpp AddExposureTime:400] 曝光时间 -> 7625 us
[2026-10-07 13:16:04.662] [info] [thread 108197] [daheng_demo.cpp AddExposureTime:400] 曝光时间 -> 7600 us
[2026-10-07 13:16:04.703] [info] [thread 108197] [daheng_demo.cpp AddExposureTime:400] 曝光时间 -> 7575 us
[2026-10-07 13:16:04.738] [info] [thread 108197] [daheng_demo.cpp AddExposureTime:400] 曝光时间 -> 7550 us
[2026-10-07 13:16:04.773] [info] [thread 108197] [daheng_demo.cpp AddExposureTime:400] 曝光时间 -> 7525 us
[2026-10-07 13:16:04.806] [info] [thread 108197] [daheng_demo.cpp AddExposureTime:400] 曝光时间 -> 7500 us
[2026-10-07 13:16:04.839] [info] [thread 108197] [daheng_demo.cpp AddExposureTime:400] 曝光时间 -> 7475 us
[2026-10-07 13:16:04.872] [info] [thread 108197] [daheng_demo.cpp AddExposureTime:400] 曝光时间 -> 7450 us
[2026-10-07 13:16:04.906] [info] [thread 108197] [daheng_demo.cpp AddExposureTime:400] 曝光时间 -> 7425 us
[2026-10-07 13:16:04.940] [info] [thread 108197] [daheng_demo.cpp AddExposureTime:400] 曝光时间 -> 7400 us
[2026-10-07 13:16:04.974] [info] [thread 108197] [daheng_demo.cpp AddExposureTime:400] 曝光时间 -> 7375 us
[2026-10-07 13:16:05.007] [info] [thread 108197] [daheng_demo.cpp AddExposureTime:400] 曝光时间 -> 7350 us
[2026-10-07 13:16:05.041] [info] [thread 108197] [daheng_demo.cpp AddExposureTime:400] 曝光时间 -> 7325 us
[2026-10-07 13:16:05.076] [info] [thread 108197] [daheng_demo.cpp AddExposureTime:400] 曝光时间 -> 7300 us
[2026-10-07 13:16:05.111] [info] [thread 108197] [daheng_demo.cpp AddExposureTime:400] 曝光时间 -> 7275 us
[2026-10-07 13:16:05.145] [info] [thread 108197] [daheng_demo.cpp AddExposureTime:400] 曝光时间 -> 7250 us
[2026-10-07 13:16:05.178] [info] [thread 108197] [daheng_demo.cpp AddExposureTime:400] 曝光时间 -> 7225 us
[2026-10-07 13:16:05.212] [info] [thread 108197] [daheng_demo.cpp AddExposureTime:400] 曝光时间 -> 7200 us
[2026-10-07 13:16:05.248] [info] [thread 108197] [daheng_demo.cpp AddExposureTime:400] 曝光时间 -> 7175 us
[2026-10-07 13:16:05.282] [info] [thread 108197] [daheng_demo.cpp AddExposureTime:400] 曝光时间 -> 7150 us
[2026-10-07 13:16:05.315] [info] [thread 108197] [daheng_demo.cpp AddExposureTime:400] 曝光时间 -> 7125 us
[2026-10-07 13:16:05.350] [info] [thread 108197] [daheng_demo.cpp AddExposureTime:400] 曝光时间 -> 7100 us
[2026-10-07 13:16:05.388] [info] [thread 108197] [daheng_demo.cpp AddExposureTime:400] 曝光时间 -> 7075 us
[2026-10-07 13:16:05.421] [info] [thread 108197] [daheng_demo.cpp AddExposureTime:400] 曝光时间 -> 7050 us
[2026-10-07 13:16:05.455] [info] [thread 108197] [daheng_demo.cpp AddExposureTime:400] 曝光时间 -> 7025 us
[2026-10-07 13:16:05.488] [info] [thread 108197] [daheng_demo.cpp AddExposureTime:400] 曝光时间 -> 7000 us
[2026-10-07 13:16:05.522] [info] [thread 108197] [daheng_demo.cpp AddExposureTime:400] 曝光时间 -> 6975 us
[2026-10-07 13:16:05.556] [info] [thread 108197] [daheng_demo.cpp AddExposureTime:400] 曝光时间 -> 6950 us
[2026-10-07 13:16:05.590] [info] [thread 108197] [daheng_demo.cpp AddExposureTime:400] 曝光时间 -> 6925 us
[2026-10-07 13:16:05.624] [info] [thread 108197] [daheng_demo.cpp AddExposureTime:400] 曝光时间 -> 6900 us
[2026-10-07 13:16:05.659] [info] [thread 108197] [daheng_demo.cpp AddExposureTime:400] 曝光时间 -> 6875 us
[2026-10-07 13:16:05.695] [info] [thread 108197] [daheng_demo.cpp AddExposureTime:400] 曝光时间 -> 6850 us
[2026-10-07 13:16:05.731] [info] [thread 108197] [daheng_demo.cpp AddExposureTime:400] 曝光时间 -> 6825 us
[2026-10-07 13:16:05.764] [info] [thread 108197] [daheng_demo.cpp AddExposureTime:400] 曝光时间 -> 6800 us
[2026-10-07 13:16:05.797] [info] [thread 108197] [daheng_demo.cpp AddExposureTime:400] 曝光时间 -> 6775 us
[2026-10-07 13:16:05.829] [info] [thread 108197] [daheng_demo.cpp AddExposureTime:400] 曝光时间 -> 6750 us
[2026-10-07 13:16:05.861] [info] [thread 108197] [daheng_demo.cpp AddExposureTime:400] 曝光时间 -> 6725 us
[2026-10-07 13:16:05.895] [info] [thread 108197] [daheng_demo.cpp AddExposureTime:400] 曝光时间 -> 6700 us
[2026-10-07 13:16:05.930] [info] [thread 108197] [daheng_demo.cpp AddExposureTime:400] 曝光时间 -> 6675 us
[2026-10-07 13:16:05.966] [info] [thread 108197] [daheng_demo.cpp AddExposureTime:400] 曝光时间 -> 6650 us
[2026-10-07 13:16:06.002] [info] [thread 108197] [daheng_demo.cpp AddExposureTime:400] 曝光时间 -> 6625 us
[2026-10-07 13:16:06.036] [info] [thread 108197] [daheng_demo.cpp AddExposureTime:400] 曝光时间 -> 6600 us
[2026-10-07 13:16:06.070] [info] [thread 108197] [daheng_demo.cpp AddExposureTime:400] 曝光时间 -> 6575 us
[2026-10-07 13:16:06.106] [info] [thread 108197] [daheng_demo.cpp AddExposureTime:400] 曝光时间 -> 6550 us
[2026-10-07 13:16:06.139] [info] [thread 108197] [daheng_demo.cpp AddExposureTime:400] 曝光时间 -> 6525 us
[2026-10-07 13:16:06.174] [info] [thread 108197] [daheng_demo.cpp AddExposureTime:400] 曝光时间 -> 6500 us
[2026-10-07 13:16:06.210] [info] [thread 108197] [daheng_demo.cpp AddExposureTime:400] 曝光时间 -> 6475 us
[2026-10-07 13:16:06.244] [info] [thread 108197] [daheng_demo.cpp AddExposureTime:400] 曝光时间 -> 6450 us
[2026-10-07 13:16:06.279] [info] [thread 108197] [daheng_demo.cpp AddExposureTime:400] 曝光时间 -> 6425 us
[2026-10-07 13:16:06.314] [info] [thread 108197] [daheng_demo.cpp AddExposureTime:400] 曝光时间 -> 6400 us
[2026-10-07 13:16:06.349] [info] [thread 108197] [daheng_demo.cpp AddExposureTime:400] 曝光时间 -> 6375 us
[2026-10-07 13:16:06.384] [info] [thread 108197] [daheng_demo.cpp AddExposureTime:400] 曝光时间 -> 6350 us
[2026-10-07 13:16:06.420] [info] [thread 108197] [daheng_demo.cpp AddExposureTime:400] 曝光时间 -> 6325 us
[2026-10-07 13:16:07.138] [info] [thread 108197] [daheng_demo.cpp AddExposureTime:400] 曝光时间 -> 6300 us
[2026-10-07 13:16:07.643] [info] [thread 108197] [daheng_demo.cpp AddExposureTime:400] 曝光时间 -> 6275 us
[2026-10-07 13:16:07.677] [info] [thread 108197] [daheng_demo.cpp AddExposureTime:400] 曝光时间 -> 6250 us
[2026-10-07 13:16:07.711] [info] [thread 108197] [daheng_demo.cpp AddExposureTime:400] 曝光时间 -> 6225 us
[2026-10-07 13:16:07.746] [info] [thread 108197] [daheng_demo.cpp AddExposureTime:400] 曝光时间 -> 6200 us
[2026-10-07 13:16:07.780] [info] [thread 108197] [daheng_demo.cpp AddExposureTime:400] 曝光时间 -> 6175 us
[2026-10-07 13:16:07.815] [info] [thread 108197] [daheng_demo.cpp AddExposureTime:400] 曝光时间 -> 6150 us
[2026-10-07 13:16:07.853] [info] [thread 108197] [daheng_demo.cpp AddExposureTime:400] 曝光时间 -> 6125 us
[2026-10-07 13:16:07.887] [info] [thread 108197] [daheng_demo.cpp AddExposureTime:400] 曝光时间 -> 6100 us
[2026-10-07 13:16:07.922] [info] [thread 108197] [daheng_demo.cpp AddExposureTime:400] 曝光时间 -> 6075 us
[2026-10-07 13:16:07.958] [info] [thread 108197] [daheng_demo.cpp AddExposureTime:400] 曝光时间 -> 6050 us
[2026-10-07 13:16:07.993] [info] [thread 108197] [daheng_demo.cpp AddExposureTime:400] 曝光时间 -> 6025 us
[2026-10-07 13:16:08.029] [info] [thread 108197] [daheng_demo.cpp AddExposureTime:400] 曝光时间 -> 6000 us
[2026-10-07 13:16:08.065] [info] [thread 108197] [daheng_demo.cpp AddExposureTime:400] 曝光时间 -> 5975 us
[2026-10-07 13:16:08.102] [info] [thread 108197] [daheng_demo.cpp AddExposureTime:400] 曝光时间 -> 5950 us
[2026-10-07 13:16:08.136] [info] [thread 108197] [daheng_demo.cpp AddExposureTime:400] 曝光时间 -> 5925 us
[2026-10-07 13:16:08.171] [info] [thread 108197] [daheng_demo.cpp AddExposureTime:400] 曝光时间 -> 5900 us
[2026-10-07 13:16:08.206] [info] [thread 108197] [daheng_demo.cpp AddExposureTime:400] 曝光时间 -> 5875 us
[2026-10-07 13:16:08.240] [info] [thread 108197] [daheng_demo.cpp AddExposureTime:400] 曝光时间 -> 5850 us
[2026-10-07 13:16:08.275] [info] [thread 108197] [daheng_demo.cpp AddExposureTime:400] 曝光时间 -> 5825 us
[2026-10-07 13:16:08.310] [info] [thread 108197] [daheng_demo.cpp AddExposureTime:400] 曝光时间 -> 5800 us
[2026-10-07 13:16:08.345] [info] [thread 108197] [daheng_demo.cpp AddExposureTime:400] 曝光时间 -> 5775 us
[2026-10-07 13:16:08.379] [info] [thread 108197] [daheng_demo.cpp AddExposureTime:400] 曝光时间 -> 5750 us
[2026-10-07 13:16:08.413] [info] [thread 108197] [daheng_demo.cpp AddExposureTime:400] 曝光时间 -> 5725 us
[2026-10-07 13:16:08.449] [info] [thread 108197] [daheng_demo.cpp AddExposureTime:400] 曝光时间 -> 5700 us
[2026-10-07 13:16:08.482] [info] [thread 108197] [daheng_demo.cpp AddExposureTime:400] 曝光时间 -> 5675 us
[2026-10-07 13:16:08.517] [info] [thread 108197] [daheng_demo.cpp AddExposureTime:400] 曝光时间 -> 5650 us
[2026-10-07 13:16:08.554] [info] [thread 108197] [daheng_demo.cpp AddExposureTime:400] 曝光时间 -> 5625 us
[2026-10-07 13:16:08.586] [info] [thread 108197] [daheng_demo.cpp AddExposureTime:400] 曝光时间 -> 5600 us
[2026-10-07 13:16:08.620] [info] [thread 108197] [daheng_demo.cpp AddExposureTime:400] 曝光时间 -> 5575 us
[2026-10-07 13:16:08.655] [info] [thread 108197] [daheng_demo.cpp AddExposureTime:400] 曝光时间 -> 5550 us
[2026-10-07 13:16:08.689] [info] [thread 108197] [daheng_demo.cpp AddExposureTime:400] 曝光时间 -> 5525 us
[2026-10-07 13:16:08.724] [info] [thread 108197] [daheng_demo.cpp AddExposureTime:400] 曝光时间 -> 5500 us
[2026-10-07 13:16:08.760] [info] [thread 108197] [daheng_demo.cpp AddExposureTime:400] 曝光时间 -> 5475 us
[2026-10-07 13:16:08.795] [info] [thread 108197] [daheng_demo.cpp AddExposureTime:400] 曝光时间 -> 5450 us
[2026-10-07 13:16:08.829] [info] [thread 108197] [daheng_demo.cpp AddExposureTime:400] 曝光时间 -> 5425 us
[2026-10-07 13:16:08.863] [info] [thread 108197] [daheng_demo.cpp AddExposureTime:400] 曝光时间 -> 5400 us
[2026-10-07 13:16:08.896] [info] [thread 108197] [daheng_demo.cpp AddExposureTime:400] 曝光时间 -> 5375 us
[2026-10-07 13:16:08.931] [info] [thread 108197] [daheng_demo.cpp AddExposureTime:400] 曝光时间 -> 5350 us
[2026-10-07 13:16:08.968] [info] [thread 108197] [daheng_demo.cpp AddExposureTime:400] 曝光时间 -> 5325 us
[2026-10-07 13:16:09.002] [info] [thread 108197] [daheng_demo.cpp AddExposureTime:400] 曝光时间 -> 5300 us
[2026-10-07 13:16:09.038] [info] [thread 108197] [daheng_demo.cpp AddExposureTime:400] 曝光时间 -> 5275 us
[2026-10-07 13:16:09.073] [info] [thread 108197] [daheng_demo.cpp AddExposureTime:400] 曝光时间 -> 5250 us
[2026-10-07 13:16:09.109] [info] [thread 108197] [daheng_demo.cpp AddExposureTime:400] 曝光时间 -> 5225 us
[2026-10-07 13:16:09.143] [info] [thread 108197] [daheng_demo.cpp AddExposureTime:400] 曝光时间 -> 5200 us
[2026-10-07 13:16:09.178] [info] [thread 108197] [daheng_demo.cpp AddExposureTime:400] 曝光时间 -> 5175 us
[2026-10-07 13:16:09.213] [info] [thread 108197] [daheng_demo.cpp AddExposureTime:400] 曝光时间 -> 5150 us
[2026-10-07 13:16:09.248] [info] [thread 108197] [daheng_demo.cpp AddExposureTime:400] 曝光时间 -> 5125 us
[2026-10-07 13:16:09.282] [info] [thread 108197] [daheng_demo.cpp AddExposureTime:400] 曝光时间 -> 5100 us
[2026-10-07 13:16:09.316] [info] [thread 108197] [daheng_demo.cpp AddExposureTime:400] 曝光时间 -> 5075 us
[2026-10-07 13:16:09.353] [info] [thread 108197] [daheng_demo.cpp AddExposureTime:400] 曝光时间 -> 5050 us
[2026-10-07 13:16:09.391] [info] [thread 108197] [daheng_demo.cpp AddExposureTime:400] 曝光时间 -> 5025 us
[2026-10-07 13:16:09.426] [info] [thread 108197] [daheng_demo.cpp AddExposureTime:400] 曝光时间 -> 5000 us
[2026-10-07 13:16:09.464] [info] [thread 108197] [daheng_demo.cpp AddExposureTime:400] 曝光时间 -> 4975 us
[2026-10-07 13:16:09.498] [info] [thread 108197] [daheng_demo.cpp AddExposureTime:400] 曝光时间 -> 4950 us
[2026-10-07 13:16:09.532] [info] [thread 108197] [daheng_demo.cpp AddExposureTime:400] 曝光时间 -> 4925 us
[2026-10-07 13:16:09.567] [info] [thread 108197] [daheng_demo.cpp AddExposureTime:400] 曝光时间 -> 4900 us
[2026-10-07 13:16:09.602] [info] [thread 108197] [daheng_demo.cpp AddExposureTime:400] 曝光时间 -> 4875 us
[2026-10-07 13:16:09.635] [info] [thread 108197] [daheng_demo.cpp AddExposureTime:400] 曝光时间 -> 4850 us
[2026-10-07 13:16:09.671] [info] [thread 108197] [daheng_demo.cpp AddExposureTime:400] 曝光时间 -> 4825 us
[2026-10-07 13:16:09.708] [info] [thread 108197] [daheng_demo.cpp AddExposureTime:400] 曝光时间 -> 4800 us
[2026-10-07 13:16:09.743] [info] [thread 108197] [daheng_demo.cpp AddExposureTime:400] 曝光时间 -> 4775 us
[2026-10-07 13:16:09.780] [info] [thread 108197] [daheng_demo.cpp AddExposureTime:400] 曝光时间 -> 4750 us
[2026-10-07 13:16:09.814] [info] [thread 108197] [daheng_demo.cpp AddExposureTime:400] 曝光时间 -> 4725 us
[2026-10-07 13:16:09.848] [info] [thread 108197] [daheng_demo.cpp AddExposureTime:400] 曝光时间 -> 4700 us
[2026-10-07 13:16:09.885] [info] [thread 108197] [daheng_demo.cpp AddExposureTime:400] 曝光时间 -> 4675 us
[2026-10-07 13:16:09.920] [info] [thread 108197] [daheng_demo.cpp AddExposureTime:400] 曝光时间 -> 4650 us
[2026-10-07 13:16:09.955] [info] [thread 108197] [daheng_demo.cpp AddExposureTime:400] 曝光时间 -> 4625 us
[2026-10-07 13:16:09.990] [info] [thread 108197] [daheng_demo.cpp AddExposureTime:400] 曝光时间 -> 4600 us
[2026-10-07 13:16:10.024] [info] [thread 108197] [daheng_demo.cpp AddExposureTime:400] 曝光时间 -> 4575 us
[2026-10-07 13:16:10.060] [info] [thread 108197] [daheng_demo.cpp AddExposureTime:400] 曝光时间 -> 4550 us
[2026-10-07 13:16:10.094] [info] [thread 108197] [daheng_demo.cpp AddExposureTime:400] 曝光时间 -> 4525 us
[2026-10-07 13:16:10.129] [info] [thread 108197] [daheng_demo.cpp AddExposureTime:400] 曝光时间 -> 4500 us
[2026-10-07 13:16:10.165] [info] [thread 108197] [daheng_demo.cpp AddExposureTime:400] 曝光时间 -> 4475 us
[2026-10-07 13:16:10.202] [info] [thread 108197] [daheng_demo.cpp AddExposureTime:400] 曝光时间 -> 4450 us
[2026-10-07 13:16:10.237] [info] [thread 108197] [daheng_demo.cpp AddExposureTime:400] 曝光时间 -> 4425 us
[2026-10-07 13:16:10.272] [info] [thread 108197] [daheng_demo.cpp AddExposureTime:400] 曝光时间 -> 4400 us
[2026-10-07 13:16:10.306] [info] [thread 108197] [daheng_demo.cpp AddExposureTime:400] 曝光时间 -> 4375 us
[2026-10-07 13:16:10.341] [info] [thread 108197] [daheng_demo.cpp AddExposureTime:400] 曝光时间 -> 4350 us
[2026-10-07 13:16:10.375] [info] [thread 108197] [daheng_demo.cpp AddExposureTime:400] 曝光时间 -> 4325 us
[2026-10-07 13:16:10.411] [info] [thread 108197] [daheng_demo.cpp AddExposureTime:400] 曝光时间 -> 4300 us
[2026-10-07 13:16:10.448] [info] [thread 108197] [daheng_demo.cpp AddExposureTime:400] 曝光时间 -> 4275 us
[2026-10-07 13:16:10.485] [info] [thread 108197] [daheng_demo.cpp AddExposureTime:400] 曝光时间 -> 4250 us
[2026-10-07 13:16:13.888] [info] [thread 108197] [daheng_demo.cpp AddExposureTime:400] 曝光时间 -> 4225 us
[2026-10-07 13:16:14.388] [info] [thread 108197] [daheng_demo.cpp AddExposureTime:400] 曝光时间 -> 4200 us
[2026-10-07 13:16:14.424] [info] [thread 108197] [daheng_demo.cpp AddExposureTime:400] 曝光时间 -> 4175 us
[2026-10-07 13:16:14.459] [info] [thread 108197] [daheng_demo.cpp AddExposureTime:400] 曝光时间 -> 4150 us
[2026-10-07 13:16:14.494] [info] [thread 108197] [daheng_demo.cpp AddExposureTime:400] 曝光时间 -> 4125 us
[2026-10-07 13:16:14.530] [info] [thread 108197] [daheng_demo.cpp AddExposureTime:400] 曝光时间 -> 4100 us
[2026-10-07 13:16:14.566] [info] [thread 108197] [daheng_demo.cpp AddExposureTime:400] 曝光时间 -> 4075 us
[2026-10-07 13:16:14.600] [info] [thread 108197] [daheng_demo.cpp AddExposureTime:400] 曝光时间 -> 4050 us
[2026-10-07 13:16:14.635] [info] [thread 108197] [daheng_demo.cpp AddExposureTime:400] 曝光时间 -> 4025 us
[2026-10-07 13:16:14.671] [info] [thread 108197] [daheng_demo.cpp AddExposureTime:400] 曝光时间 -> 4000 us
[2026-10-07 13:16:14.707] [info] [thread 108197] [daheng_demo.cpp AddExposureTime:400] 曝光时间 -> 3975 us
[2026-10-07 13:16:14.745] [info] [thread 108197] [daheng_demo.cpp AddExposureTime:400] 曝光时间 -> 3950 us
[2026-10-07 13:16:14.782] [info] [thread 108197] [daheng_demo.cpp AddExposureTime:400] 曝光时间 -> 3925 us
[2026-10-07 13:16:14.818] [info] [thread 108197] [daheng_demo.cpp AddExposureTime:400] 曝光时间 -> 3900 us
[2026-10-07 13:16:14.856] [info] [thread 108197] [daheng_demo.cpp AddExposureTime:400] 曝光时间 -> 3875 us
[2026-10-07 13:16:14.895] [info] [thread 108197] [daheng_demo.cpp AddExposureTime:400] 曝光时间 -> 3850 us
[2026-10-07 13:16:14.932] [info] [thread 108197] [daheng_demo.cpp AddExposureTime:400] 曝光时间 -> 3825 us
[2026-10-07 13:16:14.970] [info] [thread 108197] [daheng_demo.cpp AddExposureTime:400] 曝光时间 -> 3800 us
[2026-10-07 13:16:15.006] [info] [thread 108197] [daheng_demo.cpp AddExposureTime:400] 曝光时间 -> 3775 us
[2026-10-07 13:16:15.040] [info] [thread 108197] [daheng_demo.cpp AddExposureTime:400] 曝光时间 -> 3750 us
[2026-10-07 13:16:15.076] [info] [thread 108197] [daheng_demo.cpp AddExposureTime:400] 曝光时间 -> 3725 us
[2026-10-07 13:16:15.114] [info] [thread 108197] [daheng_demo.cpp AddExposureTime:400] 曝光时间 -> 3700 us
[2026-10-07 13:16:15.149] [info] [thread 108197] [daheng_demo.cpp AddExposureTime:400] 曝光时间 -> 3675 us
[2026-10-07 13:16:15.184] [info] [thread 108197] [daheng_demo.cpp AddExposureTime:400] 曝光时间 -> 3650 us
[2026-10-07 13:16:15.219] [info] [thread 108197] [daheng_demo.cpp AddExposureTime:400] 曝光时间 -> 3625 us
[2026-10-07 13:16:15.254] [info] [thread 108197] [daheng_demo.cpp AddExposureTime:400] 曝光时间 -> 3600 us
[2026-10-07 13:16:15.289] [info] [thread 108197] [daheng_demo.cpp AddExposureTime:400] 曝光时间 -> 3575 us
[2026-10-07 13:16:15.322] [info] [thread 108197] [daheng_demo.cpp AddExposureTime:400] 曝光时间 -> 3550 us
[2026-10-07 13:16:15.357] [info] [thread 108197] [daheng_demo.cpp AddExposureTime:400] 曝光时间 -> 3525 us
[2026-10-07 13:16:15.392] [info] [thread 108197] [daheng_demo.cpp AddExposureTime:400] 曝光时间 -> 3500 us
[2026-10-07 13:16:15.426] [info] [thread 108197] [daheng_demo.cpp AddExposureTime:400] 曝光时间 -> 3475 us
[2026-10-07 13:16:15.460] [info] [thread 108197] [daheng_demo.cpp AddExposureTime:400] 曝光时间 -> 3450 us
[2026-10-07 13:16:15.496] [info] [thread 108197] [daheng_demo.cpp AddExposureTime:400] 曝光时间 -> 3425 us
[2026-10-07 13:16:15.530] [info] [thread 108197] [daheng_demo.cpp AddExposureTime:400] 曝光时间 -> 3400 us
[2026-10-07 13:16:15.565] [info] [thread 108197] [daheng_demo.cpp AddExposureTime:400] 曝光时间 -> 3375 us
[2026-10-07 13:16:15.599] [info] [thread 108197] [daheng_demo.cpp AddExposureTime:400] 曝光时间 -> 3350 us
[2026-10-07 13:16:15.632] [info] [thread 108197] [daheng_demo.cpp AddExposureTime:400] 曝光时间 -> 3325 us
[2026-10-07 13:16:15.674] [info] [thread 108197] [daheng_demo.cpp AddExposureTime:400] 曝光时间 -> 3300 us
[2026-10-07 13:16:15.708] [info] [thread 108197] [daheng_demo.cpp AddExposureTime:400] 曝光时间 -> 3275 us
[2026-10-07 13:16:15.742] [info] [thread 108197] [daheng_demo.cpp AddExposureTime:400] 曝光时间 -> 3250 us
[2026-10-07 13:16:15.776] [info] [thread 108197] [daheng_demo.cpp AddExposureTime:400] 曝光时间 -> 3225 us
[2026-10-07 13:16:15.809] [info] [thread 108197] [daheng_demo.cpp AddExposureTime:400] 曝光时间 -> 3200 us
[2026-10-07 13:16:18.416] [info] [thread 108197] [daheng_demo.cpp AddExposureTime:400] 曝光时间 -> 3225 us
[2026-10-07 13:16:18.918] [info] [thread 108197] [daheng_demo.cpp AddExposureTime:400] 曝光时间 -> 3250 us
[2026-10-07 13:16:18.954] [info] [thread 108197] [daheng_demo.cpp AddExposureTime:400] 曝光时间 -> 3275 us
[2026-10-07 13:16:18.990] [info] [thread 108197] [daheng_demo.cpp AddExposureTime:400] 曝光时间 -> 3300 us
[2026-10-07 13:16:19.024] [info] [thread 108197] [daheng_demo.cpp AddExposureTime:400] 曝光时间 -> 3325 us
[2026-10-07 13:16:19.060] [info] [thread 108197] [daheng_demo.cpp AddExposureTime:400] 曝光时间 -> 3350 us
[2026-10-07 13:16:19.095] [info] [thread 108197] [daheng_demo.cpp AddExposureTime:400] 曝光时间 -> 3375 us
[2026-10-07 13:16:19.129] [info] [thread 108197] [daheng_demo.cpp AddExposureTime:400] 曝光时间 -> 3400 us
[2026-10-07 13:16:19.163] [info] [thread 108197] [daheng_demo.cpp AddExposureTime:400] 曝光时间 -> 3425 us
[2026-10-07 13:16:19.200] [info] [thread 108197] [daheng_demo.cpp AddExposureTime:400] 曝光时间 -> 3450 us
[2026-10-07 13:16:19.234] [info] [thread 108197] [daheng_demo.cpp AddExposureTime:400] 曝光时间 -> 3475 us
[2026-10-07 13:16:19.268] [info] [thread 108197] [daheng_demo.cpp AddExposureTime:400] 曝光时间 -> 3500 us
[2026-10-07 13:16:19.303] [info] [thread 108197] [daheng_demo.cpp AddExposureTime:400] 曝光时间 -> 3525 us
[2026-10-07 13:16:19.338] [info] [thread 108197] [daheng_demo.cpp AddExposureTime:400] 曝光时间 -> 3550 us
[2026-10-07 13:16:19.373] [info] [thread 108197] [daheng_demo.cpp AddExposureTime:400] 曝光时间 -> 3575 us
[2026-10-07 13:16:19.409] [info] [thread 108197] [daheng_demo.cpp AddExposureTime:400] 曝光时间 -> 3600 us
[2026-10-07 13:16:19.444] [info] [thread 108197] [daheng_demo.cpp AddExposureTime:400] 曝光时间 -> 3625 us
[2026-10-07 13:16:19.479] [info] [thread 108197] [daheng_demo.cpp AddExposureTime:400] 曝光时间 -> 3650 us
[2026-10-07 13:16:19.515] [info] [thread 108197] [daheng_demo.cpp AddExposureTime:400] 曝光时间 -> 3675 us
[2026-10-07 13:16:19.548] [info] [thread 108197] [daheng_demo.cpp AddExposureTime:400] 曝光时间 -> 3700 us
[2026-10-07 13:16:19.585] [info] [thread 108197] [daheng_demo.cpp AddExposureTime:400] 曝光时间 -> 3725 us
[2026-10-07 13:16:19.622] [info] [thread 108197] [daheng_demo.cpp AddExposureTime:400] 曝光时间 -> 3750 us
[2026-10-07 13:16:19.656] [info] [thread 108197] [daheng_demo.cpp AddExposureTime:400] 曝光时间 -> 3775 us
[2026-10-07 13:16:19.690] [info] [thread 108197] [daheng_demo.cpp AddExposureTime:400] 曝光时间 -> 3800 us
[2026-10-07 13:16:19.724] [info] [thread 108197] [daheng_demo.cpp AddExposureTime:400] 曝光时间 -> 3825 us
[2026-10-07 13:16:19.759] [info] [thread 108197] [daheng_demo.cpp AddExposureTime:400] 曝光时间 -> 3850 us
[2026-10-07 13:16:19.793] [info] [thread 108197] [daheng_demo.cpp AddExposureTime:400] 曝光时间 -> 3875 us
[2026-10-07 13:16:19.827] [info] [thread 108197] [daheng_demo.cpp AddExposureTime:400] 曝光时间 -> 3900 us
[2026-10-07 13:16:19.863] [info] [thread 108197] [daheng_demo.cpp AddExposureTime:400] 曝光时间 -> 3925 us
[2026-10-07 13:16:19.898] [info] [thread 108197] [daheng_demo.cpp AddExposureTime:400] 曝光时间 -> 3950 us
[2026-10-07 13:16:19.931] [info] [thread 108197] [daheng_demo.cpp AddExposureTime:400] 曝光时间 -> 3975 us
[2026-10-07 13:16:19.966] [info] [thread 108197] [daheng_demo.cpp AddExposureTime:400] 曝光时间 -> 4000 us
[2026-10-07 13:16:20.550] [info] [thread 108197] [daheng_demo.cpp AddExposureTime:400] 曝光时间 -> 4025 us
[2026-10-07 13:16:21.054] [info] [thread 108197] [daheng_demo.cpp AddExposureTime:400] 曝光时间 -> 4050 us
[2026-10-07 13:16:21.087] [info] [thread 108197] [daheng_demo.cpp AddExposureTime:400] 曝光时间 -> 4075 us
[2026-10-07 13:16:21.123] [info] [thread 108197] [daheng_demo.cpp AddExposureTime:400] 曝光时间 -> 4100 us
[2026-10-07 13:16:21.157] [info] [thread 108197] [daheng_demo.cpp AddExposureTime:400] 曝光时间 -> 4125 us
[2026-10-07 13:16:21.191] [info] [thread 108197] [daheng_demo.cpp AddExposureTime:400] 曝光时间 -> 4150 us
[2026-10-07 13:16:21.225] [info] [thread 108197] [daheng_demo.cpp AddExposureTime:400] 曝光时间 -> 4175 us
[2026-10-07 13:16:21.260] [info] [thread 108197] [daheng_demo.cpp AddExposureTime:400] 曝光时间 -> 4200 us
[2026-10-07 13:16:21.296] [info] [thread 108197] [daheng_demo.cpp AddExposureTime:400] 曝光时间 -> 4225 us
[2026-10-07 13:16:21.329] [info] [thread 108197] [daheng_demo.cpp AddExposureTime:400] 曝光时间 -> 4250 us
[2026-10-07 13:16:21.363] [info] [thread 108197] [daheng_demo.cpp AddExposureTime:400] 曝光时间 -> 4275 us
[2026-10-07 13:16:21.398] [info] [thread 108197] [daheng_demo.cpp AddExposureTime:400] 曝光时间 -> 4300 us
[2026-10-07 13:16:21.432] [info] [thread 108197] [daheng_demo.cpp AddExposureTime:400] 曝光时间 -> 4325 us
[2026-10-07 13:16:21.465] [info] [thread 108197] [daheng_demo.cpp AddExposureTime:400] 曝光时间 -> 4350 us
[2026-10-07 13:16:21.500] [info] [thread 108197] [daheng_demo.cpp AddExposureTime:400] 曝光时间 -> 4375 us
[2026-10-07 13:16:21.535] [info] [thread 108197] [daheng_demo.cpp AddExposureTime:400] 曝光时间 -> 4400 us
[2026-10-07 13:16:21.570] [info] [thread 108197] [daheng_demo.cpp AddExposureTime:400] 曝光时间 -> 4425 us
[2026-10-07 13:16:21.606] [info] [thread 108197] [daheng_demo.cpp AddExposureTime:400] 曝光时间 -> 4450 us
[2026-10-07 13:16:21.642] [info] [thread 108197] [daheng_demo.cpp AddExposureTime:400] 曝光时间 -> 4475 us
[2026-10-07 13:16:21.677] [info] [thread 108197] [daheng_demo.cpp AddExposureTime:400] 曝光时间 -> 4500 us
[2026-10-07 13:16:21.713] [info] [thread 108197] [daheng_demo.cpp AddExposureTime:400] 曝光时间 -> 4525 us
[2026-10-07 13:16:21.749] [info] [thread 108197] [daheng_demo.cpp AddExposureTime:400] 曝光时间 -> 4550 us
[2026-10-07 13:16:21.786] [info] [thread 108197] [daheng_demo.cpp AddExposureTime:400] 曝光时间 -> 4575 us
[2026-10-07 13:16:21.821] [info] [thread 108197] [daheng_demo.cpp AddExposureTime:400] 曝光时间 -> 4600 us
[2026-10-07 13:16:21.856] [info] [thread 108197] [daheng_demo.cpp AddExposureTime:400] 曝光时间 -> 4625 us
[2026-10-07 13:16:22.642] [info] [thread 108197] [daheng_demo.cpp AddExposureTime:400] 曝光时间 -> 4650 us
[2026-10-07 13:16:23.143] [info] [thread 108197] [daheng_demo.cpp AddExposureTime:400] 曝光时间 -> 4675 us
[2026-10-07 13:16:23.178] [info] [thread 108197] [daheng_demo.cpp AddExposureTime:400] 曝光时间 -> 4700 us
[2026-10-07 13:16:23.212] [info] [thread 108197] [daheng_demo.cpp AddExposureTime:400] 曝光时间 -> 4725 us
[2026-10-07 13:16:23.246] [info] [thread 108197] [daheng_demo.cpp AddExposureTime:400] 曝光时间 -> 4750 us
[2026-10-07 13:16:23.280] [info] [thread 108197] [daheng_demo.cpp AddExposureTime:400] 曝光时间 -> 4775 us
[2026-10-07 13:16:23.316] [info] [thread 108197] [daheng_demo.cpp AddExposureTime:400] 曝光时间 -> 4800 us
[2026-10-07 13:16:23.351] [info] [thread 108197] [daheng_demo.cpp AddExposureTime:400] 曝光时间 -> 4825 us
[2026-10-07 13:16:23.385] [info] [thread 108197] [daheng_demo.cpp AddExposureTime:400] 曝光时间 -> 4850 us
[2026-10-07 13:16:23.423] [info] [thread 108197] [daheng_demo.cpp AddExposureTime:400] 曝光时间 -> 4875 us
[2026-10-07 13:16:23.458] [info] [thread 108197] [daheng_demo.cpp AddExposureTime:400] 曝光时间 -> 4900 us
[2026-10-07 13:16:23.493] [info] [thread 108197] [daheng_demo.cpp AddExposureTime:400] 曝光时间 -> 4925 us
[2026-10-07 13:16:23.529] [info] [thread 108197] [daheng_demo.cpp AddExposureTime:400] 曝光时间 -> 4950 us
[2026-10-07 13:16:23.564] [info] [thread 108197] [daheng_demo.cpp AddExposureTime:400] 曝光时间 -> 4975 us
[2026-10-07 13:16:23.599] [info] [thread 108197] [daheng_demo.cpp AddExposureTime:400] 曝光时间 -> 5000 us
[2026-10-07 13:16:24.300] [info] [thread 108197] [daheng_demo.cpp AddExposureTime:400] 曝光时间 -> 5025 us
[2026-10-07 13:16:24.809] [info] [thread 108197] [daheng_demo.cpp AddExposureTime:400] 曝光时间 -> 5050 us
[2026-10-07 13:16:28.059] [info] [thread 108197] [daheng_demo.cpp AddGain:424] 增益 -> 12.700000000000001 dB
[2026-10-07 13:16:28.550] [info] [thread 108197] [daheng_demo.cpp AddGain:424] 增益 -> 12.6 dB
[2026-10-07 13:16:28.586] [info] [thread 108197] [daheng_demo.cpp AddGain:424] 增益 -> 12.5 dB
[2026-10-07 13:16:28.623] [info] [thread 108197] [daheng_demo.cpp AddGain:424] 增益 -> 12.4 dB
[2026-10-07 13:16:28.660] [info] [thread 108197] [daheng_demo.cpp AddGain:424] 增益 -> 12.3 dB
[2026-10-07 13:16:28.696] [info] [thread 108197] [daheng_demo.cpp AddGain:424] 增益 -> 12.200000000000001 dB
[2026-10-07 13:16:28.732] [info] [thread 108197] [daheng_demo.cpp AddGain:424] 增益 -> 12.1 dB
[2026-10-07 13:16:28.768] [info] [thread 108197] [daheng_demo.cpp AddGain:424] 增益 -> 12 dB
[2026-10-07 13:16:28.803] [info] [thread 108197] [daheng_demo.cpp AddGain:424] 增益 -> 11.9 dB
[2026-10-07 13:16:28.839] [info] [thread 108197] [daheng_demo.cpp AddGain:424] 增益 -> 11.8 dB
[2026-10-07 13:16:28.874] [info] [thread 108197] [daheng_demo.cpp AddGain:424] 增益 -> 11.700000000000001 dB
[2026-10-07 13:16:28.912] [info] [thread 108197] [daheng_demo.cpp AddGain:424] 增益 -> 11.6 dB
[2026-10-07 13:16:28.947] [info] [thread 108197] [daheng_demo.cpp AddGain:424] 增益 -> 11.5 dB
[2026-10-07 13:16:28.985] [info] [thread 108197] [daheng_demo.cpp AddGain:424] 增益 -> 11.4 dB
[2026-10-07 13:16:29.021] [info] [thread 108197] [daheng_demo.cpp AddGain:424] 增益 -> 11.3 dB
[2026-10-07 13:16:29.058] [info] [thread 108197] [daheng_demo.cpp AddGain:424] 增益 -> 11.200000000000001 dB
[2026-10-07 13:16:29.095] [info] [thread 108197] [daheng_demo.cpp AddGain:424] 增益 -> 11.1 dB
[2026-10-07 13:16:29.132] [info] [thread 108197] [daheng_demo.cpp AddGain:424] 增益 -> 11 dB
[2026-10-07 13:16:29.170] [info] [thread 108197] [daheng_demo.cpp AddGain:424] 增益 -> 10.9 dB
[2026-10-07 13:16:29.685] [info] [thread 108197] [daheng_demo.cpp AddGain:424] 增益 -> 10.8 dB
[2026-10-07 13:16:30.209] [info] [thread 108197] [daheng_demo.cpp AddGain:424] 增益 -> 10.700000000000001 dB
[2026-10-07 13:16:30.245] [info] [thread 108197] [daheng_demo.cpp AddGain:424] 增益 -> 10.6 dB
[2026-10-07 13:16:30.282] [info] [thread 108197] [daheng_demo.cpp AddGain:424] 增益 -> 10.5 dB
[2026-10-07 13:16:30.320] [info] [thread 108197] [daheng_demo.cpp AddGain:424] 增益 -> 10.4 dB
[2026-10-07 13:16:30.359] [info] [thread 108197] [daheng_demo.cpp AddGain:424] 增益 -> 10.3 dB
[2026-10-07 13:16:30.396] [info] [thread 108197] [daheng_demo.cpp AddGain:424] 增益 -> 10.200000000000001 dB
[2026-10-07 13:16:30.438] [info] [thread 108197] [daheng_demo.cpp AddGain:424] 增益 -> 10.1 dB
[2026-10-07 13:16:30.478] [info] [thread 108197] [daheng_demo.cpp AddGain:424] 增益 -> 10 dB
[2026-10-07 13:16:30.513] [info] [thread 108197] [daheng_demo.cpp AddGain:424] 增益 -> 9.9 dB
[2026-10-07 13:16:30.549] [info] [thread 108197] [daheng_demo.cpp AddGain:424] 增益 -> 9.8 dB
[2026-10-07 13:16:30.590] [info] [thread 108197] [daheng_demo.cpp AddGain:424] 增益 -> 9.700000000000001 dB
[2026-10-07 13:16:30.629] [info] [thread 108197] [daheng_demo.cpp AddGain:424] 增益 -> 9.6 dB
[2026-10-07 13:16:30.667] [info] [thread 108197] [daheng_demo.cpp AddGain:424] 增益 -> 9.5 dB
[2026-10-07 13:16:30.704] [info] [thread 108197] [daheng_demo.cpp AddGain:424] 增益 -> 9.4 dB
[2026-10-07 13:16:30.741] [info] [thread 108197] [daheng_demo.cpp AddGain:424] 增益 -> 9.3 dB
[2026-10-07 13:16:30.777] [info] [thread 108197] [daheng_demo.cpp AddGain:424] 增益 -> 9.200000000000001 dB
[2026-10-07 13:16:30.814] [info] [thread 108197] [daheng_demo.cpp AddGain:424] 增益 -> 9.1 dB
[2026-10-07 13:16:30.850] [info] [thread 108197] [daheng_demo.cpp AddGain:424] 增益 -> 9 dB
[2026-10-07 13:16:30.885] [info] [thread 108197] [daheng_demo.cpp AddGain:424] 增益 -> 8.9 dB
[2026-10-07 13:16:30.921] [info] [thread 108197] [daheng_demo.cpp AddGain:424] 增益 -> 8.8 dB
[2026-10-07 13:16:31.360] [info] [thread 108197] [daheng_demo.cpp AddGain:424] 增益 -> 8.9 dB
[2026-10-07 13:16:31.859] [info] [thread 108197] [daheng_demo.cpp AddGain:424] 增益 -> 9 dB
[2026-10-07 13:16:31.898] [info] [thread 108197] [daheng_demo.cpp AddGain:424] 增益 -> 9.1 dB
[2026-10-07 13:16:31.936] [info] [thread 108197] [daheng_demo.cpp AddGain:424] 增益 -> 9.2 dB
[2026-10-07 13:16:31.974] [info] [thread 108197] [daheng_demo.cpp AddGain:424] 增益 -> 9.299999999999999 dB
[2026-10-07 13:16:32.010] [info] [thread 108197] [daheng_demo.cpp AddGain:424] 增益 -> 9.4 dB
[2026-10-07 13:16:32.050] [info] [thread 108197] [daheng_demo.cpp AddGain:424] 增益 -> 9.5 dB
[2026-10-07 13:16:32.088] [info] [thread 108197] [daheng_demo.cpp AddGain:424] 增益 -> 9.6 dB
[2026-10-07 13:16:32.124] [info] [thread 108197] [daheng_demo.cpp AddGain:424] 增益 -> 9.7 dB
[2026-10-07 13:16:32.160] [info] [thread 108197] [daheng_demo.cpp AddGain:424] 增益 -> 9.799999999999999 dB
[2026-10-07 13:16:32.197] [info] [thread 108197] [daheng_demo.cpp AddGain:424] 增益 -> 9.9 dB
[2026-10-07 13:16:32.233] [info] [thread 108197] [daheng_demo.cpp AddGain:424] 增益 -> 10 dB
[2026-10-07 13:16:32.270] [info] [thread 108197] [daheng_demo.cpp AddGain:424] 增益 -> 10.1 dB
[2026-10-07 13:16:32.306] [info] [thread 108197] [daheng_demo.cpp AddGain:424] 增益 -> 10.2 dB
[2026-10-07 13:16:32.341] [info] [thread 108197] [daheng_demo.cpp AddGain:424] 增益 -> 10.299999999999999 dB
[2026-10-07 13:16:32.377] [info] [thread 108197] [daheng_demo.cpp AddGain:424] 增益 -> 10.4 dB
[2026-10-07 13:16:32.414] [info] [thread 108197] [daheng_demo.cpp AddGain:424] 增益 -> 10.5 dB
[2026-10-07 13:16:32.450] [info] [thread 108197] [daheng_demo.cpp AddGain:424] 增益 -> 10.6 dB
[2026-10-07 13:16:32.486] [info] [thread 108197] [daheng_demo.cpp AddGain:424] 增益 -> 10.7 dB
[2026-10-07 13:16:32.523] [info] [thread 108197] [daheng_demo.cpp AddGain:424] 增益 -> 10.799999999999999 dB
[2026-10-07 13:16:32.558] [info] [thread 108197] [daheng_demo.cpp AddGain:424] 增益 -> 10.9 dB
[2026-10-07 13:16:32.594] [info] [thread 108197] [daheng_demo.cpp AddGain:424] 增益 -> 11 dB
[2026-10-07 13:16:32.629] [info] [thread 108197] [daheng_demo.cpp AddGain:424] 增益 -> 11.1 dB
[2026-10-07 13:16:32.665] [info] [thread 108197] [daheng_demo.cpp AddGain:424] 增益 -> 11.2 dB
[2026-10-07 13:16:32.702] [info] [thread 108197] [daheng_demo.cpp AddGain:424] 增益 -> 11.299999999999999 dB
[2026-10-07 13:16:32.737] [info] [thread 108197] [daheng_demo.cpp AddGain:424] 增益 -> 11.4 dB
[2026-10-07 13:16:32.774] [info] [thread 108197] [daheng_demo.cpp AddGain:424] 增益 -> 11.5 dB
[2026-10-07 13:16:32.810] [info] [thread 108197] [daheng_demo.cpp AddGain:424] 增益 -> 11.6 dB
[2026-10-07 13:16:33.508] [info] [thread 108197] [daheng_demo.cpp AddGain:424] 增益 -> 11.5 dB
[2026-10-07 13:16:34.025] [info] [thread 108197] [daheng_demo.cpp AddGain:424] 增益 -> 11.4 dB
[2026-10-07 13:16:34.062] [info] [thread 108197] [daheng_demo.cpp AddGain:424] 增益 -> 11.3 dB
[2026-10-07 13:16:34.100] [info] [thread 108197] [daheng_demo.cpp AddGain:424] 增益 -> 11.200000000000001 dB
[2026-10-07 13:16:34.135] [info] [thread 108197] [daheng_demo.cpp AddGain:424] 增益 -> 11.1 dB
[2026-10-07 13:16:34.172] [info] [thread 108197] [daheng_demo.cpp AddGain:424] 增益 -> 11 dB
[2026-10-07 13:16:34.207] [info] [thread 108197] [daheng_demo.cpp AddGain:424] 增益 -> 10.9 dB
[2026-10-07 13:16:34.242] [info] [thread 108197] [daheng_demo.cpp AddGain:424] 增益 -> 10.8 dB
[2026-10-07 13:16:34.278] [info] [thread 108197] [daheng_demo.cpp AddGain:424] 增益 -> 10.700000000000001 dB
[2026-10-07 13:16:34.314] [info] [thread 108197] [daheng_demo.cpp AddGain:424] 增益 -> 10.6 dB
[2026-10-07 13:16:34.351] [info] [thread 108197] [daheng_demo.cpp AddGain:424] 增益 -> 10.5 dB
[2026-10-07 13:16:34.388] [info] [thread 108197] [daheng_demo.cpp AddGain:424] 增益 -> 10.4 dB
[2026-10-07 13:16:34.428] [info] [thread 108197] [daheng_demo.cpp AddGain:424] 增益 -> 10.3 dB
[2026-10-07 13:16:34.464] [info] [thread 108197] [daheng_demo.cpp AddGain:424] 增益 -> 10.200000000000001 dB
[2026-10-07 13:16:34.500] [info] [thread 108197] [daheng_demo.cpp AddGain:424] 增益 -> 10.1 dB
[2026-10-07 13:16:34.535] [info] [thread 108197] [daheng_demo.cpp AddGain:424] 增益 -> 10 dB
[2026-10-07 13:16:34.570] [info] [thread 108197] [daheng_demo.cpp AddGain:424] 增益 -> 9.9 dB
[2026-10-07 13:16:34.608] [info] [thread 108197] [daheng_demo.cpp AddGain:424] 增益 -> 9.8 dB
[2026-10-07 13:16:34.643] [info] [thread 108197] [daheng_demo.cpp AddGain:424] 增益 -> 9.700000000000001 dB
[2026-10-07 13:16:34.677] [info] [thread 108197] [daheng_demo.cpp AddGain:424] 增益 -> 9.6 dB
[2026-10-07 13:16:34.714] [info] [thread 108197] [daheng_demo.cpp AddGain:424] 增益 -> 9.5 dB
[2026-10-07 13:16:34.750] [info] [thread 108197] [daheng_demo.cpp AddGain:424] 增益 -> 9.4 dB
[2026-10-07 13:16:34.785] [info] [thread 108197] [daheng_demo.cpp AddGain:424] 增益 -> 9.3 dB
[2026-10-07 13:16:34.823] [info] [thread 108197] [daheng_demo.cpp AddGain:424] 增益 -> 9.200000000000001 dB
[2026-10-07 13:16:34.863] [info] [thread 108197] [daheng_demo.cpp AddGain:424] 增益 -> 9.1 dB
[2026-10-07 13:16:34.899] [info] [thread 108197] [daheng_demo.cpp AddGain:424] 增益 -> 9 dB
[2026-10-07 13:16:34.935] [info] [thread 108197] [daheng_demo.cpp AddGain:424] 增益 -> 8.9 dB
[2026-10-07 13:16:34.972] [info] [thread 108197] [daheng_demo.cpp AddGain:424] 增益 -> 8.8 dB
[2026-10-07 13:16:35.009] [info] [thread 108197] [daheng_demo.cpp AddGain:424] 增益 -> 8.700000000000001 dB
[2026-10-07 13:16:35.045] [info] [thread 108197] [daheng_demo.cpp AddGain:424] 增益 -> 8.6 dB
[2026-10-07 13:16:35.081] [info] [thread 108197] [daheng_demo.cpp AddGain:424] 增益 -> 8.5 dB
[2026-10-07 13:16:35.118] [info] [thread 108197] [daheng_demo.cpp AddGain:424] 增益 -> 8.4 dB
[2026-10-07 13:16:35.152] [info] [thread 108197] [daheng_demo.cpp AddGain:424] 增益 -> 8.3 dB
[2026-10-07 13:16:35.189] [info] [thread 108197] [daheng_demo.cpp AddGain:424] 增益 -> 8.200000000000001 dB
[2026-10-07 13:16:35.225] [info] [thread 108197] [daheng_demo.cpp AddGain:424] 增益 -> 8.1 dB
[2026-10-07 13:16:35.259] [info] [thread 108197] [daheng_demo.cpp AddGain:424] 增益 -> 8 dB
[2026-10-07 13:16:35.295] [info] [thread 108197] [daheng_demo.cpp AddGain:424] 增益 -> 7.9 dB
[2026-10-07 13:16:35.333] [info] [thread 108197] [daheng_demo.cpp AddGain:424] 增益 -> 7.800000000000001 dB
[2026-10-07 13:16:35.368] [info] [thread 108197] [daheng_demo.cpp AddGain:424] 增益 -> 7.7 dB
[2026-10-07 13:16:35.405] [info] [thread 108197] [daheng_demo.cpp AddGain:424] 增益 -> 7.6000000000000005 dB
[2026-10-07 13:16:35.441] [info] [thread 108197] [daheng_demo.cpp AddGain:424] 增益 -> 7.5 dB
[2026-10-07 13:16:35.478] [info] [thread 108197] [daheng_demo.cpp AddGain:424] 增益 -> 7.4 dB
[2026-10-07 13:16:35.514] [info] [thread 108197] [daheng_demo.cpp AddGain:424] 增益 -> 7.300000000000001 dB
[2026-10-07 13:16:35.549] [info] [thread 108197] [daheng_demo.cpp AddGain:424] 增益 -> 7.2 dB
[2026-10-07 13:16:35.584] [info] [thread 108197] [daheng_demo.cpp AddGain:424] 增益 -> 7.1000000000000005 dB
[2026-10-07 13:16:35.621] [info] [thread 108197] [daheng_demo.cpp AddGain:424] 增益 -> 7 dB
[2026-10-07 13:16:35.655] [info] [thread 108197] [daheng_demo.cpp AddGain:424] 增益 -> 6.9 dB
[2026-10-07 13:16:35.692] [info] [thread 108197] [daheng_demo.cpp AddGain:424] 增益 -> 6.800000000000001 dB
[2026-10-07 13:16:35.727] [info] [thread 108197] [daheng_demo.cpp AddGain:424] 增益 -> 6.7 dB
[2026-10-07 13:16:35.764] [info] [thread 108197] [daheng_demo.cpp AddGain:424] 增益 -> 6.6000000000000005 dB
[2026-10-07 13:16:35.800] [info] [thread 108197] [daheng_demo.cpp AddGain:424] 增益 -> 6.5 dB
[2026-10-07 13:16:35.835] [info] [thread 108197] [daheng_demo.cpp AddGain:424] 增益 -> 6.4 dB
[2026-10-07 13:16:35.871] [info] [thread 108197] [daheng_demo.cpp AddGain:424] 增益 -> 6.300000000000001 dB
[2026-10-07 13:16:35.906] [info] [thread 108197] [daheng_demo.cpp AddGain:424] 增益 -> 6.2 dB
[2026-10-07 13:16:35.943] [info] [thread 108197] [daheng_demo.cpp AddGain:424] 增益 -> 6.1000000000000005 dB
[2026-10-07 13:16:35.978] [info] [thread 108197] [daheng_demo.cpp AddGain:424] 增益 -> 6 dB
[2026-10-07 13:16:36.013] [info] [thread 108197] [daheng_demo.cpp AddGain:424] 增益 -> 5.9 dB
[2026-10-07 13:16:36.049] [info] [thread 108197] [daheng_demo.cpp AddGain:424] 增益 -> 5.800000000000001 dB
[2026-10-07 13:16:36.084] [info] [thread 108197] [daheng_demo.cpp AddGain:424] 增益 -> 5.7 dB
[2026-10-07 13:16:36.119] [info] [thread 108197] [daheng_demo.cpp AddGain:424] 增益 -> 5.6000000000000005 dB
[2026-10-07 13:16:38.620] [info] [thread 108197] [daheng_demo.cpp AddGain:424] 增益 -> 5.5 dB
[2026-10-07 13:16:39.138] [info] [thread 108197] [daheng_demo.cpp AddGain:424] 增益 -> 5.4 dB
[2026-10-07 13:16:39.173] [info] [thread 108197] [daheng_demo.cpp AddGain:424] 增益 -> 5.300000000000001 dB
[2026-10-07 13:16:39.209] [info] [thread 108197] [daheng_demo.cpp AddGain:424] 增益 -> 5.2 dB
[2026-10-07 13:16:39.243] [info] [thread 108197] [daheng_demo.cpp AddGain:424] 增益 -> 5.1000000000000005 dB
[2026-10-07 13:16:39.281] [info] [thread 108197] [daheng_demo.cpp AddGain:424] 增益 -> 5 dB
[2026-10-07 13:16:39.317] [info] [thread 108197] [daheng_demo.cpp AddGain:424] 增益 -> 4.9 dB
[2026-10-07 13:16:39.351] [info] [thread 108197] [daheng_demo.cpp AddGain:424] 增益 -> 4.800000000000001 dB
[2026-10-07 13:16:39.387] [info] [thread 108197] [daheng_demo.cpp AddGain:424] 增益 -> 4.7 dB
[2026-10-07 13:16:39.421] [info] [thread 108197] [daheng_demo.cpp AddGain:424] 增益 -> 4.6000000000000005 dB
[2026-10-07 13:16:39.456] [info] [thread 108197] [daheng_demo.cpp AddGain:424] 增益 -> 4.5 dB
[2026-10-07 13:16:39.491] [info] [thread 108197] [daheng_demo.cpp AddGain:424] 增益 -> 4.4 dB
[2026-10-07 13:16:39.525] [info] [thread 108197] [daheng_demo.cpp AddGain:424] 增益 -> 4.300000000000001 dB
[2026-10-07 13:16:39.563] [info] [thread 108197] [daheng_demo.cpp AddGain:424] 增益 -> 4.2 dB
[2026-10-07 13:16:39.601] [info] [thread 108197] [daheng_demo.cpp AddGain:424] 增益 -> 4.1000000000000005 dB
[2026-10-07 13:16:39.639] [info] [thread 108197] [daheng_demo.cpp AddGain:424] 增益 -> 3.9999999999999996 dB
[2026-10-07 13:16:39.676] [info] [thread 108197] [daheng_demo.cpp AddGain:424] 增益 -> 3.9 dB
[2026-10-07 13:16:39.713] [info] [thread 108197] [daheng_demo.cpp AddGain:424] 增益 -> 3.8 dB
[2026-10-07 13:16:39.748] [info] [thread 108197] [daheng_demo.cpp AddGain:424] 增益 -> 3.6999999999999997 dB
[2026-10-07 13:16:39.784] [info] [thread 108197] [daheng_demo.cpp AddGain:424] 增益 -> 3.6 dB
[2026-10-07 13:16:39.818] [info] [thread 108197] [daheng_demo.cpp AddGain:424] 增益 -> 3.5 dB
[2026-10-07 13:16:41.817] [info] [thread 108197] [daheng_demo.cpp AddGain:424] 增益 -> 3.4 dB
[2026-10-07 13:16:42.323] [info] [thread 108197] [daheng_demo.cpp AddGain:424] 增益 -> 3.3 dB
[2026-10-07 13:16:42.359] [info] [thread 108197] [daheng_demo.cpp AddGain:424] 增益 -> 3.1999999999999997 dB
[2026-10-07 13:16:42.392] [info] [thread 108197] [daheng_demo.cpp AddGain:424] 增益 -> 3.1 dB
[2026-10-07 13:16:42.427] [info] [thread 108197] [daheng_demo.cpp AddGain:424] 增益 -> 3 dB
[2026-10-07 13:16:42.462] [info] [thread 108197] [daheng_demo.cpp AddGain:424] 增益 -> 2.9 dB
[2026-10-07 13:16:42.496] [info] [thread 108197] [daheng_demo.cpp AddGain:424] 增益 -> 2.8 dB
[2026-10-07 13:16:42.530] [info] [thread 108197] [daheng_demo.cpp AddGain:424] 增益 -> 2.6999999999999997 dB
[2026-10-07 13:16:42.569] [info] [thread 108197] [daheng_demo.cpp AddGain:424] 增益 -> 2.6 dB
[2026-10-07 13:16:42.603] [info] [thread 108197] [daheng_demo.cpp AddGain:424] 增益 -> 2.5 dB
[2026-10-07 13:16:42.636] [info] [thread 108197] [daheng_demo.cpp AddGain:424] 增益 -> 2.4 dB
[2026-10-07 13:16:43.365] [info] [thread 108197] [daheng_demo.cpp AddGain:424] 增益 -> 2.3 dB
[2026-10-07 13:16:43.872] [info] [thread 108197] [daheng_demo.cpp AddGain:424] 增益 -> 2.1999999999999997 dB
[2026-10-07 13:16:44.896] [info] [thread 108197] [daheng_demo.cpp AddGain:424] 增益 -> 2.1 dB
[2026-10-07 13:16:45.406] [info] [thread 108197] [daheng_demo.cpp AddGain:424] 增益 -> 2 dB
[2026-10-07 13:16:45.440] [info] [thread 108197] [daheng_demo.cpp AddGain:424] 增益 -> 1.9 dB
[2026-10-07 13:16:45.477] [info] [thread 108197] [daheng_demo.cpp AddGain:424] 增益 -> 1.7999999999999998 dB
[2026-10-07 13:16:45.514] [info] [thread 108197] [daheng_demo.cpp AddGain:424] 增益 -> 1.7 dB
[2026-10-07 13:16:45.548] [info] [thread 108197] [daheng_demo.cpp AddGain:424] 增益 -> 1.5999999999999999 dB
[2026-10-07 13:16:45.583] [info] [thread 108197] [daheng_demo.cpp AddGain:424] 增益 -> 1.5 dB
[2026-10-07 13:16:45.617] [info] [thread 108197] [daheng_demo.cpp AddGain:424] 增益 -> 1.4 dB
[2026-10-07 13:16:45.654] [info] [thread 108197] [daheng_demo.cpp AddGain:424] 增益 -> 1.2999999999999998 dB
[2026-10-07 13:16:45.690] [info] [thread 108197] [daheng_demo.cpp AddGain:424] 增益 -> 1.2 dB
[2026-10-07 13:16:45.724] [info] [thread 108197] [daheng_demo.cpp AddGain:424] 增益 -> 1.0999999999999999 dB
[2026-10-07 13:16:45.758] [info] [thread 108197] [daheng_demo.cpp AddGain:424] 增益 -> 1 dB
[2026-10-07 13:16:45.791] [info] [thread 108197] [daheng_demo.cpp AddGain:424] 增益 -> 0.9 dB
[2026-10-07 13:16:45.826] [info] [thread 108197] [daheng_demo.cpp AddGain:424] 增益 -> 0.8 dB
[2026-10-07 13:16:45.861] [info] [thread 108197] [daheng_demo.cpp AddGain:424] 增益 -> 0.7000000000000001 dB
[2026-10-07 13:16:45.895] [info] [thread 108197] [daheng_demo.cpp AddGain:424] 增益 -> 0.6 dB
[2026-10-07 13:16:46.908] [info] [thread 108197] [daheng_demo.cpp AddGain:424] 增益 -> 0.5 dB
[2026-10-07 13:16:47.400] [info] [thread 108197] [daheng_demo.cpp AddGain:424] 增益 -> 0.4 dB
[2026-10-07 13:16:47.439] [info] [thread 108197] [daheng_demo.cpp AddGain:424] 增益 -> 0.30000000000000004 dB
[2026-10-07 13:16:47.477] [info] [thread 108197] [daheng_demo.cpp AddGain:424] 增益 -> 0.19999999999999998 dB
[2026-10-07 13:16:47.514] [info] [thread 108197] [daheng_demo.cpp AddGain:424] 增益 -> 0.1 dB
[2026-10-07 13:16:47.552] [info] [thread 108197] [daheng_demo.cpp AddGain:424] 增益 -> 0 dB
[2026-10-07 13:16:47.588] [info] [thread 108197] [daheng_demo.cpp AddGain:424] 增益 -> 0 dB
[2026-10-07 13:16:47.621] [info] [thread 108197] [daheng_demo.cpp AddGain:424] 增益 -> 0 dB
[2026-10-07 13:16:47.656] [info] [thread 108197] [daheng_demo.cpp AddGain:424] 增益 -> 0 dB
[2026-10-07 13:16:47.690] [info] [thread 108197] [daheng_demo.cpp AddGain:424] 增益 -> 0 dB
[2026-10-07 13:16:47.723] [info] [thread 108197] [daheng_demo.cpp AddGain:424] 增益 -> 0 dB
[2026-10-07 13:16:47.758] [info] [thread 108197] [daheng_demo.cpp AddGain:424] 增益 -> 0 dB
[2026-10-07 13:16:47.796] [info] [thread 108197] [daheng_demo.cpp AddGain:424] 增益 -> 0 dB
[2026-10-07 13:16:47.830] [info] [thread 108197] [daheng_demo.cpp AddGain:424] 增益 -> 0 dB
[2026-10-07 13:16:47.868] [info] [thread 108197] [daheng_demo.cpp AddGain:424] 增益 -> 0 dB
[2026-10-07 13:16:47.902] [info] [thread 108197] [daheng_demo.cpp AddGain:424] 增益 -> 0 dB
[2026-10-07 13:16:47.935] [info] [thread 108197] [daheng_demo.cpp AddGain:424] 增益 -> 0 dB
[2026-10-07 13:16:48.763] [info] [thread 108197] [daheng_demo.cpp AddGain:424] 增益 -> 0 dB
[2026-10-07 13:16:49.264] [info] [thread 108197] [daheng_demo.cpp AddGain:424] 增益 -> 0 dB
[2026-10-07 13:16:49.300] [info] [thread 108197] [daheng_demo.cpp AddGain:424] 增益 -> 0 dB
[2026-10-07 13:16:49.335] [info] [thread 108197] [daheng_demo.cpp AddGain:424] 增益 -> 0 dB
[2026-10-07 13:16:49.368] [info] [thread 108197] [daheng_demo.cpp AddGain:424] 增益 -> 0 dB
[2026-10-07 13:16:49.403] [info] [thread 108197] [daheng_demo.cpp AddGain:424] 增益 -> 0 dB
[2026-10-07 13:16:49.439] [info] [thread 108197] [daheng_demo.cpp AddGain:424] 增益 -> 0 dB
[2026-10-07 13:16:49.473] [info] [thread 108197] [daheng_demo.cpp AddGain:424] 增益 -> 0 dB
[2026-10-07 13:16:49.507] [info] [thread 108197] [daheng_demo.cpp AddGain:424] 增益 -> 0 dB
[2026-10-07 13:16:49.542] [info] [thread 108197] [daheng_demo.cpp AddGain:424] 增益 -> 0 dB
[2026-10-07 13:16:49.578] [info] [thread 108197] [daheng_demo.cpp AddGain:424] 增益 -> 0 dB
[2026-10-07 13:16:49.613] [info] [thread 108197] [daheng_demo.cpp AddGain:424] 增益 -> 0 dB
[2026-10-07 13:16:49.650] [info] [thread 108197] [daheng_demo.cpp AddGain:424] 增益 -> 0 dB
[2026-10-07 13:16:49.686] [info] [thread 108197] [daheng_demo.cpp AddGain:424] 增益 -> 0 dB
[2026-10-07 13:16:49.724] [info] [thread 108197] [daheng_demo.cpp AddGain:424] 增益 -> 0 dB
[2026-10-07 13:16:49.758] [info] [thread 108197] [daheng_demo.cpp AddGain:424] 增益 -> 0 dB
[2026-10-07 13:16:49.794] [info] [thread 108197] [daheng_demo.cpp AddGain:424] 增益 -> 0 dB
[2026-10-07 13:16:49.826] [info] [thread 108197] [daheng_demo.cpp AddGain:424] 增益 -> 0 dB
[2026-10-07 13:16:49.861] [info] [thread 108197] [daheng_demo.cpp AddGain:424] 增益 -> 0 dB
[2026-10-07 13:17:50.751] [info] [thread 108197] [daheng_demo.cpp AddGain:424] 增益 -> 0 dB
[2026-10-07 13:17:51.245] [info] [thread 108197] [daheng_demo.cpp AddGain:424] 增益 -> 0 dB
[2026-10-07 13:17:51.280] [info] [thread 108197] [daheng_demo.cpp AddGain:424] 增益 -> 0 dB
[2026-10-07 13:17:51.314] [info] [thread 108197] [daheng_demo.cpp AddGain:424] 增益 -> 0 dB
[2026-10-07 13:17:51.349] [info] [thread 108197] [daheng_demo.cpp AddGain:424] 增益 -> 0 dB
[2026-10-07 13:17:51.383] [info] [thread 108197] [daheng_demo.cpp AddGain:424] 增益 -> 0 dB
[2026-10-07 13:17:51.417] [info] [thread 108197] [daheng_demo.cpp AddGain:424] 增益 -> 0 dB
[2026-10-07 13:17:51.452] [info] [thread 108197] [daheng_demo.cpp AddGain:424] 增益 -> 0 dB
[2026-10-07 13:17:51.487] [info] [thread 108197] [daheng_demo.cpp AddGain:424] 增益 -> 0 dB
[2026-10-07 13:17:51.522] [info] [thread 108197] [daheng_demo.cpp AddGain:424] 增益 -> 0 dB
[2026-10-07 13:17:51.557] [info] [thread 108197] [daheng_demo.cpp AddGain:424] 增益 -> 0 dB
[2026-10-07 13:17:51.591] [info] [thread 108197] [daheng_demo.cpp AddGain:424] 增益 -> 0 dB
[2026-10-07 13:17:51.626] [info] [thread 108197] [daheng_demo.cpp AddGain:424] 增益 -> 0 dB
[2026-10-07 13:17:51.662] [info] [thread 108197] [daheng_demo.cpp AddGain:424] 增益 -> 0 dB
[2026-10-07 13:17:51.695] [info] [thread 108197] [daheng_demo.cpp AddGain:424] 增益 -> 0 dB
[2026-10-07 13:17:51.729] [info] [thread 108197] [daheng_demo.cpp AddGain:424] 增益 -> 0 dB
[2026-10-07 13:17:51.763] [info] [thread 108197] [daheng_demo.cpp AddGain:424] 增益 -> 0 dB
[2026-10-07 13:17:51.798] [info] [thread 108197] [daheng_demo.cpp AddGain:424] 增益 -> 0 dB
[2026-10-07 13:17:51.835] [info] [thread 108197] [daheng_demo.cpp AddGain:424] 增益 -> 0 dB
[2026-10-07 13:17:51.870] [info] [thread 108197] [daheng_demo.cpp AddGain:424] 增益 -> 0 dB
[2026-10-07 13:17:51.906] [info] [thread 108197] [daheng_demo.cpp AddGain:424] 增益 -> 0 dB
[2026-10-07 13:17:51.940] [info] [thread 108197] [daheng_demo.cpp AddGain:424] 增益 -> 0 dB
[2026-10-07 13:17:51.975] [info] [thread 108197] [daheng_demo.cpp AddGain:424] 增益 -> 0 dB
[2026-10-07 13:17:52.010] [info] [thread 108197] [daheng_demo.cpp AddGain:424] 增益 -> 0 dB
[2026-10-07 13:17:52.047] [info] [thread 108197] [daheng_demo.cpp AddGain:424] 增益 -> 0 dB
[2026-10-07 13:17:52.082] [info] [thread 108197] [daheng_demo.cpp AddGain:424] 增益 -> 0 dB
[2026-10-07 13:17:52.115] [info] [thread 108197] [daheng_demo.cpp AddGain:424] 增益 -> 0 dB
[2026-10-07 13:17:52.150] [info] [thread 108197] [daheng_demo.cpp AddGain:424] 增益 -> 0 dB
[2026-10-07 13:17:52.186] [info] [thread 108197] [daheng_demo.cpp AddGain:424] 增益 -> 0 dB
[2026-10-07 13:17:52.219] [info] [thread 108197] [daheng_demo.cpp AddGain:424] 增益 -> 0 dB
[2026-10-07 13:17:52.254] [info] [thread 108197] [daheng_demo.cpp AddGain:424] 增益 -> 0 dB
[2026-10-07 13:17:52.290] [info] [thread 108197] [daheng_demo.cpp AddGain:424] 增益 -> 0 dB
[2026-10-07 13:17:52.327] [info] [thread 108197] [daheng_demo.cpp AddGain:424] 增益 -> 0 dB
[2026-10-07 13:17:52.523] [info] [thread 108197] [daheng_demo.cpp AddGain:424] 增益 -> 0.1 dB
[2026-10-07 13:17:53.006] [info] [thread 108197] [daheng_demo.cpp AddGain:424] 增益 -> 0.2 dB
[2026-10-07 13:17:53.040] [info] [thread 108197] [daheng_demo.cpp AddGain:424] 增益 -> 0.30000000000000004 dB
[2026-10-07 13:17:53.076] [info] [thread 108197] [daheng_demo.cpp AddGain:424] 增益 -> 0.4 dB
[2026-10-07 13:17:53.113] [info] [thread 108197] [daheng_demo.cpp AddGain:424] 增益 -> 0.5 dB
[2026-10-07 13:17:53.148] [info] [thread 108197] [daheng_demo.cpp AddGain:424] 增益 -> 0.6 dB
[2026-10-07 13:17:53.182] [info] [thread 108197] [daheng_demo.cpp AddGain:424] 增益 -> 0.7 dB
[2026-10-07 13:17:53.217] [info] [thread 108197] [daheng_demo.cpp AddGain:424] 增益 -> 0.7999999999999999 dB
[2026-10-07 13:17:53.251] [info] [thread 108197] [daheng_demo.cpp AddGain:424] 增益 -> 0.9 dB
[2026-10-07 13:17:53.284] [info] [thread 108197] [daheng_demo.cpp AddGain:424] 增益 -> 1 dB
[2026-10-07 13:17:53.320] [info] [thread 108197] [daheng_demo.cpp AddGain:424] 增益 -> 1.1 dB
[2026-10-07 13:17:53.354] [info] [thread 108197] [daheng_demo.cpp AddGain:424] 增益 -> 1.2000000000000002 dB
[2026-10-07 13:17:53.388] [info] [thread 108197] [daheng_demo.cpp AddGain:424] 增益 -> 1.3 dB
[2026-10-07 13:17:53.421] [info] [thread 108197] [daheng_demo.cpp AddGain:424] 增益 -> 1.4000000000000001 dB
[2026-10-07 13:17:53.456] [info] [thread 108197] [daheng_demo.cpp AddGain:424] 增益 -> 1.5 dB
[2026-10-07 13:17:53.490] [info] [thread 108197] [daheng_demo.cpp AddGain:424] 增益 -> 1.6 dB
[2026-10-07 13:17:53.523] [info] [thread 108197] [daheng_demo.cpp AddGain:424] 增益 -> 1.7000000000000002 dB
[2026-10-07 13:17:53.557] [info] [thread 108197] [daheng_demo.cpp AddGain:424] 增益 -> 1.8 dB
[2026-10-07 13:17:53.592] [info] [thread 108197] [daheng_demo.cpp AddGain:424] 增益 -> 1.9000000000000001 dB
[2026-10-07 13:17:53.627] [info] [thread 108197] [daheng_demo.cpp AddGain:424] 增益 -> 2 dB
[2026-10-07 13:17:53.659] [info] [thread 108197] [daheng_demo.cpp AddGain:424] 增益 -> 2.1 dB
[2026-10-07 13:17:53.692] [info] [thread 108197] [daheng_demo.cpp AddGain:424] 增益 -> 2.2 dB
[2026-10-07 13:17:53.726] [info] [thread 108197] [daheng_demo.cpp AddGain:424] 增益 -> 2.3000000000000003 dB
[2026-10-07 13:17:53.760] [info] [thread 108197] [daheng_demo.cpp AddGain:424] 增益 -> 2.4 dB
[2026-10-07 13:17:53.795] [info] [thread 108197] [daheng_demo.cpp AddGain:424] 增益 -> 2.5 dB
[2026-10-07 13:17:53.830] [info] [thread 108197] [daheng_demo.cpp AddGain:424] 增益 -> 2.6 dB
[2026-10-07 13:17:53.865] [info] [thread 108197] [daheng_demo.cpp AddGain:424] 增益 -> 2.7 dB
[2026-10-07 13:17:53.901] [info] [thread 108197] [daheng_demo.cpp AddGain:424] 增益 -> 2.8000000000000003 dB
[2026-10-07 13:17:53.934] [info] [thread 108197] [daheng_demo.cpp AddGain:424] 增益 -> 2.9 dB
[2026-10-07 13:17:53.970] [info] [thread 108197] [daheng_demo.cpp AddGain:424] 增益 -> 3 dB
[2026-10-07 13:17:54.004] [info] [thread 108197] [daheng_demo.cpp AddGain:424] 增益 -> 3.1 dB
[2026-10-07 13:17:54.037] [info] [thread 108197] [daheng_demo.cpp AddGain:424] 增益 -> 3.2 dB
[2026-10-07 13:17:54.074] [info] [thread 108197] [daheng_demo.cpp AddGain:424] 增益 -> 3.3000000000000003 dB
[2026-10-07 13:17:54.113] [info] [thread 108197] [daheng_demo.cpp AddGain:424] 增益 -> 3.4 dB
[2026-10-07 13:17:54.148] [info] [thread 108197] [daheng_demo.cpp AddGain:424] 增益 -> 3.5 dB
[2026-10-07 13:17:54.184] [info] [thread 108197] [daheng_demo.cpp AddGain:424] 增益 -> 3.6 dB
[2026-10-07 13:17:54.218] [info] [thread 108197] [daheng_demo.cpp AddGain:424] 增益 -> 3.7 dB
[2026-10-07 13:17:54.253] [info] [thread 108197] [daheng_demo.cpp AddGain:424] 增益 -> 3.8000000000000003 dB
[2026-10-07 13:17:54.287] [info] [thread 108197] [daheng_demo.cpp AddGain:424] 增益 -> 3.9 dB
[2026-10-07 13:17:54.321] [info] [thread 108197] [daheng_demo.cpp AddGain:424] 增益 -> 4 dB
[2026-10-07 13:17:54.356] [info] [thread 108197] [daheng_demo.cpp AddGain:424] 增益 -> 4.1 dB
[2026-10-07 13:17:54.391] [info] [thread 108197] [daheng_demo.cpp AddGain:424] 增益 -> 4.199999999999999 dB
[2026-10-07 13:17:54.757] [warning] [thread 108197] [daheng_demo.cpp AddGamma:436] GXGetFloatValue Gamma 失败 (status = -8): {-8}{DoGetFloatRange:line[285]}{Node is not available. : AccessException thrown in node 'Gamma' while calling 'Gamma.GetMin()' (file 'FloatT.h', line 363)}
[2026-10-07 13:17:55.253] [warning] [thread 108197] [daheng_demo.cpp AddGamma:436] GXGetFloatValue Gamma 失败 (status = -8): {-8}{DoGetFloatRange:line[285]}{Node is not available. : AccessException thrown in node 'Gamma' while calling 'Gamma.GetMin()' (file 'FloatT.h', line 363)}
[2026-10-07 13:17:55.277] [warning] [thread 108197] [daheng_demo.cpp AddGamma:436] GXGetFloatValue Gamma 失败 (status = -8): {-8}{DoGetFloatRange:line[285]}{Node is not available. : AccessException thrown in node 'Gamma' while calling 'Gamma.GetMin()' (file 'FloatT.h', line 363)}
[2026-10-07 13:17:55.687] [warning] [thread 108197] [daheng_demo.cpp AddGamma:436] GXGetFloatValue Gamma 失败 (status = -8): {-8}{DoGetFloatRange:line[285]}{Node is not available. : AccessException thrown in node 'Gamma' while calling 'Gamma.GetMin()' (file 'FloatT.h', line 363)}
[2026-10-07 13:17:56.175] [warning] [thread 108197] [daheng_demo.cpp AddGamma:436] GXGetFloatValue Gamma 失败 (status = -8): {-8}{DoGetFloatRange:line[285]}{Node is not available. : AccessException thrown in node 'Gamma' while calling 'Gamma.GetMin()' (file 'FloatT.h', line 363)}
[2026-10-07 13:17:56.201] [warning] [thread 108197] [daheng_demo.cpp AddGamma:436] GXGetFloatValue Gamma 失败 (status = -8): {-8}{DoGetFloatRange:line[285]}{Node is not available. : AccessException thrown in node 'Gamma' while calling 'Gamma.GetMin()' (file 'FloatT.h', line 363)}
[2026-10-07 13:17:56.249] [warning] [thread 108197] [daheng_demo.cpp AddGamma:436] GXGetFloatValue Gamma 失败 (status = -8): {-8}{DoGetFloatRange:line[285]}{Node is not available. : AccessException thrown in node 'Gamma' while calling 'Gamma.GetMin()' (file 'FloatT.h', line 363)}
[2026-10-07 13:17:56.273] [warning] [thread 108197] [daheng_demo.cpp AddGamma:436] GXGetFloatValue Gamma 失败 (status = -8): {-8}{DoGetFloatRange:line[285]}{Node is not available. : AccessException thrown in node 'Gamma' while calling 'Gamma.GetMin()' (file 'FloatT.h', line 363)}
[2026-10-07 13:17:56.304] [warning] [thread 108197] [daheng_demo.cpp AddGamma:436] GXGetFloatValue Gamma 失败 (status = -8): {-8}{DoGetFloatRange:line[285]}{Node is not available. : AccessException thrown in node 'Gamma' while calling 'Gamma.GetMin()' (file 'FloatT.h', line 363)}
[2026-10-07 13:17:56.329] [warning] [thread 108197] [daheng_demo.cpp AddGamma:436] GXGetFloatValue Gamma 失败 (status = -8): {-8}{DoGetFloatRange:line[285]}{Node is not available. : AccessException thrown in node 'Gamma' while calling 'Gamma.GetMin()' (file 'FloatT.h', line 363)}
[2026-10-07 13:17:56.354] [warning] [thread 108197] [daheng_demo.cpp AddGamma:436] GXGetFloatValue Gamma 失败 (status = -8): {-8}{DoGetFloatRange:line[285]}{Node is not available. : AccessException thrown in node 'Gamma' while calling 'Gamma.GetMin()' (file 'FloatT.h', line 363)}
[2026-10-07 13:17:56.841] [warning] [thread 108197] [daheng_demo.cpp AddGamma:436] GXGetFloatValue Gamma 失败 (status = -8): {-8}{DoGetFloatRange:line[285]}{Node is not available. : AccessException thrown in node 'Gamma' while calling 'Gamma.GetMin()' (file 'FloatT.h', line 363)}
[2026-10-07 13:17:57.046] [warning] [thread 108197] [daheng_demo.cpp AddGamma:436] GXGetFloatValue Gamma 失败 (status = -8): {-8}{DoGetFloatRange:line[285]}{Node is not available. : AccessException thrown in node 'Gamma' while calling 'Gamma.GetMin()' (file 'FloatT.h', line 363)}
[2026-10-07 13:17:57.611] [info] [thread 108197] [daheng_demo.cpp AddGain:424] 增益 -> 4.1000000000000005 dB
[2026-10-07 13:17:58.119] [info] [thread 108197] [daheng_demo.cpp AddGain:424] 增益 -> 3.9999999999999996 dB
[2026-10-07 13:17:58.152] [info] [thread 108197] [daheng_demo.cpp AddGain:424] 增益 -> 3.9 dB
[2026-10-07 13:17:58.188] [info] [thread 108197] [daheng_demo.cpp AddGain:424] 增益 -> 3.8 dB
[2026-10-07 13:17:58.223] [info] [thread 108197] [daheng_demo.cpp AddGain:424] 增益 -> 3.6999999999999997 dB
[2026-10-07 13:17:58.258] [info] [thread 108197] [daheng_demo.cpp AddGain:424] 增益 -> 3.6 dB
[2026-10-07 13:17:58.296] [info] [thread 108197] [daheng_demo.cpp AddGain:424] 增益 -> 3.5 dB
[2026-10-07 13:17:58.332] [info] [thread 108197] [daheng_demo.cpp AddGain:424] 增益 -> 3.4 dB
[2026-10-07 13:17:58.365] [info] [thread 108197] [daheng_demo.cpp AddGain:424] 增益 -> 3.3 dB
[2026-10-07 13:17:58.398] [info] [thread 108197] [daheng_demo.cpp AddGain:424] 增益 -> 3.1999999999999997 dB
[2026-10-07 13:17:58.432] [info] [thread 108197] [daheng_demo.cpp AddGain:424] 增益 -> 3.1 dB
[2026-10-07 13:17:58.465] [info] [thread 108197] [daheng_demo.cpp AddGain:424] 增益 -> 3 dB
[2026-10-07 13:17:58.499] [info] [thread 108197] [daheng_demo.cpp AddGain:424] 增益 -> 2.9 dB
[2026-10-07 13:17:58.534] [info] [thread 108197] [daheng_demo.cpp AddGain:424] 增益 -> 2.8 dB
[2026-10-07 13:17:58.568] [info] [thread 108197] [daheng_demo.cpp AddGain:424] 增益 -> 2.6999999999999997 dB
[2026-10-07 13:17:58.603] [info] [thread 108197] [daheng_demo.cpp AddGain:424] 增益 -> 2.6 dB
[2026-10-07 13:17:58.637] [info] [thread 108197] [daheng_demo.cpp AddGain:424] 增益 -> 2.5 dB
[2026-10-07 13:17:58.673] [info] [thread 108197] [daheng_demo.cpp AddGain:424] 增益 -> 2.4 dB
[2026-10-07 13:17:58.707] [info] [thread 108197] [daheng_demo.cpp AddGain:424] 增益 -> 2.3 dB
[2026-10-07 13:17:58.742] [info] [thread 108197] [daheng_demo.cpp AddGain:424] 增益 -> 2.1999999999999997 dB
[2026-10-07 13:17:58.777] [info] [thread 108197] [daheng_demo.cpp AddGain:424] 增益 -> 2.1 dB
[2026-10-07 13:17:58.812] [info] [thread 108197] [daheng_demo.cpp AddGain:424] 增益 -> 2 dB
[2026-10-07 13:17:58.847] [info] [thread 108197] [daheng_demo.cpp AddGain:424] 增益 -> 1.9 dB
[2026-10-07 13:17:58.883] [info] [thread 108197] [daheng_demo.cpp AddGain:424] 增益 -> 1.7999999999999998 dB
[2026-10-07 13:17:58.917] [info] [thread 108197] [daheng_demo.cpp AddGain:424] 增益 -> 1.7 dB
[2026-10-07 13:17:58.951] [info] [thread 108197] [daheng_demo.cpp AddGain:424] 增益 -> 1.5999999999999999 dB
[2026-10-07 13:17:58.985] [info] [thread 108197] [daheng_demo.cpp AddGain:424] 增益 -> 1.5 dB
[2026-10-07 13:17:59.021] [info] [thread 108197] [daheng_demo.cpp AddGain:424] 增益 -> 1.4 dB
[2026-10-07 13:17:59.055] [info] [thread 108197] [daheng_demo.cpp AddGain:424] 增益 -> 1.2999999999999998 dB
[2026-10-07 13:17:59.091] [info] [thread 108197] [daheng_demo.cpp AddGain:424] 增益 -> 1.2 dB
[2026-10-07 13:17:59.128] [info] [thread 108197] [daheng_demo.cpp AddGain:424] 增益 -> 1.0999999999999999 dB
[2026-10-07 13:17:59.160] [info] [thread 108197] [daheng_demo.cpp AddGain:424] 增益 -> 1 dB
[2026-10-07 13:17:59.194] [info] [thread 108197] [daheng_demo.cpp AddGain:424] 增益 -> 0.9 dB
[2026-10-07 13:17:59.229] [info] [thread 108197] [daheng_demo.cpp AddGain:424] 增益 -> 0.8 dB
[2026-10-07 13:17:59.264] [info] [thread 108197] [daheng_demo.cpp AddGain:424] 增益 -> 0.7000000000000001 dB
[2026-10-07 13:17:59.298] [info] [thread 108197] [daheng_demo.cpp AddGain:424] 增益 -> 0.6 dB
[2026-10-07 13:17:59.333] [info] [thread 108197] [daheng_demo.cpp AddGain:424] 增益 -> 0.5 dB
[2026-10-07 13:17:59.367] [info] [thread 108197] [daheng_demo.cpp AddGain:424] 增益 -> 0.4 dB
[2026-10-07 13:17:59.402] [info] [thread 108197] [daheng_demo.cpp AddGain:424] 增益 -> 0.30000000000000004 dB
[2026-10-07 13:17:59.435] [info] [thread 108197] [daheng_demo.cpp AddGain:424] 增益 -> 0.19999999999999998 dB
[2026-10-07 13:17:59.469] [info] [thread 108197] [daheng_demo.cpp AddGain:424] 增益 -> 0.1 dB
[2026-10-07 13:17:59.504] [info] [thread 108197] [daheng_demo.cpp AddGain:424] 增益 -> 0 dB
[2026-10-07 13:17:59.538] [info] [thread 108197] [daheng_demo.cpp AddGain:424] 增益 -> 0 dB
[2026-10-07 13:17:59.572] [info] [thread 108197] [daheng_demo.cpp AddGain:424] 增益 -> 0 dB
[2026-10-07 13:17:59.606] [info] [thread 108197] [daheng_demo.cpp AddGain:424] 增益 -> 0 dB
[2026-10-07 13:17:59.641] [info] [thread 108197] [daheng_demo.cpp AddGain:424] 增益 -> 0 dB
[2026-10-07 13:17:59.676] [info] [thread 108197] [daheng_demo.cpp AddGain:424] 增益 -> 0 dB
[2026-10-07 13:17:59.711] [info] [thread 108197] [daheng_demo.cpp AddGain:424] 增益 -> 0 dB
[2026-10-07 13:17:59.751] [info] [thread 108197] [daheng_demo.cpp AddGain:424] 增益 -> 0 dB
[2026-10-07 13:17:59.787] [info] [thread 108197] [daheng_demo.cpp AddGain:424] 增益 -> 0 dB
[2026-10-07 13:17:59.820] [info] [thread 108197] [daheng_demo.cpp AddGain:424] 增益 -> 0 dB
[2026-10-07 13:17:59.854] [info] [thread 108197] [daheng_demo.cpp AddGain:424] 增益 -> 0 dB
[2026-10-07 13:17:59.888] [info] [thread 108197] [daheng_demo.cpp AddGain:424] 增益 -> 0 dB
[2026-10-07 13:17:59.922] [info] [thread 108197] [daheng_demo.cpp AddGain:424] 增益 -> 0 dB
[2026-10-07 13:17:59.958] [info] [thread 108197] [daheng_demo.cpp AddGain:424] 增益 -> 0 dB
[2026-10-07 13:17:59.992] [info] [thread 108197] [daheng_demo.cpp AddGain:424] 增益 -> 0 dB
[2026-10-07 13:18:00.027] [info] [thread 108197] [daheng_demo.cpp AddGain:424] 增益 -> 0 dB
[2026-10-07 13:18:00.061] [info] [thread 108197] [daheng_demo.cpp AddGain:424] 增益 -> 0.1 dB
[2026-10-07 13:18:00.565] [info] [thread 108197] [daheng_demo.cpp AddGain:424] 增益 -> 0.2 dB
[2026-10-07 13:18:00.600] [info] [thread 108197] [daheng_demo.cpp AddGain:424] 增益 -> 0.30000000000000004 dB
[2026-10-07 13:18:00.635] [info] [thread 108197] [daheng_demo.cpp AddGain:424] 增益 -> 0.4 dB
[2026-10-07 13:18:00.669] [info] [thread 108197] [daheng_demo.cpp AddGain:424] 增益 -> 0.5 dB
[2026-10-07 13:18:00.708] [info] [thread 108197] [daheng_demo.cpp AddGain:424] 增益 -> 0.6 dB
[2026-10-07 13:18:00.742] [info] [thread 108197] [daheng_demo.cpp AddGain:424] 增益 -> 0.7 dB
[2026-10-07 13:18:00.775] [info] [thread 108197] [daheng_demo.cpp AddGain:424] 增益 -> 0.7999999999999999 dB
[2026-10-07 13:18:00.810] [info] [thread 108197] [daheng_demo.cpp AddGain:424] 增益 -> 0.9 dB
[2026-10-07 13:18:00.846] [info] [thread 108197] [daheng_demo.cpp AddGain:424] 增益 -> 1 dB
[2026-10-07 13:18:00.880] [info] [thread 108197] [daheng_demo.cpp AddGain:424] 增益 -> 1.1 dB
[2026-10-07 13:18:00.915] [info] [thread 108197] [daheng_demo.cpp AddGain:424] 增益 -> 1.2000000000000002 dB
[2026-10-07 13:18:00.950] [info] [thread 108197] [daheng_demo.cpp AddGain:424] 增益 -> 1.3 dB
[2026-10-07 13:18:00.985] [info] [thread 108197] [daheng_demo.cpp AddGain:424] 增益 -> 1.4000000000000001 dB
[2026-10-07 13:18:01.023] [info] [thread 108197] [daheng_demo.cpp AddGain:424] 增益 -> 1.5 dB
[2026-10-07 13:18:01.059] [info] [thread 108197] [daheng_demo.cpp AddGain:424] 增益 -> 1.6 dB
[2026-10-07 13:18:01.093] [info] [thread 108197] [daheng_demo.cpp AddGain:424] 增益 -> 1.7000000000000002 dB
[2026-10-07 13:18:01.129] [info] [thread 108197] [daheng_demo.cpp AddGain:424] 增益 -> 1.8 dB
[2026-10-07 13:18:01.163] [info] [thread 108197] [daheng_demo.cpp AddGain:424] 增益 -> 1.9000000000000001 dB
[2026-10-07 13:18:01.198] [info] [thread 108197] [daheng_demo.cpp AddGain:424] 增益 -> 2 dB
[2026-10-07 13:18:01.232] [info] [thread 108197] [daheng_demo.cpp AddGain:424] 增益 -> 2.1 dB
[2026-10-07 13:18:01.265] [info] [thread 108197] [daheng_demo.cpp AddGain:424] 增益 -> 2.2 dB
[2026-10-07 13:18:01.299] [info] [thread 108197] [daheng_demo.cpp AddGain:424] 增益 -> 2.3000000000000003 dB
[2026-10-07 13:18:01.332] [info] [thread 108197] [daheng_demo.cpp AddGain:424] 增益 -> 2.4 dB
[2026-10-07 13:18:01.366] [info] [thread 108197] [daheng_demo.cpp AddGain:424] 增益 -> 2.5 dB
[2026-10-07 13:18:01.403] [info] [thread 108197] [daheng_demo.cpp AddGain:424] 增益 -> 2.6 dB
[2026-10-07 13:18:01.439] [info] [thread 108197] [daheng_demo.cpp AddGain:424] 增益 -> 2.7 dB
[2026-10-07 13:18:01.471] [info] [thread 108197] [daheng_demo.cpp AddGain:424] 增益 -> 2.8000000000000003 dB
[2026-10-07 13:18:01.505] [info] [thread 108197] [daheng_demo.cpp AddGain:424] 增益 -> 2.9 dB
[2026-10-07 13:18:01.537] [info] [thread 108197] [daheng_demo.cpp AddGain:424] 增益 -> 3 dB
[2026-10-07 13:18:01.572] [info] [thread 108197] [daheng_demo.cpp AddGain:424] 增益 -> 3.1 dB
[2026-10-07 13:18:01.606] [info] [thread 108197] [daheng_demo.cpp AddGain:424] 增益 -> 3.2 dB
[2026-10-07 13:18:01.640] [info] [thread 108197] [daheng_demo.cpp AddGain:424] 增益 -> 3.3000000000000003 dB
[2026-10-07 13:18:01.675] [info] [thread 108197] [daheng_demo.cpp AddGain:424] 增益 -> 3.4 dB
[2026-10-07 13:18:01.708] [info] [thread 108197] [daheng_demo.cpp AddGain:424] 增益 -> 3.5 dB
[2026-10-07 13:18:01.742] [info] [thread 108197] [daheng_demo.cpp AddGain:424] 增益 -> 3.6 dB
[2026-10-07 13:18:01.777] [info] [thread 108197] [daheng_demo.cpp AddGain:424] 增益 -> 3.7 dB
[2026-10-07 13:18:01.812] [info] [thread 108197] [daheng_demo.cpp AddGain:424] 增益 -> 3.8000000000000003 dB
[2026-10-07 13:18:02.218] [info] [thread 108197] [daheng_demo.cpp AddGain:424] 增益 -> 3.9 dB
[2026-10-07 13:18:02.701] [info] [thread 108197] [daheng_demo.cpp AddGain:424] 增益 -> 4 dB
[2026-10-07 13:18:02.737] [info] [thread 108197] [daheng_demo.cpp AddGain:424] 增益 -> 4.1 dB
[2026-10-07 13:18:02.770] [info] [thread 108197] [daheng_demo.cpp AddGain:424] 增益 -> 4.199999999999999 dB
[2026-10-07 13:18:02.804] [info] [thread 108197] [daheng_demo.cpp AddGain:424] 增益 -> 4.3 dB
[2026-10-07 13:18:02.838] [info] [thread 108197] [daheng_demo.cpp AddGain:424] 增益 -> 4.3999999999999995 dB
[2026-10-07 13:18:02.874] [info] [thread 108197] [daheng_demo.cpp AddGain:424] 增益 -> 4.5 dB
[2026-10-07 13:18:02.909] [info] [thread 108197] [daheng_demo.cpp AddGain:424] 增益 -> 4.6 dB
[2026-10-07 13:18:02.943] [info] [thread 108197] [daheng_demo.cpp AddGain:424] 增益 -> 4.699999999999999 dB
[2026-10-07 13:18:02.977] [info] [thread 108197] [daheng_demo.cpp AddGain:424] 增益 -> 4.8 dB
[2026-10-07 13:18:03.011] [info] [thread 108197] [daheng_demo.cpp AddGain:424] 增益 -> 4.8999999999999995 dB
[2026-10-07 13:18:03.044] [info] [thread 108197] [daheng_demo.cpp AddGain:424] 增益 -> 5 dB
[2026-10-07 13:18:03.078] [info] [thread 108197] [daheng_demo.cpp AddGain:424] 增益 -> 5.1 dB
[2026-10-07 13:18:03.113] [info] [thread 108197] [daheng_demo.cpp AddGain:424] 增益 -> 5.199999999999999 dB
[2026-10-07 13:18:03.146] [info] [thread 108197] [daheng_demo.cpp AddGain:424] 增益 -> 5.3 dB
[2026-10-07 13:18:03.180] [info] [thread 108197] [daheng_demo.cpp AddGain:424] 增益 -> 5.3999999999999995 dB
[2026-10-07 13:18:03.214] [info] [thread 108197] [daheng_demo.cpp AddGain:424] 增益 -> 5.5 dB
[2026-10-07 13:18:03.247] [info] [thread 108197] [daheng_demo.cpp AddGain:424] 增益 -> 5.6 dB
[2026-10-07 13:18:03.282] [info] [thread 108197] [daheng_demo.cpp AddGain:424] 增益 -> 5.699999999999999 dB
[2026-10-07 13:18:03.318] [info] [thread 108197] [daheng_demo.cpp AddGain:424] 增益 -> 5.8 dB
[2026-10-07 13:18:03.354] [info] [thread 108197] [daheng_demo.cpp AddGain:424] 增益 -> 5.8999999999999995 dB
[2026-10-07 13:18:03.389] [info] [thread 108197] [daheng_demo.cpp AddGain:424] 增益 -> 6 dB
[2026-10-07 13:18:03.423] [info] [thread 108197] [daheng_demo.cpp AddGain:424] 增益 -> 6.1 dB
[2026-10-07 13:18:03.460] [info] [thread 108197] [daheng_demo.cpp AddGain:424] 增益 -> 6.199999999999999 dB
[2026-10-07 13:18:03.498] [info] [thread 108197] [daheng_demo.cpp AddGain:424] 增益 -> 6.3 dB
[2026-10-07 13:18:03.534] [info] [thread 108197] [daheng_demo.cpp AddGain:424] 增益 -> 6.3999999999999995 dB
[2026-10-07 13:18:03.569] [info] [thread 108197] [daheng_demo.cpp AddGain:424] 增益 -> 6.5 dB
[2026-10-07 13:18:03.605] [info] [thread 108197] [daheng_demo.cpp AddGain:424] 增益 -> 6.6 dB
[2026-10-07 13:18:03.641] [info] [thread 108197] [daheng_demo.cpp AddGain:424] 增益 -> 6.699999999999999 dB
[2026-10-07 13:18:03.675] [info] [thread 108197] [daheng_demo.cpp AddGain:424] 增益 -> 6.8 dB
[2026-10-07 13:18:03.711] [info] [thread 108197] [daheng_demo.cpp AddGain:424] 增益 -> 6.8999999999999995 dB
[2026-10-07 13:18:03.746] [info] [thread 108197] [daheng_demo.cpp AddGain:424] 增益 -> 7 dB
[2026-10-07 13:18:03.782] [info] [thread 108197] [daheng_demo.cpp AddGain:424] 增益 -> 7.1 dB
[2026-10-07 13:18:03.818] [info] [thread 108197] [daheng_demo.cpp AddGain:424] 增益 -> 7.199999999999999 dB
[2026-10-07 13:18:03.853] [info] [thread 108197] [daheng_demo.cpp AddGain:424] 增益 -> 7.3 dB
[2026-10-07 13:18:03.889] [info] [thread 108197] [daheng_demo.cpp AddGain:424] 增益 -> 7.3999999999999995 dB
[2026-10-07 13:18:06.529] [info] [thread 108197] [daheng_demo.cpp AddGain:424] 增益 -> 7.5 dB
[2026-10-07 13:18:07.034] [info] [thread 108197] [daheng_demo.cpp AddGain:424] 增益 -> 7.6 dB
[2026-10-07 13:18:07.075] [info] [thread 108197] [daheng_demo.cpp AddGain:424] 增益 -> 7.699999999999999 dB
[2026-10-07 13:18:07.112] [info] [thread 108197] [daheng_demo.cpp AddGain:424] 增益 -> 7.8 dB
[2026-10-07 13:18:07.146] [info] [thread 108197] [daheng_demo.cpp AddGain:424] 增益 -> 7.8999999999999995 dB
[2026-10-07 13:18:07.184] [info] [thread 108197] [daheng_demo.cpp AddGain:424] 增益 -> 8 dB
[2026-10-07 13:18:07.221] [info] [thread 108197] [daheng_demo.cpp AddGain:424] 增益 -> 8.1 dB
[2026-10-07 13:18:07.258] [info] [thread 108197] [daheng_demo.cpp AddGain:424] 增益 -> 8.2 dB
[2026-10-07 13:18:07.293] [info] [thread 108197] [daheng_demo.cpp AddGain:424] 增益 -> 8.299999999999999 dB
[2026-10-07 13:18:07.332] [info] [thread 108197] [daheng_demo.cpp AddGain:424] 增益 -> 8.4 dB
[2026-10-07 13:18:07.368] [info] [thread 108197] [daheng_demo.cpp AddGain:424] 增益 -> 8.5 dB
[2026-10-07 13:18:07.403] [info] [thread 108197] [daheng_demo.cpp AddGain:424] 增益 -> 8.6 dB
[2026-10-07 13:18:07.442] [info] [thread 108197] [daheng_demo.cpp AddGain:424] 增益 -> 8.7 dB
[2026-10-07 13:18:07.477] [info] [thread 108197] [daheng_demo.cpp AddGain:424] 增益 -> 8.799999999999999 dB
[2026-10-07 13:18:07.515] [info] [thread 108197] [daheng_demo.cpp AddGain:424] 增益 -> 8.9 dB
[2026-10-07 13:18:07.552] [info] [thread 108197] [daheng_demo.cpp AddGain:424] 增益 -> 9 dB
[2026-10-07 13:18:07.587] [info] [thread 108197] [daheng_demo.cpp AddGain:424] 增益 -> 9.1 dB
[2026-10-07 13:18:07.624] [info] [thread 108197] [daheng_demo.cpp AddGain:424] 增益 -> 9.2 dB
[2026-10-07 13:18:07.659] [info] [thread 108197] [daheng_demo.cpp AddGain:424] 增益 -> 9.299999999999999 dB
[2026-10-07 13:18:07.695] [info] [thread 108197] [daheng_demo.cpp AddGain:424] 增益 -> 9.4 dB
[2026-10-07 13:18:07.753] [info] [thread 108197] [daheng_demo.cpp AddGain:424] 增益 -> 9.5 dB
[2026-10-07 13:18:07.790] [info] [thread 108197] [daheng_demo.cpp AddGain:424] 增益 -> 9.6 dB
[2026-10-07 13:18:07.824] [info] [thread 108197] [daheng_demo.cpp AddGain:424] 增益 -> 9.7 dB
[2026-10-07 13:18:07.859] [info] [thread 108197] [daheng_demo.cpp AddGain:424] 增益 -> 9.799999999999999 dB
[2026-10-07 13:18:07.895] [info] [thread 108197] [daheng_demo.cpp AddGain:424] 增益 -> 9.9 dB
[2026-10-07 13:18:07.934] [info] [thread 108197] [daheng_demo.cpp AddGain:424] 增益 -> 10 dB
[2026-10-07 13:18:07.968] [info] [thread 108197] [daheng_demo.cpp AddGain:424] 增益 -> 10.1 dB
[2026-10-07 13:18:08.005] [info] [thread 108197] [daheng_demo.cpp AddGain:424] 增益 -> 10.2 dB
[2026-10-07 13:18:08.040] [info] [thread 108197] [daheng_demo.cpp AddGain:424] 增益 -> 10.299999999999999 dB
[2026-10-07 13:18:08.732] [info] [thread 108197] [daheng_demo.cpp AddExposureTime:400] 曝光时间 -> 5075 us
[2026-10-07 13:18:09.233] [info] [thread 108197] [daheng_demo.cpp AddExposureTime:400] 曝光时间 -> 5100 us
[2026-10-07 13:18:09.268] [info] [thread 108197] [daheng_demo.cpp AddExposureTime:400] 曝光时间 -> 5125 us
[2026-10-07 13:18:09.304] [info] [thread 108197] [daheng_demo.cpp AddExposureTime:400] 曝光时间 -> 5150 us
[2026-10-07 13:18:09.339] [info] [thread 108197] [daheng_demo.cpp AddExposureTime:400] 曝光时间 -> 5175 us
[2026-10-07 13:18:09.374] [info] [thread 108197] [daheng_demo.cpp AddExposureTime:400] 曝光时间 -> 5200 us
[2026-10-07 13:18:09.409] [info] [thread 108197] [daheng_demo.cpp AddExposureTime:400] 曝光时间 -> 5225 us
[2026-10-07 13:18:09.445] [info] [thread 108197] [daheng_demo.cpp AddExposureTime:400] 曝光时间 -> 5250 us
[2026-10-07 13:18:09.481] [info] [thread 108197] [daheng_demo.cpp AddExposureTime:400] 曝光时间 -> 5275 us
[2026-10-07 13:18:09.516] [info] [thread 108197] [daheng_demo.cpp AddExposureTime:400] 曝光时间 -> 5300 us
[2026-10-07 13:18:09.552] [info] [thread 108197] [daheng_demo.cpp AddExposureTime:400] 曝光时间 -> 5325 us
[2026-10-07 13:18:09.588] [info] [thread 108197] [daheng_demo.cpp AddExposureTime:400] 曝光时间 -> 5350 us
[2026-10-07 13:18:09.623] [info] [thread 108197] [daheng_demo.cpp AddExposureTime:400] 曝光时间 -> 5375 us
[2026-10-07 13:18:09.657] [info] [thread 108197] [daheng_demo.cpp AddExposureTime:400] 曝光时间 -> 5400 us
[2026-10-07 13:18:09.693] [info] [thread 108197] [daheng_demo.cpp AddExposureTime:400] 曝光时间 -> 5425 us
[2026-10-07 13:18:09.726] [info] [thread 108197] [daheng_demo.cpp AddExposureTime:400] 曝光时间 -> 5450 us
[2026-10-07 13:18:09.760] [info] [thread 108197] [daheng_demo.cpp AddExposureTime:400] 曝光时间 -> 5475 us
[2026-10-07 13:18:09.797] [info] [thread 108197] [daheng_demo.cpp AddExposureTime:400] 曝光时间 -> 5500 us
[2026-10-07 13:18:09.830] [info] [thread 108197] [daheng_demo.cpp AddExposureTime:400] 曝光时间 -> 5525 us
[2026-10-07 13:18:09.864] [info] [thread 108197] [daheng_demo.cpp AddExposureTime:400] 曝光时间 -> 5550 us
[2026-10-07 13:18:09.900] [info] [thread 108197] [daheng_demo.cpp AddExposureTime:400] 曝光时间 -> 5575 us
[2026-10-07 13:18:09.936] [info] [thread 108197] [daheng_demo.cpp AddExposureTime:400] 曝光时间 -> 5600 us
[2026-10-07 13:18:09.972] [info] [thread 108197] [daheng_demo.cpp AddExposureTime:400] 曝光时间 -> 5625 us
[2026-10-07 13:18:10.005] [info] [thread 108197] [daheng_demo.cpp AddExposureTime:400] 曝光时间 -> 5650 us
[2026-10-07 13:18:10.042] [info] [thread 108197] [daheng_demo.cpp AddExposureTime:400] 曝光时间 -> 5675 us
[2026-10-07 13:18:10.076] [info] [thread 108197] [daheng_demo.cpp AddExposureTime:400] 曝光时间 -> 5700 us
[2026-10-07 13:18:10.112] [info] [thread 108197] [daheng_demo.cpp AddExposureTime:400] 曝光时间 -> 5725 us
[2026-10-07 13:18:10.146] [info] [thread 108197] [daheng_demo.cpp AddExposureTime:400] 曝光时间 -> 5750 us
[2026-10-07 13:18:10.180] [info] [thread 108197] [daheng_demo.cpp AddExposureTime:400] 曝光时间 -> 5775 us
[2026-10-07 13:18:10.216] [info] [thread 108197] [daheng_demo.cpp AddExposureTime:400] 曝光时间 -> 5800 us
[2026-10-07 13:18:10.249] [info] [thread 108197] [daheng_demo.cpp AddExposureTime:400] 曝光时间 -> 5825 us
[2026-10-07 13:18:10.283] [info] [thread 108197] [daheng_demo.cpp AddExposureTime:400] 曝光时间 -> 5850 us
[2026-10-07 13:18:10.317] [info] [thread 108197] [daheng_demo.cpp AddExposureTime:400] 曝光时间 -> 5875 us
[2026-10-07 13:18:10.352] [info] [thread 108197] [daheng_demo.cpp AddExposureTime:400] 曝光时间 -> 5900 us
[2026-10-07 13:18:10.387] [info] [thread 108197] [daheng_demo.cpp AddExposureTime:400] 曝光时间 -> 5925 us
[2026-10-07 13:18:10.420] [info] [thread 108197] [daheng_demo.cpp AddExposureTime:400] 曝光时间 -> 5950 us
[2026-10-07 13:18:10.453] [info] [thread 108197] [daheng_demo.cpp AddExposureTime:400] 曝光时间 -> 5975 us
[2026-10-07 13:18:10.485] [info] [thread 108197] [daheng_demo.cpp AddExposureTime:400] 曝光时间 -> 6000 us
[2026-10-07 13:18:10.519] [info] [thread 108197] [daheng_demo.cpp AddExposureTime:400] 曝光时间 -> 6025 us
[2026-10-07 13:18:10.552] [info] [thread 108197] [daheng_demo.cpp AddExposureTime:400] 曝光时间 -> 6050 us
[2026-10-07 13:18:10.585] [info] [thread 108197] [daheng_demo.cpp AddExposureTime:400] 曝光时间 -> 6075 us
[2026-10-07 13:18:10.619] [info] [thread 108197] [daheng_demo.cpp AddExposureTime:400] 曝光时间 -> 6100 us
[2026-10-07 13:18:10.652] [info] [thread 108197] [daheng_demo.cpp AddExposureTime:400] 曝光时间 -> 6125 us
[2026-10-07 13:18:10.686] [info] [thread 108197] [daheng_demo.cpp AddExposureTime:400] 曝光时间 -> 6150 us
[2026-10-07 13:18:10.722] [info] [thread 108197] [daheng_demo.cpp AddExposureTime:400] 曝光时间 -> 6175 us
[2026-10-07 13:18:10.756] [info] [thread 108197] [daheng_demo.cpp AddExposureTime:400] 曝光时间 -> 6200 us
[2026-10-07 13:18:10.789] [info] [thread 108197] [daheng_demo.cpp AddExposureTime:400] 曝光时间 -> 6225 us
[2026-10-07 13:18:10.825] [info] [thread 108197] [daheng_demo.cpp AddExposureTime:400] 曝光时间 -> 6250 us
[2026-10-07 13:18:10.858] [info] [thread 108197] [daheng_demo.cpp AddExposureTime:400] 曝光时间 -> 6275 us
[2026-10-07 13:18:11.410] [info] [thread 108197] [daheng_demo.cpp AddExposureTime:400] 曝光时间 -> 6300 us
[2026-10-07 13:18:11.914] [info] [thread 108197] [daheng_demo.cpp AddExposureTime:400] 曝光时间 -> 6325 us
[2026-10-07 13:18:11.947] [info] [thread 108197] [daheng_demo.cpp AddExposureTime:400] 曝光时间 -> 6350 us
[2026-10-07 13:18:11.982] [info] [thread 108197] [daheng_demo.cpp AddExposureTime:400] 曝光时间 -> 6375 us
[2026-10-07 13:18:12.015] [info] [thread 108197] [daheng_demo.cpp AddExposureTime:400] 曝光时间 -> 6400 us
[2026-10-07 13:18:12.047] [info] [thread 108197] [daheng_demo.cpp AddExposureTime:400] 曝光时间 -> 6425 us
[2026-10-07 13:18:12.084] [info] [thread 108197] [daheng_demo.cpp AddExposureTime:400] 曝光时间 -> 6450 us
[2026-10-07 13:18:12.117] [info] [thread 108197] [daheng_demo.cpp AddExposureTime:400] 曝光时间 -> 6475 us
[2026-10-07 13:18:12.152] [info] [thread 108197] [daheng_demo.cpp AddExposureTime:400] 曝光时间 -> 6500 us
[2026-10-07 13:18:12.187] [info] [thread 108197] [daheng_demo.cpp AddExposureTime:400] 曝光时间 -> 6525 us
[2026-10-07 13:18:12.220] [info] [thread 108197] [daheng_demo.cpp AddExposureTime:400] 曝光时间 -> 6550 us
[2026-10-07 13:18:12.255] [info] [thread 108197] [daheng_demo.cpp AddExposureTime:400] 曝光时间 -> 6575 us
[2026-10-07 13:18:13.317] [info] [thread 108197] [daheng_demo.cpp AddExposureTime:400] 曝光时间 -> 6550 us
[2026-10-07 13:18:13.791] [info] [thread 108197] [daheng_demo.cpp AddExposureTime:400] 曝光时间 -> 6525 us
[2026-10-07 13:18:13.826] [info] [thread 108197] [daheng_demo.cpp AddExposureTime:400] 曝光时间 -> 6500 us
[2026-10-07 13:18:13.861] [info] [thread 108197] [daheng_demo.cpp AddExposureTime:400] 曝光时间 -> 6475 us
[2026-10-07 13:18:13.907] [info] [thread 108197] [daheng_demo.cpp AddExposureTime:400] 曝光时间 -> 6450 us
[2026-10-07 13:18:13.942] [info] [thread 108197] [daheng_demo.cpp AddExposureTime:400] 曝光时间 -> 6425 us
[2026-10-07 13:18:13.978] [info] [thread 108197] [daheng_demo.cpp AddExposureTime:400] 曝光时间 -> 6400 us
[2026-10-07 13:18:14.014] [info] [thread 108197] [daheng_demo.cpp AddExposureTime:400] 曝光时间 -> 6375 us
[2026-10-07 13:18:14.049] [info] [thread 108197] [daheng_demo.cpp AddExposureTime:400] 曝光时间 -> 6350 us
[2026-10-07 13:18:14.084] [info] [thread 108197] [daheng_demo.cpp AddExposureTime:400] 曝光时间 -> 6325 us
[2026-10-07 13:18:14.119] [info] [thread 108197] [daheng_demo.cpp AddExposureTime:400] 曝光时间 -> 6300 us
[2026-10-07 13:18:14.154] [info] [thread 108197] [daheng_demo.cpp AddExposureTime:400] 曝光时间 -> 6275 us
[2026-10-07 13:18:14.187] [info] [thread 108197] [daheng_demo.cpp AddExposureTime:400] 曝光时间 -> 6250 us
[2026-10-07 13:18:14.221] [info] [thread 108197] [daheng_demo.cpp AddExposureTime:400] 曝光时间 -> 6225 us
[2026-10-07 13:18:14.256] [info] [thread 108197] [daheng_demo.cpp AddExposureTime:400] 曝光时间 -> 6200 us
[2026-10-07 13:18:14.290] [info] [thread 108197] [daheng_demo.cpp AddExposureTime:400] 曝光时间 -> 6175 us
[2026-10-07 13:18:14.325] [info] [thread 108197] [daheng_demo.cpp AddExposureTime:400] 曝光时间 -> 6150 us
[2026-10-07 13:18:14.359] [info] [thread 108197] [daheng_demo.cpp AddExposureTime:400] 曝光时间 -> 6125 us
[2026-10-07 13:18:14.392] [info] [thread 108197] [daheng_demo.cpp AddExposureTime:400] 曝光时间 -> 6100 us
[2026-10-07 13:18:14.426] [info] [thread 108197] [daheng_demo.cpp AddExposureTime:400] 曝光时间 -> 6075 us
[2026-10-07 13:18:14.841] [info] [thread 108197] [daheng_demo.cpp AddExposureTime:400] 曝光时间 -> 6050 us
[2026-10-07 13:18:15.352] [info] [thread 108197] [daheng_demo.cpp AddExposureTime:400] 曝光时间 -> 6025 us
[2026-10-07 13:18:15.387] [info] [thread 108197] [daheng_demo.cpp AddExposureTime:400] 曝光时间 -> 6000 us
[2026-10-07 13:18:15.421] [info] [thread 108197] [daheng_demo.cpp AddExposureTime:400] 曝光时间 -> 5975 us
[2026-10-07 13:18:15.457] [info] [thread 108197] [daheng_demo.cpp AddExposureTime:400] 曝光时间 -> 5950 us
[2026-10-07 13:18:15.492] [info] [thread 108197] [daheng_demo.cpp AddExposureTime:400] 曝光时间 -> 5925 us
[2026-10-07 13:18:15.526] [info] [thread 108197] [daheng_demo.cpp AddExposureTime:400] 曝光时间 -> 5900 us
[2026-10-07 13:18:15.562] [info] [thread 108197] [daheng_demo.cpp AddExposureTime:400] 曝光时间 -> 5875 us
[2026-10-07 13:18:15.599] [info] [thread 108197] [daheng_demo.cpp AddExposureTime:400] 曝光时间 -> 5850 us
[2026-10-07 13:18:15.632] [info] [thread 108197] [daheng_demo.cpp AddExposureTime:400] 曝光时间 -> 5825 us
[2026-10-07 13:18:15.667] [info] [thread 108197] [daheng_demo.cpp AddExposureTime:400] 曝光时间 -> 5800 us
[2026-10-07 13:18:15.703] [info] [thread 108197] [daheng_demo.cpp AddExposureTime:400] 曝光时间 -> 5775 us
[2026-10-07 13:18:15.738] [info] [thread 108197] [daheng_demo.cpp AddExposureTime:400] 曝光时间 -> 5750 us
[2026-10-07 13:18:15.772] [info] [thread 108197] [daheng_demo.cpp AddExposureTime:400] 曝光时间 -> 5725 us
[2026-10-07 13:18:15.808] [info] [thread 108197] [daheng_demo.cpp AddExposureTime:400] 曝光时间 -> 5700 us
[2026-10-07 13:18:15.841] [info] [thread 108197] [daheng_demo.cpp AddExposureTime:400] 曝光时间 -> 5675 us
[2026-10-07 13:18:15.876] [info] [thread 108197] [daheng_demo.cpp AddExposureTime:400] 曝光时间 -> 5650 us
[2026-10-07 13:18:15.911] [info] [thread 108197] [daheng_demo.cpp AddExposureTime:400] 曝光时间 -> 5625 us
[2026-10-07 13:18:15.946] [info] [thread 108197] [daheng_demo.cpp AddExposureTime:400] 曝光时间 -> 5600 us
[2026-10-07 13:18:15.978] [info] [thread 108197] [daheng_demo.cpp AddExposureTime:400] 曝光时间 -> 5575 us
[2026-10-07 13:18:16.012] [info] [thread 108197] [daheng_demo.cpp AddExposureTime:400] 曝光时间 -> 5550 us
[2026-10-07 13:18:16.049] [info] [thread 108197] [daheng_demo.cpp AddExposureTime:400] 曝光时间 -> 5525 us
[2026-10-07 13:18:16.081] [info] [thread 108197] [daheng_demo.cpp AddExposureTime:400] 曝光时间 -> 5500 us
[2026-10-07 13:18:16.116] [info] [thread 108197] [daheng_demo.cpp AddExposureTime:400] 曝光时间 -> 5475 us
[2026-10-07 13:18:16.151] [info] [thread 108197] [daheng_demo.cpp AddExposureTime:400] 曝光时间 -> 5450 us
[2026-10-07 13:18:16.184] [info] [thread 108197] [daheng_demo.cpp AddExposureTime:400] 曝光时间 -> 5425 us
[2026-10-07 13:18:16.219] [info] [thread 108197] [daheng_demo.cpp AddExposureTime:400] 曝光时间 -> 5400 us
[2026-10-07 13:18:16.254] [info] [thread 108197] [daheng_demo.cpp AddExposureTime:400] 曝光时间 -> 5375 us
[2026-10-07 13:18:16.288] [info] [thread 108197] [daheng_demo.cpp AddExposureTime:400] 曝光时间 -> 5350 us
[2026-10-07 13:18:16.322] [info] [thread 108197] [daheng_demo.cpp AddExposureTime:400] 曝光时间 -> 5325 us
[2026-10-07 13:18:16.358] [info] [thread 108197] [daheng_demo.cpp AddExposureTime:400] 曝光时间 -> 5300 us
[2026-10-07 13:18:16.393] [info] [thread 108197] [daheng_demo.cpp AddExposureTime:400] 曝光时间 -> 5275 us
[2026-10-07 13:18:16.427] [info] [thread 108197] [daheng_demo.cpp AddExposureTime:400] 曝光时间 -> 5250 us
[2026-10-07 13:18:16.461] [info] [thread 108197] [daheng_demo.cpp AddExposureTime:400] 曝光时间 -> 5225 us
[2026-10-07 13:18:16.497] [info] [thread 108197] [daheng_demo.cpp AddExposureTime:400] 曝光时间 -> 5200 us
[2026-10-07 13:18:16.531] [info] [thread 108197] [daheng_demo.cpp AddExposureTime:400] 曝光时间 -> 5175 us
[2026-10-07 13:18:16.565] [info] [thread 108197] [daheng_demo.cpp AddExposureTime:400] 曝光时间 -> 5150 us
[2026-10-07 13:18:16.604] [info] [thread 108197] [daheng_demo.cpp AddExposureTime:400] 曝光时间 -> 5125 us
[2026-10-07 13:18:16.637] [info] [thread 108197] [daheng_demo.cpp AddExposureTime:400] 曝光时间 -> 5100 us
[2026-10-07 13:18:16.671] [info] [thread 108197] [daheng_demo.cpp AddExposureTime:400] 曝光时间 -> 5075 us
[2026-10-07 13:18:16.704] [info] [thread 108197] [daheng_demo.cpp AddExposureTime:400] 曝光时间 -> 5050 us
[2026-10-07 13:18:16.739] [info] [thread 108197] [daheng_demo.cpp AddExposureTime:400] 曝光时间 -> 5025 us
[2026-10-07 13:18:16.773] [info] [thread 108197] [daheng_demo.cpp AddExposureTime:400] 曝光时间 -> 5000 us
[2026-10-07 13:18:16.808] [info] [thread 108197] [daheng_demo.cpp AddExposureTime:400] 曝光时间 -> 4975 us
[2026-10-07 13:18:16.840] [info] [thread 108197] [daheng_demo.cpp AddExposureTime:400] 曝光时间 -> 4950 us
[2026-10-07 13:18:16.872] [info] [thread 108197] [daheng_demo.cpp AddExposureTime:400] 曝光时间 -> 4925 us
[2026-10-07 13:18:16.906] [info] [thread 108197] [daheng_demo.cpp AddExposureTime:400] 曝光时间 -> 4900 us
[2026-10-07 13:18:16.940] [info] [thread 108197] [daheng_demo.cpp AddExposureTime:400] 曝光时间 -> 4875 us
[2026-10-07 13:18:16.973] [info] [thread 108197] [daheng_demo.cpp AddExposureTime:400] 曝光时间 -> 4850 us
[2026-10-07 13:18:17.547] [info] [thread 108197] [daheng_demo.cpp AddExposureTime:400] 曝光时间 -> 4825 us
[2026-10-07 13:18:18.055] [info] [thread 108197] [daheng_demo.cpp AddExposureTime:400] 曝光时间 -> 4800 us
[2026-10-07 13:18:18.088] [info] [thread 108197] [daheng_demo.cpp AddExposureTime:400] 曝光时间 -> 4775 us
[2026-10-07 13:18:18.123] [info] [thread 108197] [daheng_demo.cpp AddExposureTime:400] 曝光时间 -> 4750 us
[2026-10-07 13:18:18.157] [info] [thread 108197] [daheng_demo.cpp AddExposureTime:400] 曝光时间 -> 4725 us
[2026-10-07 13:18:18.191] [info] [thread 108197] [daheng_demo.cpp AddExposureTime:400] 曝光时间 -> 4700 us
[2026-10-07 13:18:18.224] [info] [thread 108197] [daheng_demo.cpp AddExposureTime:400] 曝光时间 -> 4675 us
[2026-10-07 13:18:18.257] [info] [thread 108197] [daheng_demo.cpp AddExposureTime:400] 曝光时间 -> 4650 us
[2026-10-07 13:18:18.291] [info] [thread 108197] [daheng_demo.cpp AddExposureTime:400] 曝光时间 -> 4625 us
[2026-10-07 13:18:18.325] [info] [thread 108197] [daheng_demo.cpp AddExposureTime:400] 曝光时间 -> 4600 us
[2026-10-07 13:18:18.358] [info] [thread 108197] [daheng_demo.cpp AddExposureTime:400] 曝光时间 -> 4575 us
[2026-10-07 13:18:18.391] [info] [thread 108197] [daheng_demo.cpp AddExposureTime:400] 曝光时间 -> 4550 us
[2026-10-07 13:18:18.424] [info] [thread 108197] [daheng_demo.cpp AddExposureTime:400] 曝光时间 -> 4525 us
[2026-10-07 13:18:18.463] [info] [thread 108197] [daheng_demo.cpp AddExposureTime:400] 曝光时间 -> 4500 us
[2026-10-07 13:18:18.501] [info] [thread 108197] [daheng_demo.cpp AddExposureTime:400] 曝光时间 -> 4475 us
[2026-10-07 13:18:18.536] [info] [thread 108197] [daheng_demo.cpp AddExposureTime:400] 曝光时间 -> 4450 us
[2026-10-07 13:18:18.572] [info] [thread 108197] [daheng_demo.cpp AddExposureTime:400] 曝光时间 -> 4425 us
[2026-10-07 13:18:18.614] [info] [thread 108197] [daheng_demo.cpp AddExposureTime:400] 曝光时间 -> 4400 us
[2026-10-07 13:18:18.650] [info] [thread 108197] [daheng_demo.cpp AddExposureTime:400] 曝光时间 -> 4375 us
[2026-10-07 13:18:18.684] [info] [thread 108197] [daheng_demo.cpp AddExposureTime:400] 曝光时间 -> 4350 us
[2026-10-07 13:18:18.720] [info] [thread 108197] [daheng_demo.cpp AddExposureTime:400] 曝光时间 -> 4325 us
[2026-10-07 13:18:18.752] [info] [thread 108197] [daheng_demo.cpp AddExposureTime:400] 曝光时间 -> 4300 us
[2026-10-07 13:18:18.787] [info] [thread 108197] [daheng_demo.cpp AddExposureTime:400] 曝光时间 -> 4275 us
[2026-10-07 13:18:18.820] [info] [thread 108197] [daheng_demo.cpp AddExposureTime:400] 曝光时间 -> 4250 us
[2026-10-07 13:18:18.856] [info] [thread 108197] [daheng_demo.cpp AddExposureTime:400] 曝光时间 -> 4225 us
[2026-10-07 13:18:18.890] [info] [thread 108197] [daheng_demo.cpp AddExposureTime:400] 曝光时间 -> 4200 us
[2026-10-07 13:18:19.809] [info] [thread 108197] [daheng_demo.cpp AddExposureTime:400] 曝光时间 -> 4175 us
[2026-10-07 13:18:20.300] [info] [thread 108197] [daheng_demo.cpp AddExposureTime:400] 曝光时间 -> 4150 us
[2026-10-07 13:18:20.334] [info] [thread 108197] [daheng_demo.cpp AddExposureTime:400] 曝光时间 -> 4125 us
[2026-10-07 13:18:20.369] [info] [thread 108197] [daheng_demo.cpp AddExposureTime:400] 曝光时间 -> 4100 us
[2026-10-07 13:18:20.404] [info] [thread 108197] [daheng_demo.cpp AddExposureTime:400] 曝光时间 -> 4075 us
[2026-10-07 13:18:20.438] [info] [thread 108197] [daheng_demo.cpp AddExposureTime:400] 曝光时间 -> 4050 us
[2026-10-07 13:18:20.471] [info] [thread 108197] [daheng_demo.cpp AddExposureTime:400] 曝光时间 -> 4025 us
[2026-10-07 13:18:20.507] [info] [thread 108197] [daheng_demo.cpp AddExposureTime:400] 曝光时间 -> 4000 us
[2026-10-07 13:18:20.542] [info] [thread 108197] [daheng_demo.cpp AddExposureTime:400] 曝光时间 -> 3975 us
[2026-10-07 13:18:41.645] [info] [thread 108197] [daheng_demo.cpp main:772] 相机已关闭
[2026-10-07 13:20:49.172] [info] [thread 108767] [daheng_demo.cpp main:470] daheng_demo 启动
[2026-10-07 13:20:49.196] [debug] [thread 108767] [daheng_demo.cpp main:475] GXInitLib status = 0
[2026-10-07 13:20:50.207] [info] [thread 108767] [daheng_demo.cpp EnumerateDevices:343] 共找到 1 台设备:
[2026-10-07 13:20:50.207] [info] [thread 108767] [daheng_demo.cpp EnumerateDevices:355]   [1] 型号: MER2-230-168U3C  序列号: FDE25070188
[2026-10-07 13:20:51.346] [info] [thread 108767] [daheng_demo.cpp main:513] 打开相机 FDE25070188 成功
[2026-10-07 13:20:51.395] [info] [thread 108767] [daheng_demo.cpp main:563] 分辨率 1920x1200
[2026-10-07 13:20:51.447] [info] [thread 108767] [daheng_demo.cpp main:626] YOLO 模型加载成功: /home/zhongchengyi/Desktop/desktop/RM/runs/detect/train-3/weights/best.onnx
[2026-10-07 13:20:51.447] [info] [thread 108767] [daheng_demo.cpp main:636] 取流开始,按 e/d 调曝光、a/q 调增益、s/w 调伽马、ESC 退出
[2026-10-07 13:21:04.178] [info] [thread 108767] [daheng_demo.cpp AddGain:424] 增益 -> 10.200000000000001 dB
[2026-10-07 13:21:04.663] [info] [thread 108767] [daheng_demo.cpp AddGain:424] 增益 -> 10.1 dB
[2026-10-07 13:21:04.700] [info] [thread 108767] [daheng_demo.cpp AddGain:424] 增益 -> 10 dB
[2026-10-07 13:21:04.737] [info] [thread 108767] [daheng_demo.cpp AddGain:424] 增益 -> 9.9 dB
[2026-10-07 13:21:04.777] [info] [thread 108767] [daheng_demo.cpp AddGain:424] 增益 -> 9.8 dB
[2026-10-07 13:21:04.812] [info] [thread 108767] [daheng_demo.cpp AddGain:424] 增益 -> 9.700000000000001 dB
[2026-10-07 13:21:04.849] [info] [thread 108767] [daheng_demo.cpp AddGain:424] 增益 -> 9.6 dB
[2026-10-07 13:21:04.884] [info] [thread 108767] [daheng_demo.cpp AddGain:424] 增益 -> 9.5 dB
[2026-10-07 13:21:04.921] [info] [thread 108767] [daheng_demo.cpp AddGain:424] 增益 -> 9.4 dB
[2026-10-07 13:21:04.962] [info] [thread 108767] [daheng_demo.cpp AddGain:424] 增益 -> 9.3 dB
[2026-10-07 13:21:05.000] [info] [thread 108767] [daheng_demo.cpp AddGain:424] 增益 -> 9.200000000000001 dB
[2026-10-07 13:21:05.037] [info] [thread 108767] [daheng_demo.cpp AddGain:424] 增益 -> 9.1 dB
[2026-10-07 13:21:05.073] [info] [thread 108767] [daheng_demo.cpp AddGain:424] 增益 -> 9 dB
[2026-10-07 13:21:05.111] [info] [thread 108767] [daheng_demo.cpp AddGain:424] 增益 -> 8.9 dB
[2026-10-07 13:21:05.146] [info] [thread 108767] [daheng_demo.cpp AddGain:424] 增益 -> 8.8 dB
[2026-10-07 13:21:05.185] [info] [thread 108767] [daheng_demo.cpp AddGain:424] 增益 -> 8.700000000000001 dB
[2026-10-07 13:21:05.225] [info] [thread 108767] [daheng_demo.cpp AddGain:424] 增益 -> 8.6 dB
[2026-10-07 13:21:05.264] [info] [thread 108767] [daheng_demo.cpp AddGain:424] 增益 -> 8.5 dB
[2026-10-07 13:21:05.300] [info] [thread 108767] [daheng_demo.cpp AddGain:424] 增益 -> 8.4 dB
[2026-10-07 13:21:05.337] [info] [thread 108767] [daheng_demo.cpp AddGain:424] 增益 -> 8.3 dB
[2026-10-07 13:21:05.374] [info] [thread 108767] [daheng_demo.cpp AddGain:424] 增益 -> 8.200000000000001 dB
[2026-10-07 13:21:05.411] [info] [thread 108767] [daheng_demo.cpp AddGain:424] 增益 -> 8.1 dB
[2026-10-07 13:21:05.448] [info] [thread 108767] [daheng_demo.cpp AddGain:424] 增益 -> 8 dB
[2026-10-07 13:21:05.487] [info] [thread 108767] [daheng_demo.cpp AddGain:424] 增益 -> 7.9 dB
[2026-10-07 13:21:06.236] [info] [thread 108767] [daheng_demo.cpp AddGain:424] 增益 -> 7.800000000000001 dB
[2026-10-07 13:21:06.724] [info] [thread 108767] [daheng_demo.cpp AddGain:424] 增益 -> 7.7 dB
[2026-10-07 13:21:07.142] [info] [thread 108767] [daheng_demo.cpp AddGain:424] 增益 -> 7.8 dB
[2026-10-07 13:21:07.643] [info] [thread 108767] [daheng_demo.cpp AddGain:424] 增益 -> 7.8999999999999995 dB
[2026-10-07 13:21:07.680] [info] [thread 108767] [daheng_demo.cpp AddGain:424] 增益 -> 8 dB
[2026-10-07 13:21:07.717] [info] [thread 108767] [daheng_demo.cpp AddGain:424] 增益 -> 8.1 dB
[2026-10-07 13:21:07.753] [info] [thread 108767] [daheng_demo.cpp AddGain:424] 增益 -> 8.2 dB
[2026-10-07 13:21:07.789] [info] [thread 108767] [daheng_demo.cpp AddGain:424] 增益 -> 8.299999999999999 dB
[2026-10-07 13:21:07.825] [info] [thread 108767] [daheng_demo.cpp AddGain:424] 增益 -> 8.4 dB
[2026-10-07 13:21:07.861] [info] [thread 108767] [daheng_demo.cpp AddGain:424] 增益 -> 8.5 dB
[2026-10-07 13:21:07.898] [info] [thread 108767] [daheng_demo.cpp AddGain:424] 增益 -> 8.6 dB
[2026-10-07 13:21:07.934] [info] [thread 108767] [daheng_demo.cpp AddGain:424] 增益 -> 8.7 dB
[2026-10-07 13:21:07.969] [info] [thread 108767] [daheng_demo.cpp AddGain:424] 增益 -> 8.799999999999999 dB
[2026-10-07 13:21:08.009] [info] [thread 108767] [daheng_demo.cpp AddGain:424] 增益 -> 8.9 dB
[2026-10-07 13:21:08.045] [info] [thread 108767] [daheng_demo.cpp AddGain:424] 增益 -> 9 dB
[2026-10-07 13:21:08.082] [info] [thread 108767] [daheng_demo.cpp AddGain:424] 增益 -> 9.1 dB
[2026-10-07 13:21:08.118] [info] [thread 108767] [daheng_demo.cpp AddGain:424] 增益 -> 9.2 dB
[2026-10-07 13:21:08.155] [info] [thread 108767] [daheng_demo.cpp AddGain:424] 增益 -> 9.299999999999999 dB
[2026-10-07 13:21:08.191] [info] [thread 108767] [daheng_demo.cpp AddGain:424] 增益 -> 9.4 dB
[2026-10-07 13:21:08.228] [info] [thread 108767] [daheng_demo.cpp AddGain:424] 增益 -> 9.5 dB
[2026-10-07 13:21:08.266] [info] [thread 108767] [daheng_demo.cpp AddGain:424] 增益 -> 9.6 dB
[2026-10-07 13:21:08.302] [info] [thread 108767] [daheng_demo.cpp AddGain:424] 增益 -> 9.7 dB
[2026-10-07 13:21:08.340] [info] [thread 108767] [daheng_demo.cpp AddGain:424] 增益 -> 9.799999999999999 dB
[2026-10-07 13:21:08.376] [info] [thread 108767] [daheng_demo.cpp AddGain:424] 增益 -> 9.9 dB
[2026-10-07 13:21:08.414] [info] [thread 108767] [daheng_demo.cpp AddGain:424] 增益 -> 10 dB
[2026-10-07 13:21:08.452] [info] [thread 108767] [daheng_demo.cpp AddGain:424] 增益 -> 10.1 dB
[2026-10-07 13:21:08.489] [info] [thread 108767] [daheng_demo.cpp AddGain:424] 增益 -> 10.2 dB
[2026-10-07 13:21:08.525] [info] [thread 108767] [daheng_demo.cpp AddGain:424] 增益 -> 10.299999999999999 dB
[2026-10-07 13:21:08.559] [info] [thread 108767] [daheng_demo.cpp AddGain:424] 增益 -> 10.4 dB
[2026-10-07 13:21:08.596] [info] [thread 108767] [daheng_demo.cpp AddGain:424] 增益 -> 10.5 dB
[2026-10-07 13:21:08.631] [info] [thread 108767] [daheng_demo.cpp AddGain:424] 增益 -> 10.6 dB
[2026-10-07 13:21:08.668] [info] [thread 108767] [daheng_demo.cpp AddGain:424] 增益 -> 10.7 dB
[2026-10-07 13:21:08.706] [info] [thread 108767] [daheng_demo.cpp AddGain:424] 增益 -> 10.799999999999999 dB
[2026-10-07 13:21:08.743] [info] [thread 108767] [daheng_demo.cpp AddGain:424] 增益 -> 10.9 dB
[2026-10-07 13:21:08.780] [info] [thread 108767] [daheng_demo.cpp AddGain:424] 增益 -> 11 dB
[2026-10-07 13:21:08.816] [info] [thread 108767] [daheng_demo.cpp AddGain:424] 增益 -> 11.1 dB
[2026-10-07 13:21:08.852] [info] [thread 108767] [daheng_demo.cpp AddGain:424] 增益 -> 11.2 dB
[2026-10-07 13:21:08.889] [info] [thread 108767] [daheng_demo.cpp AddGain:424] 增益 -> 11.299999999999999 dB
[2026-10-07 13:21:08.925] [info] [thread 108767] [daheng_demo.cpp AddGain:424] 增益 -> 11.4 dB
[2026-10-07 13:21:08.961] [info] [thread 108767] [daheng_demo.cpp AddGain:424] 增益 -> 11.5 dB
[2026-10-07 13:21:08.996] [info] [thread 108767] [daheng_demo.cpp AddGain:424] 增益 -> 11.6 dB
[2026-10-07 13:21:09.033] [info] [thread 108767] [daheng_demo.cpp AddGain:424] 增益 -> 11.7 dB
[2026-10-07 13:21:09.070] [info] [thread 108767] [daheng_demo.cpp AddGain:424] 增益 -> 11.799999999999999 dB
[2026-10-07 13:21:09.105] [info] [thread 108767] [daheng_demo.cpp AddGain:424] 增益 -> 11.9 dB
[2026-10-07 13:21:09.144] [info] [thread 108767] [daheng_demo.cpp AddGain:424] 增益 -> 12 dB
[2026-10-07 13:21:09.183] [info] [thread 108767] [daheng_demo.cpp AddGain:424] 增益 -> 12.1 dB
[2026-10-07 13:21:10.884] [info] [thread 108767] [daheng_demo.cpp AddExposureTime:400] 曝光时间 -> 3950 us
[2026-10-07 13:21:11.372] [info] [thread 108767] [daheng_demo.cpp AddExposureTime:400] 曝光时间 -> 3925 us
[2026-10-07 13:21:11.408] [info] [thread 108767] [daheng_demo.cpp AddExposureTime:400] 曝光时间 -> 3900 us
[2026-10-07 13:21:11.445] [info] [thread 108767] [daheng_demo.cpp AddExposureTime:400] 曝光时间 -> 3875 us
[2026-10-07 13:21:11.483] [info] [thread 108767] [daheng_demo.cpp AddExposureTime:400] 曝光时间 -> 3850 us
[2026-10-07 13:21:11.517] [info] [thread 108767] [daheng_demo.cpp AddExposureTime:400] 曝光时间 -> 3825 us
[2026-10-07 13:21:11.555] [info] [thread 108767] [daheng_demo.cpp AddExposureTime:400] 曝光时间 -> 3800 us
[2026-10-07 13:21:11.592] [info] [thread 108767] [daheng_demo.cpp AddExposureTime:400] 曝光时间 -> 3775 us
[2026-10-07 13:21:11.627] [info] [thread 108767] [daheng_demo.cpp AddExposureTime:400] 曝光时间 -> 3750 us
[2026-10-07 13:21:11.663] [info] [thread 108767] [daheng_demo.cpp AddExposureTime:400] 曝光时间 -> 3725 us
[2026-10-07 13:21:11.700] [info] [thread 108767] [daheng_demo.cpp AddExposureTime:400] 曝光时间 -> 3700 us
[2026-10-07 13:21:11.741] [info] [thread 108767] [daheng_demo.cpp AddExposureTime:400] 曝光时间 -> 3675 us
[2026-10-07 13:21:11.778] [info] [thread 108767] [daheng_demo.cpp AddExposureTime:400] 曝光时间 -> 3650 us
[2026-10-07 13:21:11.817] [info] [thread 108767] [daheng_demo.cpp AddExposureTime:400] 曝光时间 -> 3625 us
[2026-10-07 13:21:11.857] [info] [thread 108767] [daheng_demo.cpp AddExposureTime:400] 曝光时间 -> 3600 us
[2026-10-07 13:21:11.893] [info] [thread 108767] [daheng_demo.cpp AddExposureTime:400] 曝光时间 -> 3575 us
[2026-10-07 13:21:11.928] [info] [thread 108767] [daheng_demo.cpp AddExposureTime:400] 曝光时间 -> 3550 us
[2026-10-07 13:21:11.965] [info] [thread 108767] [daheng_demo.cpp AddExposureTime:400] 曝光时间 -> 3525 us
[2026-10-07 13:21:11.999] [info] [thread 108767] [daheng_demo.cpp AddExposureTime:400] 曝光时间 -> 3500 us
[2026-10-07 13:21:12.037] [info] [thread 108767] [daheng_demo.cpp AddExposureTime:400] 曝光时间 -> 3475 us
[2026-10-07 13:21:12.073] [info] [thread 108767] [daheng_demo.cpp AddExposureTime:400] 曝光时间 -> 3450 us
[2026-10-07 13:21:12.111] [info] [thread 108767] [daheng_demo.cpp AddExposureTime:400] 曝光时间 -> 3425 us
[2026-10-07 13:21:12.147] [info] [thread 108767] [daheng_demo.cpp AddExposureTime:400] 曝光时间 -> 3400 us
[2026-10-07 13:21:12.182] [info] [thread 108767] [daheng_demo.cpp AddExposureTime:400] 曝光时间 -> 3375 us
[2026-10-07 13:21:12.216] [info] [thread 108767] [daheng_demo.cpp AddExposureTime:400] 曝光时间 -> 3350 us
[2026-10-07 13:21:12.252] [info] [thread 108767] [daheng_demo.cpp AddExposureTime:400] 曝光时间 -> 3325 us
[2026-10-07 13:21:12.287] [info] [thread 108767] [daheng_demo.cpp AddExposureTime:400] 曝光时间 -> 3300 us
[2026-10-07 13:21:12.322] [info] [thread 108767] [daheng_demo.cpp AddExposureTime:400] 曝光时间 -> 3275 us
[2026-10-07 13:21:12.357] [info] [thread 108767] [daheng_demo.cpp AddExposureTime:400] 曝光时间 -> 3250 us
[2026-10-07 13:21:12.394] [info] [thread 108767] [daheng_demo.cpp AddExposureTime:400] 曝光时间 -> 3225 us
[2026-10-07 13:21:12.427] [info] [thread 108767] [daheng_demo.cpp AddExposureTime:400] 曝光时间 -> 3200 us
[2026-10-07 13:21:12.461] [info] [thread 108767] [daheng_demo.cpp AddExposureTime:400] 曝光时间 -> 3175 us
[2026-10-07 13:21:12.497] [info] [thread 108767] [daheng_demo.cpp AddExposureTime:400] 曝光时间 -> 3150 us
[2026-10-07 13:21:12.532] [info] [thread 108767] [daheng_demo.cpp AddExposureTime:400] 曝光时间 -> 3125 us
[2026-10-07 13:21:12.567] [info] [thread 108767] [daheng_demo.cpp AddExposureTime:400] 曝光时间 -> 3150 us
[2026-10-07 13:21:13.023] [info] [thread 108767] [daheng_demo.cpp AddExposureTime:400] 曝光时间 -> 3175 us
[2026-10-07 13:21:13.061] [info] [thread 108767] [daheng_demo.cpp AddExposureTime:400] 曝光时间 -> 3200 us
[2026-10-07 13:21:13.098] [info] [thread 108767] [daheng_demo.cpp AddExposureTime:400] 曝光时间 -> 3225 us
[2026-10-07 13:21:13.134] [info] [thread 108767] [daheng_demo.cpp AddExposureTime:400] 曝光时间 -> 3250 us
[2026-10-07 13:21:13.169] [info] [thread 108767] [daheng_demo.cpp AddExposureTime:400] 曝光时间 -> 3275 us
[2026-10-07 13:21:13.204] [info] [thread 108767] [daheng_demo.cpp AddExposureTime:400] 曝光时间 -> 3300 us
[2026-10-07 13:21:13.239] [info] [thread 108767] [daheng_demo.cpp AddExposureTime:400] 曝光时间 -> 3325 us
[2026-10-07 13:21:13.274] [info] [thread 108767] [daheng_demo.cpp AddExposureTime:400] 曝光时间 -> 3350 us
[2026-10-07 13:21:13.310] [info] [thread 108767] [daheng_demo.cpp AddExposureTime:400] 曝光时间 -> 3375 us
[2026-10-07 13:21:13.344] [info] [thread 108767] [daheng_demo.cpp AddExposureTime:400] 曝光时间 -> 3400 us
[2026-10-07 13:21:13.379] [info] [thread 108767] [daheng_demo.cpp AddExposureTime:400] 曝光时间 -> 3425 us
[2026-10-07 13:21:13.414] [info] [thread 108767] [daheng_demo.cpp AddExposureTime:400] 曝光时间 -> 3450 us
[2026-10-07 13:21:13.449] [info] [thread 108767] [daheng_demo.cpp AddExposureTime:400] 曝光时间 -> 3475 us
[2026-10-07 13:21:13.485] [info] [thread 108767] [daheng_demo.cpp AddExposureTime:400] 曝光时间 -> 3500 us
[2026-10-07 13:21:13.520] [info] [thread 108767] [daheng_demo.cpp AddExposureTime:400] 曝光时间 -> 3525 us
[2026-10-07 13:21:13.555] [info] [thread 108767] [daheng_demo.cpp AddExposureTime:400] 曝光时间 -> 3550 us
[2026-10-07 13:21:13.592] [info] [thread 108767] [daheng_demo.cpp AddExposureTime:400] 曝光时间 -> 3575 us
[2026-10-07 13:21:13.628] [info] [thread 108767] [daheng_demo.cpp AddExposureTime:400] 曝光时间 -> 3600 us
[2026-10-07 13:21:13.663] [info] [thread 108767] [daheng_demo.cpp AddExposureTime:400] 曝光时间 -> 3625 us
[2026-10-07 13:21:13.698] [info] [thread 108767] [daheng_demo.cpp AddExposureTime:400] 曝光时间 -> 3650 us
[2026-10-07 13:21:13.732] [info] [thread 108767] [daheng_demo.cpp AddExposureTime:400] 曝光时间 -> 3675 us
[2026-10-07 13:21:13.767] [info] [thread 108767] [daheng_demo.cpp AddExposureTime:400] 曝光时间 -> 3700 us
[2026-10-07 13:21:13.804] [info] [thread 108767] [daheng_demo.cpp AddExposureTime:400] 曝光时间 -> 3725 us
[2026-10-07 13:21:13.841] [info] [thread 108767] [daheng_demo.cpp AddExposureTime:400] 曝光时间 -> 3750 us
[2026-10-07 13:21:13.876] [info] [thread 108767] [daheng_demo.cpp AddExposureTime:400] 曝光时间 -> 3775 us
[2026-10-07 13:21:13.913] [info] [thread 108767] [daheng_demo.cpp AddExposureTime:400] 曝光时间 -> 3800 us
[2026-10-07 13:21:13.948] [info] [thread 108767] [daheng_demo.cpp AddExposureTime:400] 曝光时间 -> 3825 us
[2026-10-07 13:21:13.982] [info] [thread 108767] [daheng_demo.cpp AddExposureTime:400] 曝光时间 -> 3850 us
[2026-10-07 13:21:14.017] [info] [thread 108767] [daheng_demo.cpp AddExposureTime:400] 曝光时间 -> 3875 us
[2026-10-07 13:21:14.053] [info] [thread 108767] [daheng_demo.cpp AddExposureTime:400] 曝光时间 -> 3900 us
[2026-10-07 13:21:14.090] [info] [thread 108767] [daheng_demo.cpp AddExposureTime:400] 曝光时间 -> 3925 us
[2026-10-07 13:21:14.124] [info] [thread 108767] [daheng_demo.cpp AddExposureTime:400] 曝光时间 -> 3950 us
[2026-10-07 13:21:14.160] [info] [thread 108767] [daheng_demo.cpp AddExposureTime:400] 曝光时间 -> 3975 us
[2026-10-07 13:21:14.195] [info] [thread 108767] [daheng_demo.cpp AddExposureTime:400] 曝光时间 -> 4000 us
[2026-10-07 13:21:14.230] [info] [thread 108767] [daheng_demo.cpp AddExposureTime:400] 曝光时间 -> 4025 us
[2026-10-07 13:21:14.266] [info] [thread 108767] [daheng_demo.cpp AddExposureTime:400] 曝光时间 -> 4050 us
[2026-10-07 13:21:14.301] [info] [thread 108767] [daheng_demo.cpp AddExposureTime:400] 曝光时间 -> 4075 us
[2026-10-07 13:21:14.335] [info] [thread 108767] [daheng_demo.cpp AddExposureTime:400] 曝光时间 -> 4100 us
[2026-10-07 13:21:14.371] [info] [thread 108767] [daheng_demo.cpp AddExposureTime:400] 曝光时间 -> 4125 us
[2026-10-07 13:21:14.406] [info] [thread 108767] [daheng_demo.cpp AddExposureTime:400] 曝光时间 -> 4150 us
[2026-10-07 13:21:14.440] [info] [thread 108767] [daheng_demo.cpp AddExposureTime:400] 曝光时间 -> 4175 us
[2026-10-07 13:21:14.477] [info] [thread 108767] [daheng_demo.cpp AddExposureTime:400] 曝光时间 -> 4200 us
[2026-10-07 13:21:14.512] [info] [thread 108767] [daheng_demo.cpp AddExposureTime:400] 曝光时间 -> 4225 us
[2026-10-07 13:21:14.549] [info] [thread 108767] [daheng_demo.cpp AddExposureTime:400] 曝光时间 -> 4250 us
[2026-10-07 13:21:14.585] [info] [thread 108767] [daheng_demo.cpp AddExposureTime:400] 曝光时间 -> 4275 us
[2026-10-07 13:21:14.621] [info] [thread 108767] [daheng_demo.cpp AddExposureTime:400] 曝光时间 -> 4300 us
[2026-10-07 13:21:14.654] [info] [thread 108767] [daheng_demo.cpp AddExposureTime:400] 曝光时间 -> 4325 us
[2026-10-07 13:21:14.693] [info] [thread 108767] [daheng_demo.cpp AddExposureTime:400] 曝光时间 -> 4350 us
[2026-10-07 13:21:14.727] [info] [thread 108767] [daheng_demo.cpp AddExposureTime:400] 曝光时间 -> 4375 us
[2026-10-07 13:21:14.762] [info] [thread 108767] [daheng_demo.cpp AddExposureTime:400] 曝光时间 -> 4400 us
[2026-10-07 13:21:14.795] [info] [thread 108767] [daheng_demo.cpp AddExposureTime:400] 曝光时间 -> 4425 us
[2026-10-07 13:21:14.830] [info] [thread 108767] [daheng_demo.cpp AddExposureTime:400] 曝光时间 -> 4450 us
[2026-10-07 13:21:14.867] [info] [thread 108767] [daheng_demo.cpp AddExposureTime:400] 曝光时间 -> 4475 us
[2026-10-07 13:21:14.902] [info] [thread 108767] [daheng_demo.cpp AddExposureTime:400] 曝光时间 -> 4500 us
[2026-10-07 13:21:14.938] [info] [thread 108767] [daheng_demo.cpp AddExposureTime:400] 曝光时间 -> 4525 us
[2026-10-07 13:21:14.972] [info] [thread 108767] [daheng_demo.cpp AddExposureTime:400] 曝光时间 -> 4550 us
[2026-10-07 13:21:15.007] [info] [thread 108767] [daheng_demo.cpp AddExposureTime:400] 曝光时间 -> 4575 us
[2026-10-07 13:21:15.041] [info] [thread 108767] [daheng_demo.cpp AddExposureTime:400] 曝光时间 -> 4600 us
[2026-10-07 13:21:15.076] [info] [thread 108767] [daheng_demo.cpp AddExposureTime:400] 曝光时间 -> 4625 us
[2026-10-07 13:21:15.110] [info] [thread 108767] [daheng_demo.cpp AddExposureTime:400] 曝光时间 -> 4650 us
[2026-10-07 13:21:15.144] [info] [thread 108767] [daheng_demo.cpp AddExposureTime:400] 曝光时间 -> 4675 us
[2026-10-07 13:21:15.178] [info] [thread 108767] [daheng_demo.cpp AddExposureTime:400] 曝光时间 -> 4700 us
[2026-10-07 13:21:15.212] [info] [thread 108767] [daheng_demo.cpp AddExposureTime:400] 曝光时间 -> 4725 us
[2026-10-07 13:21:15.246] [info] [thread 108767] [daheng_demo.cpp AddExposureTime:400] 曝光时间 -> 4750 us
[2026-10-07 13:21:15.282] [info] [thread 108767] [daheng_demo.cpp AddExposureTime:400] 曝光时间 -> 4775 us
[2026-10-07 13:21:15.316] [info] [thread 108767] [daheng_demo.cpp AddExposureTime:400] 曝光时间 -> 4800 us
[2026-10-07 13:21:15.348] [info] [thread 108767] [daheng_demo.cpp AddExposureTime:400] 曝光时间 -> 4825 us
[2026-10-07 13:21:15.385] [info] [thread 108767] [daheng_demo.cpp AddExposureTime:400] 曝光时间 -> 4850 us
[2026-10-07 13:21:15.420] [info] [thread 108767] [daheng_demo.cpp AddExposureTime:400] 曝光时间 -> 4875 us
[2026-10-07 13:21:15.454] [info] [thread 108767] [daheng_demo.cpp AddExposureTime:400] 曝光时间 -> 4900 us
[2026-10-07 13:21:15.490] [info] [thread 108767] [daheng_demo.cpp AddExposureTime:400] 曝光时间 -> 4925 us
[2026-10-07 13:21:15.524] [info] [thread 108767] [daheng_demo.cpp AddExposureTime:400] 曝光时间 -> 4950 us
[2026-10-07 13:21:15.559] [info] [thread 108767] [daheng_demo.cpp AddExposureTime:400] 曝光时间 -> 4975 us
[2026-10-07 13:21:15.597] [info] [thread 108767] [daheng_demo.cpp AddExposureTime:400] 曝光时间 -> 5000 us
[2026-10-07 13:21:15.633] [info] [thread 108767] [daheng_demo.cpp AddExposureTime:400] 曝光时间 -> 5025 us
[2026-10-07 13:21:15.670] [info] [thread 108767] [daheng_demo.cpp AddExposureTime:400] 曝光时间 -> 5050 us
[2026-10-07 13:21:15.705] [info] [thread 108767] [daheng_demo.cpp AddExposureTime:400] 曝光时间 -> 5075 us
[2026-10-07 13:21:15.740] [info] [thread 108767] [daheng_demo.cpp AddExposureTime:400] 曝光时间 -> 5100 us
[2026-10-07 13:21:15.774] [info] [thread 108767] [daheng_demo.cpp AddExposureTime:400] 曝光时间 -> 5125 us
[2026-10-07 13:21:15.812] [info] [thread 108767] [daheng_demo.cpp AddExposureTime:400] 曝光时间 -> 5150 us
[2026-10-07 13:21:15.849] [info] [thread 108767] [daheng_demo.cpp AddExposureTime:400] 曝光时间 -> 5175 us
[2026-10-07 13:21:15.884] [info] [thread 108767] [daheng_demo.cpp AddExposureTime:400] 曝光时间 -> 5200 us
[2026-10-07 13:21:15.918] [info] [thread 108767] [daheng_demo.cpp AddExposureTime:400] 曝光时间 -> 5225 us
[2026-10-07 13:21:15.953] [info] [thread 108767] [daheng_demo.cpp AddExposureTime:400] 曝光时间 -> 5250 us
[2026-10-07 13:21:15.988] [info] [thread 108767] [daheng_demo.cpp AddExposureTime:400] 曝光时间 -> 5275 us
[2026-10-07 13:21:16.022] [info] [thread 108767] [daheng_demo.cpp AddExposureTime:400] 曝光时间 -> 5300 us
[2026-10-07 13:21:16.057] [info] [thread 108767] [daheng_demo.cpp AddExposureTime:400] 曝光时间 -> 5325 us
[2026-10-07 13:21:16.093] [info] [thread 108767] [daheng_demo.cpp AddExposureTime:400] 曝光时间 -> 5350 us
[2026-10-07 13:21:16.126] [info] [thread 108767] [daheng_demo.cpp AddExposureTime:400] 曝光时间 -> 5375 us
[2026-10-07 13:21:16.159] [info] [thread 108767] [daheng_demo.cpp AddExposureTime:400] 曝光时间 -> 5400 us
[2026-10-07 13:21:16.194] [info] [thread 108767] [daheng_demo.cpp AddExposureTime:400] 曝光时间 -> 5425 us
[2026-10-07 13:21:16.229] [info] [thread 108767] [daheng_demo.cpp AddExposureTime:400] 曝光时间 -> 5450 us
[2026-10-07 13:21:16.264] [info] [thread 108767] [daheng_demo.cpp AddExposureTime:400] 曝光时间 -> 5475 us
[2026-10-07 13:21:16.298] [info] [thread 108767] [daheng_demo.cpp AddExposureTime:400] 曝光时间 -> 5500 us
[2026-10-07 13:21:16.333] [info] [thread 108767] [daheng_demo.cpp AddExposureTime:400] 曝光时间 -> 5525 us
[2026-10-07 13:21:16.367] [info] [thread 108767] [daheng_demo.cpp AddExposureTime:400] 曝光时间 -> 5550 us
[2026-10-07 13:21:16.402] [info] [thread 108767] [daheng_demo.cpp AddExposureTime:400] 曝光时间 -> 5575 us
[2026-10-07 13:21:16.437] [info] [thread 108767] [daheng_demo.cpp AddExposureTime:400] 曝光时间 -> 5600 us
[2026-10-07 13:21:16.472] [info] [thread 108767] [daheng_demo.cpp AddExposureTime:400] 曝光时间 -> 5625 us
[2026-10-07 13:21:16.507] [info] [thread 108767] [daheng_demo.cpp AddExposureTime:400] 曝光时间 -> 5650 us
[2026-10-07 13:21:16.541] [info] [thread 108767] [daheng_demo.cpp AddExposureTime:400] 曝光时间 -> 5675 us
[2026-10-07 13:21:16.943] [info] [thread 108767] [daheng_demo.cpp AddExposureTime:400] 曝光时间 -> 5700 us
[2026-10-07 13:21:17.437] [info] [thread 108767] [daheng_demo.cpp AddExposureTime:400] 曝光时间 -> 5725 us
[2026-10-07 13:21:17.474] [info] [thread 108767] [daheng_demo.cpp AddExposureTime:400] 曝光时间 -> 5750 us
[2026-10-07 13:21:17.509] [info] [thread 108767] [daheng_demo.cpp AddExposureTime:400] 曝光时间 -> 5775 us
[2026-10-07 13:21:17.543] [info] [thread 108767] [daheng_demo.cpp AddExposureTime:400] 曝光时间 -> 5800 us
[2026-10-07 13:21:17.577] [info] [thread 108767] [daheng_demo.cpp AddExposureTime:400] 曝光时间 -> 5825 us
[2026-10-07 13:21:17.611] [info] [thread 108767] [daheng_demo.cpp AddExposureTime:400] 曝光时间 -> 5850 us
[2026-10-07 13:21:17.645] [info] [thread 108767] [daheng_demo.cpp AddExposureTime:400] 曝光时间 -> 5875 us
[2026-10-07 13:21:17.681] [info] [thread 108767] [daheng_demo.cpp AddExposureTime:400] 曝光时间 -> 5900 us
[2026-10-07 13:21:17.715] [info] [thread 108767] [daheng_demo.cpp AddExposureTime:400] 曝光时间 -> 5925 us
[2026-10-07 13:21:17.748] [info] [thread 108767] [daheng_demo.cpp AddExposureTime:400] 曝光时间 -> 5950 us
[2026-10-07 13:21:17.783] [info] [thread 108767] [daheng_demo.cpp AddExposureTime:400] 曝光时间 -> 5975 us
[2026-10-07 13:21:17.820] [info] [thread 108767] [daheng_demo.cpp AddExposureTime:400] 曝光时间 -> 6000 us
[2026-10-07 13:21:17.855] [info] [thread 108767] [daheng_demo.cpp AddExposureTime:400] 曝光时间 -> 6025 us
[2026-10-07 13:21:17.891] [info] [thread 108767] [daheng_demo.cpp AddExposureTime:400] 曝光时间 -> 6050 us
[2026-10-07 13:21:17.926] [info] [thread 108767] [daheng_demo.cpp AddExposureTime:400] 曝光时间 -> 6075 us
[2026-10-07 13:21:17.961] [info] [thread 108767] [daheng_demo.cpp AddExposureTime:400] 曝光时间 -> 6100 us
[2026-10-07 13:21:17.996] [info] [thread 108767] [daheng_demo.cpp AddExposureTime:400] 曝光时间 -> 6125 us
[2026-10-07 13:21:18.031] [info] [thread 108767] [daheng_demo.cpp AddExposureTime:400] 曝光时间 -> 6150 us
[2026-10-07 13:21:18.066] [info] [thread 108767] [daheng_demo.cpp AddExposureTime:400] 曝光时间 -> 6175 us
[2026-10-07 13:21:18.101] [info] [thread 108767] [daheng_demo.cpp AddExposureTime:400] 曝光时间 -> 6200 us
[2026-10-07 13:21:18.138] [info] [thread 108767] [daheng_demo.cpp AddExposureTime:400] 曝光时间 -> 6225 us
[2026-10-07 13:21:18.172] [info] [thread 108767] [daheng_demo.cpp AddExposureTime:400] 曝光时间 -> 6250 us
[2026-10-07 13:21:18.208] [info] [thread 108767] [daheng_demo.cpp AddExposureTime:400] 曝光时间 -> 6275 us
[2026-10-07 13:21:18.242] [info] [thread 108767] [daheng_demo.cpp AddExposureTime:400] 曝光时间 -> 6300 us
[2026-10-07 13:21:18.279] [info] [thread 108767] [daheng_demo.cpp AddExposureTime:400] 曝光时间 -> 6325 us
[2026-10-07 13:21:18.315] [info] [thread 108767] [daheng_demo.cpp AddExposureTime:400] 曝光时间 -> 6350 us
[2026-10-07 13:21:18.350] [info] [thread 108767] [daheng_demo.cpp AddExposureTime:400] 曝光时间 -> 6375 us
[2026-10-07 13:21:18.386] [info] [thread 108767] [daheng_demo.cpp AddExposureTime:400] 曝光时间 -> 6400 us
[2026-10-07 13:21:18.419] [info] [thread 108767] [daheng_demo.cpp AddExposureTime:400] 曝光时间 -> 6425 us
[2026-10-07 13:21:18.452] [info] [thread 108767] [daheng_demo.cpp AddExposureTime:400] 曝光时间 -> 6450 us
[2026-10-07 13:21:18.487] [info] [thread 108767] [daheng_demo.cpp AddExposureTime:400] 曝光时间 -> 6475 us
[2026-10-07 13:21:18.521] [info] [thread 108767] [daheng_demo.cpp AddExposureTime:400] 曝光时间 -> 6500 us
[2026-10-07 13:21:18.556] [info] [thread 108767] [daheng_demo.cpp AddExposureTime:400] 曝光时间 -> 6525 us
[2026-10-07 13:21:18.591] [info] [thread 108767] [daheng_demo.cpp AddExposureTime:400] 曝光时间 -> 6550 us
[2026-10-07 13:21:18.625] [info] [thread 108767] [daheng_demo.cpp AddExposureTime:400] 曝光时间 -> 6575 us
[2026-10-07 13:21:18.661] [info] [thread 108767] [daheng_demo.cpp AddExposureTime:400] 曝光时间 -> 6600 us
[2026-10-07 13:21:18.696] [info] [thread 108767] [daheng_demo.cpp AddExposureTime:400] 曝光时间 -> 6625 us
[2026-10-07 13:21:18.730] [info] [thread 108767] [daheng_demo.cpp AddExposureTime:400] 曝光时间 -> 6650 us
[2026-10-07 13:21:18.765] [info] [thread 108767] [daheng_demo.cpp AddExposureTime:400] 曝光时间 -> 6675 us
[2026-10-07 13:21:18.800] [info] [thread 108767] [daheng_demo.cpp AddExposureTime:400] 曝光时间 -> 6700 us
[2026-10-07 13:21:18.834] [info] [thread 108767] [daheng_demo.cpp AddExposureTime:400] 曝光时间 -> 6725 us
[2026-10-07 13:21:18.870] [info] [thread 108767] [daheng_demo.cpp AddExposureTime:400] 曝光时间 -> 6750 us
[2026-10-07 13:21:18.907] [info] [thread 108767] [daheng_demo.cpp AddExposureTime:400] 曝光时间 -> 6775 us
[2026-10-07 13:21:18.940] [info] [thread 108767] [daheng_demo.cpp AddExposureTime:400] 曝光时间 -> 6800 us
[2026-10-07 13:21:18.975] [info] [thread 108767] [daheng_demo.cpp AddExposureTime:400] 曝光时间 -> 6825 us
[2026-10-07 13:21:19.008] [info] [thread 108767] [daheng_demo.cpp AddExposureTime:400] 曝光时间 -> 6850 us
[2026-10-07 13:21:19.042] [info] [thread 108767] [daheng_demo.cpp AddExposureTime:400] 曝光时间 -> 6875 us
[2026-10-07 13:21:19.078] [info] [thread 108767] [daheng_demo.cpp AddExposureTime:400] 曝光时间 -> 6900 us
[2026-10-07 13:21:19.112] [info] [thread 108767] [daheng_demo.cpp AddExposureTime:400] 曝光时间 -> 6925 us
[2026-10-07 13:21:19.148] [info] [thread 108767] [daheng_demo.cpp AddExposureTime:400] 曝光时间 -> 6950 us
[2026-10-07 13:21:19.183] [info] [thread 108767] [daheng_demo.cpp AddExposureTime:400] 曝光时间 -> 6975 us
[2026-10-07 13:21:19.219] [info] [thread 108767] [daheng_demo.cpp AddExposureTime:400] 曝光时间 -> 7000 us
[2026-10-07 13:21:19.253] [info] [thread 108767] [daheng_demo.cpp AddExposureTime:400] 曝光时间 -> 7025 us
[2026-10-07 13:21:19.286] [info] [thread 108767] [daheng_demo.cpp AddExposureTime:400] 曝光时间 -> 7050 us
[2026-10-07 13:21:19.322] [info] [thread 108767] [daheng_demo.cpp AddExposureTime:400] 曝光时间 -> 7075 us
[2026-10-07 13:21:19.356] [info] [thread 108767] [daheng_demo.cpp AddExposureTime:400] 曝光时间 -> 7100 us
[2026-10-07 13:21:19.390] [info] [thread 108767] [daheng_demo.cpp AddExposureTime:400] 曝光时间 -> 7125 us
[2026-10-07 13:21:19.424] [info] [thread 108767] [daheng_demo.cpp AddExposureTime:400] 曝光时间 -> 7150 us
[2026-10-07 13:21:19.459] [info] [thread 108767] [daheng_demo.cpp AddExposureTime:400] 曝光时间 -> 7175 us
[2026-10-07 13:21:19.494] [info] [thread 108767] [daheng_demo.cpp AddExposureTime:400] 曝光时间 -> 7200 us
[2026-10-07 13:21:19.528] [info] [thread 108767] [daheng_demo.cpp AddExposureTime:400] 曝光时间 -> 7225 us
[2026-10-07 13:21:19.564] [info] [thread 108767] [daheng_demo.cpp AddExposureTime:400] 曝光时间 -> 7250 us
[2026-10-07 13:21:19.598] [info] [thread 108767] [daheng_demo.cpp AddExposureTime:400] 曝光时间 -> 7275 us
[2026-10-07 13:21:19.633] [info] [thread 108767] [daheng_demo.cpp AddExposureTime:400] 曝光时间 -> 7300 us
[2026-10-07 13:21:19.670] [info] [thread 108767] [daheng_demo.cpp AddExposureTime:400] 曝光时间 -> 7325 us
[2026-10-07 13:21:19.703] [info] [thread 108767] [daheng_demo.cpp AddExposureTime:400] 曝光时间 -> 7350 us
[2026-10-07 13:21:19.736] [info] [thread 108767] [daheng_demo.cpp AddExposureTime:400] 曝光时间 -> 7375 us
[2026-10-07 13:21:19.771] [info] [thread 108767] [daheng_demo.cpp AddExposureTime:400] 曝光时间 -> 7400 us
[2026-10-07 13:21:19.807] [info] [thread 108767] [daheng_demo.cpp AddExposureTime:400] 曝光时间 -> 7425 us
[2026-10-07 13:21:19.841] [info] [thread 108767] [daheng_demo.cpp AddExposureTime:400] 曝光时间 -> 7450 us
[2026-10-07 13:21:19.875] [info] [thread 108767] [daheng_demo.cpp AddExposureTime:400] 曝光时间 -> 7475 us
[2026-10-07 13:21:19.909] [info] [thread 108767] [daheng_demo.cpp AddExposureTime:400] 曝光时间 -> 7500 us
[2026-10-07 13:21:19.943] [info] [thread 108767] [daheng_demo.cpp AddExposureTime:400] 曝光时间 -> 7525 us
[2026-10-07 13:21:19.979] [info] [thread 108767] [daheng_demo.cpp AddExposureTime:400] 曝光时间 -> 7550 us
[2026-10-07 13:21:20.016] [info] [thread 108767] [daheng_demo.cpp AddExposureTime:400] 曝光时间 -> 7575 us
[2026-10-07 13:21:20.049] [info] [thread 108767] [daheng_demo.cpp AddExposureTime:400] 曝光时间 -> 7600 us
[2026-10-07 13:21:20.087] [info] [thread 108767] [daheng_demo.cpp AddExposureTime:400] 曝光时间 -> 7625 us
[2026-10-07 13:21:20.121] [info] [thread 108767] [daheng_demo.cpp AddExposureTime:400] 曝光时间 -> 7650 us
[2026-10-07 13:21:20.155] [info] [thread 108767] [daheng_demo.cpp AddExposureTime:400] 曝光时间 -> 7675 us
[2026-10-07 13:21:20.190] [info] [thread 108767] [daheng_demo.cpp AddExposureTime:400] 曝光时间 -> 7700 us
[2026-10-07 13:21:20.225] [info] [thread 108767] [daheng_demo.cpp AddExposureTime:400] 曝光时间 -> 7725 us
[2026-10-07 13:21:20.263] [info] [thread 108767] [daheng_demo.cpp AddExposureTime:400] 曝光时间 -> 7750 us
[2026-10-07 13:21:20.297] [info] [thread 108767] [daheng_demo.cpp AddExposureTime:400] 曝光时间 -> 7775 us
[2026-10-07 13:21:20.772] [info] [thread 108767] [daheng_demo.cpp AddExposureTime:400] 曝光时间 -> 7800 us
[2026-10-07 13:21:21.276] [info] [thread 108767] [daheng_demo.cpp AddExposureTime:400] 曝光时间 -> 7825 us
[2026-10-07 13:21:21.311] [info] [thread 108767] [daheng_demo.cpp AddExposureTime:400] 曝光时间 -> 7850 us
[2026-10-07 13:21:21.345] [info] [thread 108767] [daheng_demo.cpp AddExposureTime:400] 曝光时间 -> 7875 us
[2026-10-07 13:21:21.380] [info] [thread 108767] [daheng_demo.cpp AddExposureTime:400] 曝光时间 -> 7900 us
[2026-10-07 13:21:21.415] [info] [thread 108767] [daheng_demo.cpp AddExposureTime:400] 曝光时间 -> 7925 us
[2026-10-07 13:21:21.453] [info] [thread 108767] [daheng_demo.cpp AddExposureTime:400] 曝光时间 -> 7950 us
[2026-10-07 13:21:21.488] [info] [thread 108767] [daheng_demo.cpp AddExposureTime:400] 曝光时间 -> 7975 us
[2026-10-07 13:21:21.523] [info] [thread 108767] [daheng_demo.cpp AddExposureTime:400] 曝光时间 -> 8000 us
[2026-10-07 13:21:21.558] [info] [thread 108767] [daheng_demo.cpp AddExposureTime:400] 曝光时间 -> 8025 us
[2026-10-07 13:21:21.592] [info] [thread 108767] [daheng_demo.cpp AddExposureTime:400] 曝光时间 -> 8050 us
[2026-10-07 13:21:21.629] [info] [thread 108767] [daheng_demo.cpp AddExposureTime:400] 曝光时间 -> 8075 us
[2026-10-07 13:21:21.664] [info] [thread 108767] [daheng_demo.cpp AddExposureTime:400] 曝光时间 -> 8100 us
[2026-10-07 13:21:21.698] [info] [thread 108767] [daheng_demo.cpp AddExposureTime:400] 曝光时间 -> 8125 us
[2026-10-07 13:21:21.738] [info] [thread 108767] [daheng_demo.cpp AddExposureTime:400] 曝光时间 -> 8150 us
[2026-10-07 13:21:21.774] [info] [thread 108767] [daheng_demo.cpp AddExposureTime:400] 曝光时间 -> 8175 us
[2026-10-07 13:21:21.809] [info] [thread 108767] [daheng_demo.cpp AddExposureTime:400] 曝光时间 -> 8200 us
[2026-10-07 13:21:21.847] [info] [thread 108767] [daheng_demo.cpp AddExposureTime:400] 曝光时间 -> 8225 us
[2026-10-07 13:21:21.884] [info] [thread 108767] [daheng_demo.cpp AddExposureTime:400] 曝光时间 -> 8250 us
[2026-10-07 13:21:21.921] [info] [thread 108767] [daheng_demo.cpp AddExposureTime:400] 曝光时间 -> 8275 us
[2026-10-07 13:21:21.956] [info] [thread 108767] [daheng_demo.cpp AddExposureTime:400] 曝光时间 -> 8300 us
[2026-10-07 13:21:21.992] [info] [thread 108767] [daheng_demo.cpp AddExposureTime:400] 曝光时间 -> 8325 us
[2026-10-07 13:21:22.028] [info] [thread 108767] [daheng_demo.cpp AddExposureTime:400] 曝光时间 -> 8350 us
[2026-10-07 13:21:22.065] [info] [thread 108767] [daheng_demo.cpp AddExposureTime:400] 曝光时间 -> 8375 us
[2026-10-07 13:21:22.100] [info] [thread 108767] [daheng_demo.cpp AddExposureTime:400] 曝光时间 -> 8400 us
[2026-10-07 13:21:22.135] [info] [thread 108767] [daheng_demo.cpp AddExposureTime:400] 曝光时间 -> 8425 us
[2026-10-07 13:21:22.172] [info] [thread 108767] [daheng_demo.cpp AddExposureTime:400] 曝光时间 -> 8450 us
[2026-10-07 13:21:22.206] [info] [thread 108767] [daheng_demo.cpp AddExposureTime:400] 曝光时间 -> 8475 us
[2026-10-07 13:21:22.242] [info] [thread 108767] [daheng_demo.cpp AddExposureTime:400] 曝光时间 -> 8500 us
[2026-10-07 13:21:22.278] [info] [thread 108767] [daheng_demo.cpp AddExposureTime:400] 曝光时间 -> 8525 us
[2026-10-07 13:21:22.312] [info] [thread 108767] [daheng_demo.cpp AddExposureTime:400] 曝光时间 -> 8550 us
[2026-10-07 13:21:22.347] [info] [thread 108767] [daheng_demo.cpp AddExposureTime:400] 曝光时间 -> 8575 us
[2026-10-07 13:21:22.383] [info] [thread 108767] [daheng_demo.cpp AddExposureTime:400] 曝光时间 -> 8600 us
[2026-10-07 13:21:22.418] [info] [thread 108767] [daheng_demo.cpp AddExposureTime:400] 曝光时间 -> 8625 us
[2026-10-07 13:21:22.452] [info] [thread 108767] [daheng_demo.cpp AddExposureTime:400] 曝光时间 -> 8650 us
[2026-10-07 13:21:22.486] [info] [thread 108767] [daheng_demo.cpp AddExposureTime:400] 曝光时间 -> 8675 us
[2026-10-07 13:21:22.520] [info] [thread 108767] [daheng_demo.cpp AddExposureTime:400] 曝光时间 -> 8700 us
[2026-10-07 13:21:22.554] [info] [thread 108767] [daheng_demo.cpp AddExposureTime:400] 曝光时间 -> 8725 us
[2026-10-07 13:21:22.591] [info] [thread 108767] [daheng_demo.cpp AddExposureTime:400] 曝光时间 -> 8750 us
[2026-10-07 13:21:24.866] [info] [thread 108767] [daheng_demo.cpp AddExposureTime:400] 曝光时间 -> 8775 us
[2026-10-07 13:21:25.370] [info] [thread 108767] [daheng_demo.cpp AddExposureTime:400] 曝光时间 -> 8800 us
[2026-10-07 13:21:25.404] [info] [thread 108767] [daheng_demo.cpp AddExposureTime:400] 曝光时间 -> 8825 us
[2026-10-07 13:21:25.441] [info] [thread 108767] [daheng_demo.cpp AddExposureTime:400] 曝光时间 -> 8850 us
[2026-10-07 13:21:25.476] [info] [thread 108767] [daheng_demo.cpp AddExposureTime:400] 曝光时间 -> 8875 us
[2026-10-07 13:21:25.511] [info] [thread 108767] [daheng_demo.cpp AddExposureTime:400] 曝光时间 -> 8900 us
[2026-10-07 13:21:25.546] [info] [thread 108767] [daheng_demo.cpp AddExposureTime:400] 曝光时间 -> 8925 us
[2026-10-07 13:21:25.580] [info] [thread 108767] [daheng_demo.cpp AddExposureTime:400] 曝光时间 -> 8950 us
[2026-10-07 13:21:25.614] [info] [thread 108767] [daheng_demo.cpp AddExposureTime:400] 曝光时间 -> 8975 us
[2026-10-07 13:21:25.650] [info] [thread 108767] [daheng_demo.cpp AddExposureTime:400] 曝光时间 -> 9000 us
[2026-10-07 13:21:25.686] [info] [thread 108767] [daheng_demo.cpp AddExposureTime:400] 曝光时间 -> 9025 us
[2026-10-07 13:21:25.720] [info] [thread 108767] [daheng_demo.cpp AddExposureTime:400] 曝光时间 -> 9050 us
[2026-10-07 13:21:25.757] [info] [thread 108767] [daheng_demo.cpp AddExposureTime:400] 曝光时间 -> 9075 us
[2026-10-07 13:21:25.792] [info] [thread 108767] [daheng_demo.cpp AddExposureTime:400] 曝光时间 -> 9100 us
[2026-10-07 13:21:25.827] [info] [thread 108767] [daheng_demo.cpp AddExposureTime:400] 曝光时间 -> 9125 us
[2026-10-07 13:21:25.861] [info] [thread 108767] [daheng_demo.cpp AddExposureTime:400] 曝光时间 -> 9150 us
[2026-10-07 13:21:25.896] [info] [thread 108767] [daheng_demo.cpp AddExposureTime:400] 曝光时间 -> 9175 us
[2026-10-07 13:21:25.930] [info] [thread 108767] [daheng_demo.cpp AddExposureTime:400] 曝光时间 -> 9200 us
[2026-10-07 13:21:25.965] [info] [thread 108767] [daheng_demo.cpp AddExposureTime:400] 曝光时间 -> 9225 us
[2026-10-07 13:21:26.000] [info] [thread 108767] [daheng_demo.cpp AddExposureTime:400] 曝光时间 -> 9250 us
[2026-10-07 13:21:26.038] [info] [thread 108767] [daheng_demo.cpp AddExposureTime:400] 曝光时间 -> 9275 us
[2026-10-07 13:21:26.073] [info] [thread 108767] [daheng_demo.cpp AddExposureTime:400] 曝光时间 -> 9300 us
[2026-10-07 13:21:26.110] [info] [thread 108767] [daheng_demo.cpp AddExposureTime:400] 曝光时间 -> 9325 us
[2026-10-07 13:21:26.145] [info] [thread 108767] [daheng_demo.cpp AddExposureTime:400] 曝光时间 -> 9350 us
[2026-10-07 13:21:26.179] [info] [thread 108767] [daheng_demo.cpp AddExposureTime:400] 曝光时间 -> 9375 us
[2026-10-07 13:21:26.214] [info] [thread 108767] [daheng_demo.cpp AddExposureTime:400] 曝光时间 -> 9400 us
[2026-10-07 13:21:26.249] [info] [thread 108767] [daheng_demo.cpp AddExposureTime:400] 曝光时间 -> 9425 us
[2026-10-07 13:21:26.285] [info] [thread 108767] [daheng_demo.cpp AddExposureTime:400] 曝光时间 -> 9450 us
[2026-10-07 13:21:26.321] [info] [thread 108767] [daheng_demo.cpp AddExposureTime:400] 曝光时间 -> 9475 us
[2026-10-07 13:21:26.356] [info] [thread 108767] [daheng_demo.cpp AddExposureTime:400] 曝光时间 -> 9500 us
[2026-10-07 13:21:26.392] [info] [thread 108767] [daheng_demo.cpp AddExposureTime:400] 曝光时间 -> 9525 us
[2026-10-07 13:21:26.429] [info] [thread 108767] [daheng_demo.cpp AddExposureTime:400] 曝光时间 -> 9550 us
[2026-10-07 13:21:26.465] [info] [thread 108767] [daheng_demo.cpp AddExposureTime:400] 曝光时间 -> 9575 us
[2026-10-07 13:21:26.500] [info] [thread 108767] [daheng_demo.cpp AddExposureTime:400] 曝光时间 -> 9600 us
[2026-10-07 13:21:26.534] [info] [thread 108767] [daheng_demo.cpp AddExposureTime:400] 曝光时间 -> 9625 us
[2026-10-07 13:21:26.569] [info] [thread 108767] [daheng_demo.cpp AddExposureTime:400] 曝光时间 -> 9650 us
[2026-10-07 13:21:26.604] [info] [thread 108767] [daheng_demo.cpp AddExposureTime:400] 曝光时间 -> 9675 us
[2026-10-07 13:21:26.639] [info] [thread 108767] [daheng_demo.cpp AddExposureTime:400] 曝光时间 -> 9700 us
[2026-10-07 13:21:26.674] [info] [thread 108767] [daheng_demo.cpp AddExposureTime:400] 曝光时间 -> 9725 us
[2026-10-07 13:21:26.707] [info] [thread 108767] [daheng_demo.cpp AddExposureTime:400] 曝光时间 -> 9750 us
[2026-10-07 13:21:26.743] [info] [thread 108767] [daheng_demo.cpp AddExposureTime:400] 曝光时间 -> 9775 us
[2026-10-07 13:21:26.780] [info] [thread 108767] [daheng_demo.cpp AddExposureTime:400] 曝光时间 -> 9800 us
[2026-10-07 13:21:26.815] [info] [thread 108767] [daheng_demo.cpp AddExposureTime:400] 曝光时间 -> 9825 us
[2026-10-07 13:21:26.849] [info] [thread 108767] [daheng_demo.cpp AddExposureTime:400] 曝光时间 -> 9850 us
[2026-10-07 13:21:26.885] [info] [thread 108767] [daheng_demo.cpp AddExposureTime:400] 曝光时间 -> 9875 us
[2026-10-07 13:21:26.920] [info] [thread 108767] [daheng_demo.cpp AddExposureTime:400] 曝光时间 -> 9900 us
[2026-10-07 13:21:26.954] [info] [thread 108767] [daheng_demo.cpp AddExposureTime:400] 曝光时间 -> 9925 us
[2026-10-07 13:21:26.988] [info] [thread 108767] [daheng_demo.cpp AddExposureTime:400] 曝光时间 -> 9950 us
[2026-10-07 13:21:27.024] [info] [thread 108767] [daheng_demo.cpp AddExposureTime:400] 曝光时间 -> 9975 us
[2026-10-07 13:21:27.060] [info] [thread 108767] [daheng_demo.cpp AddExposureTime:400] 曝光时间 -> 10000 us
[2026-10-07 13:21:27.093] [info] [thread 108767] [daheng_demo.cpp AddExposureTime:400] 曝光时间 -> 10000 us
[2026-10-07 13:21:27.128] [info] [thread 108767] [daheng_demo.cpp AddExposureTime:400] 曝光时间 -> 10000 us
[2026-10-07 13:21:27.162] [info] [thread 108767] [daheng_demo.cpp AddExposureTime:400] 曝光时间 -> 10000 us
[2026-10-07 13:21:27.196] [info] [thread 108767] [daheng_demo.cpp AddExposureTime:400] 曝光时间 -> 10000 us
[2026-10-07 13:21:27.230] [info] [thread 108767] [daheng_demo.cpp AddExposureTime:400] 曝光时间 -> 10000 us
[2026-10-07 13:21:27.264] [info] [thread 108767] [daheng_demo.cpp AddExposureTime:400] 曝光时间 -> 10000 us
[2026-10-07 13:21:27.298] [info] [thread 108767] [daheng_demo.cpp AddExposureTime:400] 曝光时间 -> 10000 us
[2026-10-07 13:21:27.334] [info] [thread 108767] [daheng_demo.cpp AddExposureTime:400] 曝光时间 -> 10000 us
[2026-10-07 13:21:27.368] [info] [thread 108767] [daheng_demo.cpp AddExposureTime:400] 曝光时间 -> 10000 us
[2026-10-07 13:21:27.403] [info] [thread 108767] [daheng_demo.cpp AddExposureTime:400] 曝光时间 -> 10000 us
[2026-10-07 13:21:27.439] [info] [thread 108767] [daheng_demo.cpp AddExposureTime:400] 曝光时间 -> 10000 us
[2026-10-07 13:21:27.474] [info] [thread 108767] [daheng_demo.cpp AddExposureTime:400] 曝光时间 -> 10000 us
[2026-10-07 13:21:27.509] [info] [thread 108767] [daheng_demo.cpp AddExposureTime:400] 曝光时间 -> 10000 us
[2026-10-07 13:21:27.544] [info] [thread 108767] [daheng_demo.cpp AddExposureTime:400] 曝光时间 -> 10000 us
[2026-10-07 13:21:27.580] [info] [thread 108767] [daheng_demo.cpp AddExposureTime:400] 曝光时间 -> 10000 us
[2026-10-07 13:21:27.616] [info] [thread 108767] [daheng_demo.cpp AddExposureTime:400] 曝光时间 -> 10000 us
[2026-10-07 13:21:27.650] [info] [thread 108767] [daheng_demo.cpp AddExposureTime:400] 曝光时间 -> 10000 us
[2026-10-07 13:21:27.682] [info] [thread 108767] [daheng_demo.cpp AddExposureTime:400] 曝光时间 -> 10000 us
[2026-10-07 13:21:29.032] [info] [thread 108767] [daheng_demo.cpp AddGain:424] 增益 -> 12 dB
[2026-10-07 13:21:29.544] [info] [thread 108767] [daheng_demo.cpp AddGain:424] 增益 -> 11.9 dB
[2026-10-07 13:21:29.580] [info] [thread 108767] [daheng_demo.cpp AddGain:424] 增益 -> 11.8 dB
[2026-10-07 13:21:29.616] [info] [thread 108767] [daheng_demo.cpp AddGain:424] 增益 -> 11.700000000000001 dB
[2026-10-07 13:21:29.652] [info] [thread 108767] [daheng_demo.cpp AddGain:424] 增益 -> 11.6 dB
[2026-10-07 13:21:29.691] [info] [thread 108767] [daheng_demo.cpp AddGain:424] 增益 -> 11.5 dB
[2026-10-07 13:21:29.726] [info] [thread 108767] [daheng_demo.cpp AddGain:424] 增益 -> 11.4 dB
[2026-10-07 13:21:29.762] [info] [thread 108767] [daheng_demo.cpp AddGain:424] 增益 -> 11.3 dB
[2026-10-07 13:21:29.799] [info] [thread 108767] [daheng_demo.cpp AddGain:424] 增益 -> 11.200000000000001 dB
[2026-10-07 13:21:29.835] [info] [thread 108767] [daheng_demo.cpp AddGain:424] 增益 -> 11.1 dB
[2026-10-07 13:21:29.873] [info] [thread 108767] [daheng_demo.cpp AddGain:424] 增益 -> 11 dB
[2026-10-07 13:21:29.909] [info] [thread 108767] [daheng_demo.cpp AddGain:424] 增益 -> 10.9 dB
[2026-10-07 13:21:29.947] [info] [thread 108767] [daheng_demo.cpp AddGain:424] 增益 -> 10.8 dB
[2026-10-07 13:21:29.981] [info] [thread 108767] [daheng_demo.cpp AddGain:424] 增益 -> 10.700000000000001 dB
[2026-10-07 13:21:30.438] [info] [thread 108767] [daheng_demo.cpp AddGain:424] 增益 -> 10.799999999999999 dB
[2026-10-07 13:21:30.934] [info] [thread 108767] [daheng_demo.cpp AddGain:424] 增益 -> 10.9 dB
[2026-10-07 13:21:30.966] [info] [thread 108767] [daheng_demo.cpp AddGain:424] 增益 -> 11 dB
[2026-10-07 13:21:31.003] [info] [thread 108767] [daheng_demo.cpp AddGain:424] 增益 -> 11.1 dB
[2026-10-07 13:21:31.042] [info] [thread 108767] [daheng_demo.cpp AddGain:424] 增益 -> 11.2 dB
[2026-10-07 13:21:31.078] [info] [thread 108767] [daheng_demo.cpp AddGain:424] 增益 -> 11.299999999999999 dB
[2026-10-07 13:21:31.113] [info] [thread 108767] [daheng_demo.cpp AddGain:424] 增益 -> 11.4 dB
[2026-10-07 13:21:31.149] [info] [thread 108767] [daheng_demo.cpp AddGain:424] 增益 -> 11.5 dB
[2026-10-07 13:21:31.186] [info] [thread 108767] [daheng_demo.cpp AddGain:424] 增益 -> 11.6 dB
[2026-10-07 13:21:31.221] [info] [thread 108767] [daheng_demo.cpp AddGain:424] 增益 -> 11.7 dB
[2026-10-07 13:21:31.257] [info] [thread 108767] [daheng_demo.cpp AddGain:424] 增益 -> 11.799999999999999 dB
[2026-10-07 13:21:31.292] [info] [thread 108767] [daheng_demo.cpp AddGain:424] 增益 -> 11.9 dB
[2026-10-07 13:21:31.328] [info] [thread 108767] [daheng_demo.cpp AddGain:424] 增益 -> 12 dB
[2026-10-07 13:21:31.365] [info] [thread 108767] [daheng_demo.cpp AddGain:424] 增益 -> 12.1 dB
[2026-10-07 13:21:31.401] [info] [thread 108767] [daheng_demo.cpp AddGain:424] 增益 -> 12.2 dB
[2026-10-07 13:21:31.437] [info] [thread 108767] [daheng_demo.cpp AddGain:424] 增益 -> 12.299999999999999 dB
[2026-10-07 13:21:31.473] [info] [thread 108767] [daheng_demo.cpp AddGain:424] 增益 -> 12.4 dB
[2026-10-07 13:21:31.952] [info] [thread 108767] [daheng_demo.cpp AddGain:424] 增益 -> 12.5 dB
[2026-10-07 13:21:32.456] [info] [thread 108767] [daheng_demo.cpp AddGain:424] 增益 -> 12.6 dB
[2026-10-07 13:21:32.493] [info] [thread 108767] [daheng_demo.cpp AddGain:424] 增益 -> 12.7 dB
[2026-10-07 13:21:32.530] [info] [thread 108767] [daheng_demo.cpp AddGain:424] 增益 -> 12.799999999999999 dB
[2026-10-07 13:21:32.565] [info] [thread 108767] [daheng_demo.cpp AddGain:424] 增益 -> 12.9 dB
[2026-10-07 13:21:32.600] [info] [thread 108767] [daheng_demo.cpp AddGain:424] 增益 -> 13 dB
[2026-10-07 13:21:32.639] [info] [thread 108767] [daheng_demo.cpp AddGain:424] 增益 -> 13.1 dB
[2026-10-07 13:21:32.678] [info] [thread 108767] [daheng_demo.cpp AddGain:424] 增益 -> 13.2 dB
[2026-10-07 13:21:32.713] [info] [thread 108767] [daheng_demo.cpp AddGain:424] 增益 -> 13.299999999999999 dB
[2026-10-07 13:21:32.751] [info] [thread 108767] [daheng_demo.cpp AddGain:424] 增益 -> 13.4 dB
[2026-10-07 13:21:32.787] [info] [thread 108767] [daheng_demo.cpp AddGain:424] 增益 -> 13.5 dB
[2026-10-07 13:21:34.012] [info] [thread 108767] [daheng_demo.cpp AddGain:424] 增益 -> 13.4 dB
[2026-10-07 13:21:34.519] [info] [thread 108767] [daheng_demo.cpp AddGain:424] 增益 -> 13.3 dB
[2026-10-07 13:21:34.554] [info] [thread 108767] [daheng_demo.cpp AddGain:424] 增益 -> 13.200000000000001 dB
[2026-10-07 13:21:34.589] [info] [thread 108767] [daheng_demo.cpp AddGain:424] 增益 -> 13.1 dB
[2026-10-07 13:21:34.625] [info] [thread 108767] [daheng_demo.cpp AddGain:424] 增益 -> 13 dB
[2026-10-07 13:21:34.661] [info] [thread 108767] [daheng_demo.cpp AddGain:424] 增益 -> 12.9 dB
[2026-10-07 13:21:34.698] [info] [thread 108767] [daheng_demo.cpp AddGain:424] 增益 -> 12.8 dB
[2026-10-07 13:21:34.732] [info] [thread 108767] [daheng_demo.cpp AddGain:424] 增益 -> 12.700000000000001 dB
[2026-10-07 13:22:20.187] [info] [thread 108767] [daheng_demo.cpp main:772] 相机已关闭
[2026-10-07 13:46:48.320] [info] [thread 109956] [daheng_demo.cpp main:483] daheng_demo 启动
[2026-10-07 13:46:48.343] [debug] [thread 109956] [daheng_demo.cpp main:488] GXInitLib status = 0
[2026-10-07 13:46:49.354] [info] [thread 109956] [daheng_demo.cpp EnumerateDevices:356] 共找到 1 台设备:
[2026-10-07 13:46:49.354] [info] [thread 109956] [daheng_demo.cpp EnumerateDevices:368]   [1] 型号: MER2-230-168U3C  序列号: FDE25070188
[2026-10-07 13:46:50.489] [info] [thread 109956] [daheng_demo.cpp main:526] 打开相机 FDE25070188 成功
[2026-10-07 13:46:50.521] [info] [thread 109956] [daheng_demo.cpp operator():560] ExposureTime 初始值 10000 -> 3000
[2026-10-07 13:46:50.534] [info] [thread 109956] [daheng_demo.cpp operator():560] Gain 初始值 12.7 -> 0
[2026-10-07 13:46:50.535] [warning] [thread 109956] [daheng_demo.cpp operator():548] 读取 Gamma 失败: {-8}{DoGetFloatRange:line[285]}{Node is not available. : AccessException thrown in node 'Gamma' while calling 'Gamma.GetMin()' (file 'FloatT.h', line 363)}
[2026-10-07 13:46:50.564] [info] [thread 109956] [daheng_demo.cpp main:606] 分辨率 1920x1200
[2026-10-07 13:46:50.567] [info] [thread 109956] [daheng_demo.cpp main:641] Bayer PixelColorFilter = 1，转换输出 BGR
[2026-10-07 13:46:50.618] [info] [thread 109956] [daheng_demo.cpp main:672] YOLO 模型加载成功: /home/zhongchengyi/Desktop/desktop/RM/runs/detect/train-3/weights/best.onnx
[2026-10-07 13:46:50.618] [info] [thread 109956] [daheng_demo.cpp main:682] 取流开始,按 e/d 调曝光、a/q 调增益、s/w 调伽马、ESC 退出
[2026-10-07 13:47:01.715] [info] [thread 109956] [daheng_demo.cpp AddGain:437] 增益 -> 0 dB
[2026-10-07 13:47:02.936] [info] [thread 109956] [daheng_demo.cpp AddGain:437] 增益 -> 0 dB
[2026-10-07 13:47:03.597] [info] [thread 109956] [daheng_demo.cpp AddGain:437] 增益 -> 0.1 dB
[2026-10-07 13:47:04.108] [info] [thread 109956] [daheng_demo.cpp AddGain:437] 增益 -> 0.2 dB
[2026-10-07 13:47:04.144] [info] [thread 109956] [daheng_demo.cpp AddGain:437] 增益 -> 0.30000000000000004 dB
[2026-10-07 13:47:04.181] [info] [thread 109956] [daheng_demo.cpp AddGain:437] 增益 -> 0.4 dB
[2026-10-07 13:47:04.215] [info] [thread 109956] [daheng_demo.cpp AddGain:437] 增益 -> 0.5 dB
[2026-10-07 13:47:04.251] [info] [thread 109956] [daheng_demo.cpp AddGain:437] 增益 -> 0.6 dB
[2026-10-07 13:47:04.285] [info] [thread 109956] [daheng_demo.cpp AddGain:437] 增益 -> 0.7 dB
[2026-10-07 13:47:04.321] [info] [thread 109956] [daheng_demo.cpp AddGain:437] 增益 -> 0.7999999999999999 dB
[2026-10-07 13:47:04.353] [info] [thread 109956] [daheng_demo.cpp AddGain:437] 增益 -> 0.9 dB
[2026-10-07 13:47:04.389] [info] [thread 109956] [daheng_demo.cpp AddGain:437] 增益 -> 1 dB
[2026-10-07 13:47:04.422] [info] [thread 109956] [daheng_demo.cpp AddGain:437] 增益 -> 1.1 dB
[2026-10-07 13:47:04.455] [info] [thread 109956] [daheng_demo.cpp AddGain:437] 增益 -> 1.2000000000000002 dB
[2026-10-07 13:47:04.488] [info] [thread 109956] [daheng_demo.cpp AddGain:437] 增益 -> 1.3 dB
[2026-10-07 13:47:04.521] [info] [thread 109956] [daheng_demo.cpp AddGain:437] 增益 -> 1.4000000000000001 dB
[2026-10-07 13:47:04.557] [info] [thread 109956] [daheng_demo.cpp AddGain:437] 增益 -> 1.5 dB
[2026-10-07 13:47:04.596] [info] [thread 109956] [daheng_demo.cpp AddGain:437] 增益 -> 1.6 dB
[2026-10-07 13:47:04.633] [info] [thread 109956] [daheng_demo.cpp AddGain:437] 增益 -> 1.7000000000000002 dB
[2026-10-07 13:47:04.667] [info] [thread 109956] [daheng_demo.cpp AddGain:437] 增益 -> 1.8 dB
[2026-10-07 13:47:04.699] [info] [thread 109956] [daheng_demo.cpp AddGain:437] 增益 -> 1.9000000000000001 dB
[2026-10-07 13:47:04.737] [info] [thread 109956] [daheng_demo.cpp AddGain:437] 增益 -> 2 dB
[2026-10-07 13:47:04.772] [info] [thread 109956] [daheng_demo.cpp AddGain:437] 增益 -> 2.1 dB
[2026-10-07 13:47:04.805] [info] [thread 109956] [daheng_demo.cpp AddGain:437] 增益 -> 2.2 dB
[2026-10-07 13:47:04.839] [info] [thread 109956] [daheng_demo.cpp AddGain:437] 增益 -> 2.3000000000000003 dB
[2026-10-07 13:47:04.873] [info] [thread 109956] [daheng_demo.cpp AddGain:437] 增益 -> 2.4 dB
[2026-10-07 13:47:04.909] [info] [thread 109956] [daheng_demo.cpp AddGain:437] 增益 -> 2.5 dB
[2026-10-07 13:47:04.944] [info] [thread 109956] [daheng_demo.cpp AddGain:437] 增益 -> 2.6 dB
[2026-10-07 13:47:04.979] [info] [thread 109956] [daheng_demo.cpp AddGain:437] 增益 -> 2.7 dB
[2026-10-07 13:47:05.013] [info] [thread 109956] [daheng_demo.cpp AddGain:437] 增益 -> 2.8000000000000003 dB
[2026-10-07 13:47:05.048] [info] [thread 109956] [daheng_demo.cpp AddGain:437] 增益 -> 2.9 dB
[2026-10-07 13:47:05.966] [info] [thread 109956] [daheng_demo.cpp AddGain:437] 增益 -> 3 dB
[2026-10-07 13:47:06.455] [info] [thread 109956] [daheng_demo.cpp AddGain:437] 增益 -> 3.1 dB
[2026-10-07 13:47:06.489] [info] [thread 109956] [daheng_demo.cpp AddGain:437] 增益 -> 3.2 dB
[2026-10-07 13:47:06.524] [info] [thread 109956] [daheng_demo.cpp AddGain:437] 增益 -> 3.3000000000000003 dB
[2026-10-07 13:47:06.557] [info] [thread 109956] [daheng_demo.cpp AddGain:437] 增益 -> 3.4 dB
[2026-10-07 13:47:06.592] [info] [thread 109956] [daheng_demo.cpp AddGain:437] 增益 -> 3.5 dB
[2026-10-07 13:47:06.628] [info] [thread 109956] [daheng_demo.cpp AddGain:437] 增益 -> 3.6 dB
[2026-10-07 13:47:06.662] [info] [thread 109956] [daheng_demo.cpp AddGain:437] 增益 -> 3.7 dB
[2026-10-07 13:47:06.697] [info] [thread 109956] [daheng_demo.cpp AddGain:437] 增益 -> 3.8000000000000003 dB
[2026-10-07 13:47:06.733] [info] [thread 109956] [daheng_demo.cpp AddGain:437] 增益 -> 3.9 dB
[2026-10-07 13:47:06.767] [info] [thread 109956] [daheng_demo.cpp AddGain:437] 增益 -> 4 dB
[2026-10-07 13:47:06.803] [info] [thread 109956] [daheng_demo.cpp AddGain:437] 增益 -> 4.1 dB
[2026-10-07 13:47:06.839] [info] [thread 109956] [daheng_demo.cpp AddGain:437] 增益 -> 4.199999999999999 dB
[2026-10-07 13:47:06.873] [info] [thread 109956] [daheng_demo.cpp AddGain:437] 增益 -> 4.3 dB
[2026-10-07 13:47:06.906] [info] [thread 109956] [daheng_demo.cpp AddGain:437] 增益 -> 4.3999999999999995 dB
[2026-10-07 13:47:06.938] [info] [thread 109956] [daheng_demo.cpp AddGain:437] 增益 -> 4.5 dB
[2026-10-07 13:47:06.981] [info] [thread 109956] [daheng_demo.cpp AddGain:437] 增益 -> 4.6 dB
[2026-10-07 13:47:07.022] [info] [thread 109956] [daheng_demo.cpp AddGain:437] 增益 -> 4.699999999999999 dB
[2026-10-07 13:47:07.062] [info] [thread 109956] [daheng_demo.cpp AddGain:437] 增益 -> 4.8 dB
[2026-10-07 13:47:07.103] [info] [thread 109956] [daheng_demo.cpp AddGain:437] 增益 -> 4.8999999999999995 dB
[2026-10-07 13:47:07.142] [info] [thread 109956] [daheng_demo.cpp AddGain:437] 增益 -> 5 dB
[2026-10-07 13:47:07.181] [info] [thread 109956] [daheng_demo.cpp AddGain:437] 增益 -> 5.1 dB
[2026-10-07 13:47:07.221] [info] [thread 109956] [daheng_demo.cpp AddGain:437] 增益 -> 5.199999999999999 dB
[2026-10-07 13:47:07.259] [info] [thread 109956] [daheng_demo.cpp AddGain:437] 增益 -> 5.3 dB
[2026-10-07 13:47:07.299] [info] [thread 109956] [daheng_demo.cpp AddGain:437] 增益 -> 5.3999999999999995 dB
[2026-10-07 13:47:07.338] [info] [thread 109956] [daheng_demo.cpp AddGain:437] 增益 -> 5.5 dB
[2026-10-07 13:47:07.376] [info] [thread 109956] [daheng_demo.cpp AddGain:437] 增益 -> 5.6 dB
[2026-10-07 13:47:07.416] [info] [thread 109956] [daheng_demo.cpp AddGain:437] 增益 -> 5.699999999999999 dB
[2026-10-07 13:47:07.457] [info] [thread 109956] [daheng_demo.cpp AddGain:437] 增益 -> 5.8 dB
[2026-10-07 13:47:07.497] [info] [thread 109956] [daheng_demo.cpp AddGain:437] 增益 -> 5.8999999999999995 dB
[2026-10-07 13:47:07.537] [info] [thread 109956] [daheng_demo.cpp AddGain:437] 增益 -> 6 dB
[2026-10-07 13:47:07.576] [info] [thread 109956] [daheng_demo.cpp AddGain:437] 增益 -> 6.1 dB
[2026-10-07 13:47:07.615] [info] [thread 109956] [daheng_demo.cpp AddGain:437] 增益 -> 6.199999999999999 dB
[2026-10-07 13:47:07.654] [info] [thread 109956] [daheng_demo.cpp AddGain:437] 增益 -> 6.3 dB
[2026-10-07 13:47:07.693] [info] [thread 109956] [daheng_demo.cpp AddGain:437] 增益 -> 6.3999999999999995 dB
[2026-10-07 13:47:07.732] [info] [thread 109956] [daheng_demo.cpp AddGain:437] 增益 -> 6.5 dB
[2026-10-07 13:47:07.772] [info] [thread 109956] [daheng_demo.cpp AddGain:437] 增益 -> 6.6 dB
[2026-10-07 13:47:07.815] [info] [thread 109956] [daheng_demo.cpp AddGain:437] 增益 -> 6.699999999999999 dB
[2026-10-07 13:47:07.856] [info] [thread 109956] [daheng_demo.cpp AddGain:437] 增益 -> 6.8 dB
[2026-10-07 13:47:07.895] [info] [thread 109956] [daheng_demo.cpp AddGain:437] 增益 -> 6.8999999999999995 dB
[2026-10-07 13:47:07.934] [info] [thread 109956] [daheng_demo.cpp AddGain:437] 增益 -> 7 dB
[2026-10-07 13:47:07.973] [info] [thread 109956] [daheng_demo.cpp AddGain:437] 增益 -> 7.1 dB
[2026-10-07 13:47:08.013] [info] [thread 109956] [daheng_demo.cpp AddGain:437] 增益 -> 7.199999999999999 dB
[2026-10-07 13:47:08.054] [info] [thread 109956] [daheng_demo.cpp AddGain:437] 增益 -> 7.3 dB
[2026-10-07 13:47:08.092] [info] [thread 109956] [daheng_demo.cpp AddGain:437] 增益 -> 7.3999999999999995 dB
[2026-10-07 13:47:08.133] [info] [thread 109956] [daheng_demo.cpp AddGain:437] 增益 -> 7.5 dB
[2026-10-07 13:47:08.174] [info] [thread 109956] [daheng_demo.cpp AddGain:437] 增益 -> 7.6 dB
[2026-10-07 13:47:08.213] [info] [thread 109956] [daheng_demo.cpp AddGain:437] 增益 -> 7.699999999999999 dB
[2026-10-07 13:47:08.251] [info] [thread 109956] [daheng_demo.cpp AddGain:437] 增益 -> 7.8 dB
[2026-10-07 13:47:08.291] [info] [thread 109956] [daheng_demo.cpp AddGain:437] 增益 -> 7.8999999999999995 dB
[2026-10-07 13:47:08.331] [info] [thread 109956] [daheng_demo.cpp AddGain:437] 增益 -> 8 dB
[2026-10-07 13:47:08.371] [info] [thread 109956] [daheng_demo.cpp AddGain:437] 增益 -> 8.1 dB
[2026-10-07 13:47:08.411] [info] [thread 109956] [daheng_demo.cpp AddGain:437] 增益 -> 8.2 dB
[2026-10-07 13:47:08.449] [info] [thread 109956] [daheng_demo.cpp AddGain:437] 增益 -> 8.299999999999999 dB
[2026-10-07 13:47:08.489] [info] [thread 109956] [daheng_demo.cpp AddGain:437] 增益 -> 8.4 dB
[2026-10-07 13:47:08.527] [info] [thread 109956] [daheng_demo.cpp AddGain:437] 增益 -> 8.5 dB
[2026-10-07 13:47:08.566] [info] [thread 109956] [daheng_demo.cpp AddGain:437] 增益 -> 8.6 dB
[2026-10-07 13:47:08.606] [info] [thread 109956] [daheng_demo.cpp AddGain:437] 增益 -> 8.7 dB
[2026-10-07 13:47:08.645] [info] [thread 109956] [daheng_demo.cpp AddGain:437] 增益 -> 8.799999999999999 dB
[2026-10-07 13:47:08.684] [info] [thread 109956] [daheng_demo.cpp AddGain:437] 增益 -> 8.9 dB
[2026-10-07 13:47:08.724] [info] [thread 109956] [daheng_demo.cpp AddGain:437] 增益 -> 9 dB
[2026-10-07 13:47:08.765] [info] [thread 109956] [daheng_demo.cpp AddGain:437] 增益 -> 9.1 dB
[2026-10-07 13:47:08.803] [info] [thread 109956] [daheng_demo.cpp AddGain:437] 增益 -> 9.2 dB
[2026-10-07 13:47:08.843] [info] [thread 109956] [daheng_demo.cpp AddGain:437] 增益 -> 9.299999999999999 dB
[2026-10-07 13:47:08.882] [info] [thread 109956] [daheng_demo.cpp AddGain:437] 增益 -> 9.4 dB
[2026-10-07 13:47:08.921] [info] [thread 109956] [daheng_demo.cpp AddGain:437] 增益 -> 9.5 dB
[2026-10-07 13:47:08.960] [info] [thread 109956] [daheng_demo.cpp AddGain:437] 增益 -> 9.6 dB
[2026-10-07 13:47:08.999] [info] [thread 109956] [daheng_demo.cpp AddGain:437] 增益 -> 9.7 dB
[2026-10-07 13:47:09.040] [info] [thread 109956] [daheng_demo.cpp AddGain:437] 增益 -> 9.799999999999999 dB
[2026-10-07 13:47:09.080] [info] [thread 109956] [daheng_demo.cpp AddGain:437] 增益 -> 9.9 dB
[2026-10-07 13:47:09.118] [info] [thread 109956] [daheng_demo.cpp AddGain:437] 增益 -> 10 dB
[2026-10-07 13:47:09.158] [info] [thread 109956] [daheng_demo.cpp AddGain:437] 增益 -> 10.1 dB
[2026-10-07 13:47:09.196] [info] [thread 109956] [daheng_demo.cpp AddGain:437] 增益 -> 10.2 dB
[2026-10-07 13:47:09.235] [info] [thread 109956] [daheng_demo.cpp AddGain:437] 增益 -> 10.299999999999999 dB
[2026-10-07 13:47:09.275] [info] [thread 109956] [daheng_demo.cpp AddGain:437] 增益 -> 10.4 dB
[2026-10-07 13:47:09.314] [info] [thread 109956] [daheng_demo.cpp AddGain:437] 增益 -> 10.5 dB
[2026-10-07 13:47:09.354] [info] [thread 109956] [daheng_demo.cpp AddGain:437] 增益 -> 10.6 dB
[2026-10-07 13:47:09.393] [info] [thread 109956] [daheng_demo.cpp AddGain:437] 增益 -> 10.7 dB
[2026-10-07 13:47:09.433] [info] [thread 109956] [daheng_demo.cpp AddGain:437] 增益 -> 10.799999999999999 dB
[2026-10-07 13:47:09.472] [info] [thread 109956] [daheng_demo.cpp AddGain:437] 增益 -> 10.9 dB
[2026-10-07 13:47:09.512] [info] [thread 109956] [daheng_demo.cpp AddGain:437] 增益 -> 11 dB
[2026-10-07 13:47:09.551] [info] [thread 109956] [daheng_demo.cpp AddGain:437] 增益 -> 11.1 dB
[2026-10-07 13:47:09.590] [info] [thread 109956] [daheng_demo.cpp AddGain:437] 增益 -> 11.2 dB
[2026-10-07 13:47:09.629] [info] [thread 109956] [daheng_demo.cpp AddGain:437] 增益 -> 11.299999999999999 dB
[2026-10-07 13:47:09.667] [info] [thread 109956] [daheng_demo.cpp AddGain:437] 增益 -> 11.4 dB
[2026-10-07 13:47:09.706] [info] [thread 109956] [daheng_demo.cpp AddGain:437] 增益 -> 11.5 dB
[2026-10-07 13:47:09.744] [info] [thread 109956] [daheng_demo.cpp AddGain:437] 增益 -> 11.6 dB
[2026-10-07 13:47:09.783] [info] [thread 109956] [daheng_demo.cpp AddGain:437] 增益 -> 11.7 dB
[2026-10-07 13:47:09.821] [info] [thread 109956] [daheng_demo.cpp AddGain:437] 增益 -> 11.799999999999999 dB
[2026-10-07 13:47:09.861] [info] [thread 109956] [daheng_demo.cpp AddGain:437] 增益 -> 11.9 dB
[2026-10-07 13:47:09.899] [info] [thread 109956] [daheng_demo.cpp AddGain:437] 增益 -> 12 dB
[2026-10-07 13:47:09.938] [info] [thread 109956] [daheng_demo.cpp AddGain:437] 增益 -> 12.1 dB
[2026-10-07 13:47:09.978] [info] [thread 109956] [daheng_demo.cpp AddGain:437] 增益 -> 12.2 dB
[2026-10-07 13:47:10.017] [info] [thread 109956] [daheng_demo.cpp AddGain:437] 增益 -> 12.299999999999999 dB
[2026-10-07 13:47:10.057] [info] [thread 109956] [daheng_demo.cpp AddGain:437] 增益 -> 12.4 dB
[2026-10-07 13:47:10.096] [info] [thread 109956] [daheng_demo.cpp AddGain:437] 增益 -> 12.5 dB
[2026-10-07 13:47:10.136] [info] [thread 109956] [daheng_demo.cpp AddGain:437] 增益 -> 12.6 dB
[2026-10-07 13:47:10.173] [info] [thread 109956] [daheng_demo.cpp AddGain:437] 增益 -> 12.7 dB
[2026-10-07 13:47:10.213] [info] [thread 109956] [daheng_demo.cpp AddGain:437] 增益 -> 12.799999999999999 dB
[2026-10-07 13:47:10.253] [info] [thread 109956] [daheng_demo.cpp AddGain:437] 增益 -> 12.9 dB
[2026-10-07 13:47:10.292] [info] [thread 109956] [daheng_demo.cpp AddGain:437] 增益 -> 13 dB
[2026-10-07 13:47:10.332] [info] [thread 109956] [daheng_demo.cpp AddGain:437] 增益 -> 13.1 dB
[2026-10-07 13:47:10.373] [info] [thread 109956] [daheng_demo.cpp AddGain:437] 增益 -> 13.2 dB
[2026-10-07 13:47:10.413] [info] [thread 109956] [daheng_demo.cpp AddGain:437] 增益 -> 13.299999999999999 dB
[2026-10-07 13:47:10.452] [info] [thread 109956] [daheng_demo.cpp AddGain:437] 增益 -> 13.4 dB
[2026-10-07 13:47:10.521] [info] [thread 109956] [daheng_demo.cpp AddGain:437] 增益 -> 13.3 dB
[2026-10-07 13:47:13.364] [info] [thread 109956] [daheng_demo.cpp AddExposureTime:413] 曝光时间 -> 2975 us
[2026-10-07 13:47:13.868] [info] [thread 109956] [daheng_demo.cpp AddExposureTime:413] 曝光时间 -> 2950 us
[2026-10-07 13:47:13.908] [info] [thread 109956] [daheng_demo.cpp AddExposureTime:413] 曝光时间 -> 2925 us
[2026-10-07 13:47:13.946] [info] [thread 109956] [daheng_demo.cpp AddExposureTime:413] 曝光时间 -> 2900 us
[2026-10-07 13:47:13.984] [info] [thread 109956] [daheng_demo.cpp AddExposureTime:413] 曝光时间 -> 2875 us
[2026-10-07 13:47:14.023] [info] [thread 109956] [daheng_demo.cpp AddExposureTime:413] 曝光时间 -> 2850 us
[2026-10-07 13:47:14.063] [info] [thread 109956] [daheng_demo.cpp AddExposureTime:413] 曝光时间 -> 2825 us
[2026-10-07 13:47:14.101] [info] [thread 109956] [daheng_demo.cpp AddExposureTime:413] 曝光时间 -> 2800 us
[2026-10-07 13:47:14.140] [info] [thread 109956] [daheng_demo.cpp AddExposureTime:413] 曝光时间 -> 2775 us
[2026-10-07 13:47:14.178] [info] [thread 109956] [daheng_demo.cpp AddExposureTime:413] 曝光时间 -> 2750 us
[2026-10-07 13:47:14.216] [info] [thread 109956] [daheng_demo.cpp AddExposureTime:413] 曝光时间 -> 2725 us
[2026-10-07 13:47:14.253] [info] [thread 109956] [daheng_demo.cpp AddExposureTime:413] 曝光时间 -> 2700 us
[2026-10-07 13:47:14.292] [info] [thread 109956] [daheng_demo.cpp AddExposureTime:413] 曝光时间 -> 2675 us
[2026-10-07 13:47:14.328] [info] [thread 109956] [daheng_demo.cpp AddExposureTime:413] 曝光时间 -> 2650 us
[2026-10-07 13:47:14.369] [info] [thread 109956] [daheng_demo.cpp AddExposureTime:413] 曝光时间 -> 2625 us
[2026-10-07 13:47:14.408] [info] [thread 109956] [daheng_demo.cpp AddExposureTime:413] 曝光时间 -> 2600 us
[2026-10-07 13:47:14.446] [info] [thread 109956] [daheng_demo.cpp AddExposureTime:413] 曝光时间 -> 2575 us
[2026-10-07 13:47:14.484] [info] [thread 109956] [daheng_demo.cpp AddExposureTime:413] 曝光时间 -> 2550 us
[2026-10-07 13:47:14.521] [info] [thread 109956] [daheng_demo.cpp AddExposureTime:413] 曝光时间 -> 2525 us
[2026-10-07 13:47:14.561] [info] [thread 109956] [daheng_demo.cpp AddExposureTime:413] 曝光时间 -> 2500 us
[2026-10-07 13:47:14.598] [info] [thread 109956] [daheng_demo.cpp AddExposureTime:413] 曝光时间 -> 2475 us
[2026-10-07 13:47:14.637] [info] [thread 109956] [daheng_demo.cpp AddExposureTime:413] 曝光时间 -> 2450 us
[2026-10-07 13:47:14.678] [info] [thread 109956] [daheng_demo.cpp AddExposureTime:413] 曝光时间 -> 2425 us
[2026-10-07 13:47:14.717] [info] [thread 109956] [daheng_demo.cpp AddExposureTime:413] 曝光时间 -> 2400 us
[2026-10-07 13:47:14.755] [info] [thread 109956] [daheng_demo.cpp AddExposureTime:413] 曝光时间 -> 2375 us
[2026-10-07 13:47:14.793] [info] [thread 109956] [daheng_demo.cpp AddExposureTime:413] 曝光时间 -> 2350 us
[2026-10-07 13:47:14.831] [info] [thread 109956] [daheng_demo.cpp AddExposureTime:413] 曝光时间 -> 2325 us
[2026-10-07 13:47:14.868] [info] [thread 109956] [daheng_demo.cpp AddExposureTime:413] 曝光时间 -> 2300 us
[2026-10-07 13:47:14.906] [info] [thread 109956] [daheng_demo.cpp AddExposureTime:413] 曝光时间 -> 2275 us
[2026-10-07 13:47:14.945] [info] [thread 109956] [daheng_demo.cpp AddExposureTime:413] 曝光时间 -> 2250 us
[2026-10-07 13:47:14.983] [info] [thread 109956] [daheng_demo.cpp AddExposureTime:413] 曝光时间 -> 2225 us
[2026-10-07 13:47:15.021] [info] [thread 109956] [daheng_demo.cpp AddExposureTime:413] 曝光时间 -> 2200 us
[2026-10-07 13:47:15.061] [info] [thread 109956] [daheng_demo.cpp AddExposureTime:413] 曝光时间 -> 2175 us
[2026-10-07 13:47:15.103] [info] [thread 109956] [daheng_demo.cpp AddExposureTime:413] 曝光时间 -> 2150 us
[2026-10-07 13:47:15.142] [info] [thread 109956] [daheng_demo.cpp AddExposureTime:413] 曝光时间 -> 2125 us
[2026-10-07 13:47:15.180] [info] [thread 109956] [daheng_demo.cpp AddExposureTime:413] 曝光时间 -> 2100 us
[2026-10-07 13:47:15.217] [info] [thread 109956] [daheng_demo.cpp AddExposureTime:413] 曝光时间 -> 2075 us
[2026-10-07 13:47:15.256] [info] [thread 109956] [daheng_demo.cpp AddExposureTime:413] 曝光时间 -> 2050 us
[2026-10-07 13:47:15.293] [info] [thread 109956] [daheng_demo.cpp AddExposureTime:413] 曝光时间 -> 2025 us
[2026-10-07 13:47:15.331] [info] [thread 109956] [daheng_demo.cpp AddExposureTime:413] 曝光时间 -> 2000 us
[2026-10-07 13:47:15.370] [info] [thread 109956] [daheng_demo.cpp AddExposureTime:413] 曝光时间 -> 1975 us
[2026-10-07 13:47:15.410] [info] [thread 109956] [daheng_demo.cpp AddExposureTime:413] 曝光时间 -> 1950 us
[2026-10-07 13:47:15.449] [info] [thread 109956] [daheng_demo.cpp AddExposureTime:413] 曝光时间 -> 1925 us
[2026-10-07 13:47:15.489] [info] [thread 109956] [daheng_demo.cpp AddExposureTime:413] 曝光时间 -> 1900 us
[2026-10-07 13:47:15.527] [info] [thread 109956] [daheng_demo.cpp AddExposureTime:413] 曝光时间 -> 1875 us
[2026-10-07 13:47:15.566] [info] [thread 109956] [daheng_demo.cpp AddExposureTime:413] 曝光时间 -> 1850 us
[2026-10-07 13:47:15.604] [info] [thread 109956] [daheng_demo.cpp AddExposureTime:413] 曝光时间 -> 1825 us
[2026-10-07 13:47:15.645] [info] [thread 109956] [daheng_demo.cpp AddExposureTime:413] 曝光时间 -> 1850 us
[2026-10-07 13:47:15.902] [info] [thread 109956] [daheng_demo.cpp AddExposureTime:413] 曝光时间 -> 1875 us
[2026-10-07 13:47:15.941] [info] [thread 109956] [daheng_demo.cpp AddExposureTime:413] 曝光时间 -> 1900 us
[2026-10-07 13:47:15.981] [info] [thread 109956] [daheng_demo.cpp AddExposureTime:413] 曝光时间 -> 1925 us
[2026-10-07 13:47:16.235] [info] [thread 109956] [daheng_demo.cpp AddExposureTime:413] 曝光时间 -> 1950 us
[2026-10-07 13:47:16.739] [info] [thread 109956] [daheng_demo.cpp AddExposureTime:413] 曝光时间 -> 1975 us
[2026-10-07 13:47:16.776] [info] [thread 109956] [daheng_demo.cpp AddExposureTime:413] 曝光时间 -> 2000 us
[2026-10-07 13:47:16.815] [info] [thread 109956] [daheng_demo.cpp AddExposureTime:413] 曝光时间 -> 2025 us
[2026-10-07 13:47:16.852] [info] [thread 109956] [daheng_demo.cpp AddExposureTime:413] 曝光时间 -> 2050 us
[2026-10-07 13:47:16.890] [info] [thread 109956] [daheng_demo.cpp AddExposureTime:413] 曝光时间 -> 2075 us
[2026-10-07 13:47:16.930] [info] [thread 109956] [daheng_demo.cpp AddExposureTime:413] 曝光时间 -> 2100 us
[2026-10-07 13:47:16.970] [info] [thread 109956] [daheng_demo.cpp AddExposureTime:413] 曝光时间 -> 2125 us
[2026-10-07 13:47:17.008] [info] [thread 109956] [daheng_demo.cpp AddExposureTime:413] 曝光时间 -> 2150 us
[2026-10-07 13:47:17.047] [info] [thread 109956] [daheng_demo.cpp AddExposureTime:413] 曝光时间 -> 2175 us
[2026-10-07 13:47:17.086] [info] [thread 109956] [daheng_demo.cpp AddExposureTime:413] 曝光时间 -> 2200 us
[2026-10-07 13:47:17.125] [info] [thread 109956] [daheng_demo.cpp AddExposureTime:413] 曝光时间 -> 2225 us
[2026-10-07 13:47:17.164] [info] [thread 109956] [daheng_demo.cpp AddExposureTime:413] 曝光时间 -> 2250 us
[2026-10-07 13:47:17.205] [info] [thread 109956] [daheng_demo.cpp AddExposureTime:413] 曝光时间 -> 2275 us
[2026-10-07 13:47:17.243] [info] [thread 109956] [daheng_demo.cpp AddExposureTime:413] 曝光时间 -> 2300 us
[2026-10-07 13:47:17.283] [info] [thread 109956] [daheng_demo.cpp AddExposureTime:413] 曝光时间 -> 2325 us
[2026-10-07 13:47:17.321] [info] [thread 109956] [daheng_demo.cpp AddExposureTime:413] 曝光时间 -> 2350 us
[2026-10-07 13:47:17.360] [info] [thread 109956] [daheng_demo.cpp AddExposureTime:413] 曝光时间 -> 2375 us
[2026-10-07 13:47:17.399] [info] [thread 109956] [daheng_demo.cpp AddExposureTime:413] 曝光时间 -> 2400 us
[2026-10-07 13:47:17.439] [info] [thread 109956] [daheng_demo.cpp AddExposureTime:413] 曝光时间 -> 2425 us
[2026-10-07 13:47:17.478] [info] [thread 109956] [daheng_demo.cpp AddExposureTime:413] 曝光时间 -> 2450 us
[2026-10-07 13:47:17.515] [info] [thread 109956] [daheng_demo.cpp AddExposureTime:413] 曝光时间 -> 2475 us
[2026-10-07 13:47:17.556] [info] [thread 109956] [daheng_demo.cpp AddExposureTime:413] 曝光时间 -> 2500 us
[2026-10-07 13:47:17.594] [info] [thread 109956] [daheng_demo.cpp AddExposureTime:413] 曝光时间 -> 2525 us
[2026-10-07 13:47:17.633] [info] [thread 109956] [daheng_demo.cpp AddExposureTime:413] 曝光时间 -> 2550 us
[2026-10-07 13:47:17.670] [info] [thread 109956] [daheng_demo.cpp AddExposureTime:413] 曝光时间 -> 2575 us
[2026-10-07 13:47:17.708] [info] [thread 109956] [daheng_demo.cpp AddExposureTime:413] 曝光时间 -> 2600 us
[2026-10-07 13:47:17.747] [info] [thread 109956] [daheng_demo.cpp AddExposureTime:413] 曝光时间 -> 2625 us
[2026-10-07 13:47:17.787] [info] [thread 109956] [daheng_demo.cpp AddExposureTime:413] 曝光时间 -> 2650 us
[2026-10-07 13:47:17.827] [info] [thread 109956] [daheng_demo.cpp AddExposureTime:413] 曝光时间 -> 2675 us
[2026-10-07 13:47:17.868] [info] [thread 109956] [daheng_demo.cpp AddExposureTime:413] 曝光时间 -> 2700 us
[2026-10-07 13:47:17.907] [info] [thread 109956] [daheng_demo.cpp AddExposureTime:413] 曝光时间 -> 2725 us
[2026-10-07 13:47:17.947] [info] [thread 109956] [daheng_demo.cpp AddExposureTime:413] 曝光时间 -> 2750 us
[2026-10-07 13:47:17.987] [info] [thread 109956] [daheng_demo.cpp AddExposureTime:413] 曝光时间 -> 2775 us
[2026-10-07 13:47:18.026] [info] [thread 109956] [daheng_demo.cpp AddExposureTime:413] 曝光时间 -> 2800 us
[2026-10-07 13:47:18.063] [info] [thread 109956] [daheng_demo.cpp AddExposureTime:413] 曝光时间 -> 2825 us
[2026-10-07 13:47:18.101] [info] [thread 109956] [daheng_demo.cpp AddExposureTime:413] 曝光时间 -> 2850 us
[2026-10-07 13:47:18.141] [info] [thread 109956] [daheng_demo.cpp AddExposureTime:413] 曝光时间 -> 2875 us
[2026-10-07 13:47:18.178] [info] [thread 109956] [daheng_demo.cpp AddExposureTime:413] 曝光时间 -> 2900 us
[2026-10-07 13:47:18.217] [info] [thread 109956] [daheng_demo.cpp AddExposureTime:413] 曝光时间 -> 2925 us
[2026-10-07 13:47:18.255] [info] [thread 109956] [daheng_demo.cpp AddExposureTime:413] 曝光时间 -> 2950 us
[2026-10-07 13:47:18.292] [info] [thread 109956] [daheng_demo.cpp AddExposureTime:413] 曝光时间 -> 2975 us
[2026-10-07 13:47:18.330] [info] [thread 109956] [daheng_demo.cpp AddExposureTime:413] 曝光时间 -> 3000 us
[2026-10-07 13:47:18.369] [info] [thread 109956] [daheng_demo.cpp AddExposureTime:413] 曝光时间 -> 3025 us
[2026-10-07 13:47:18.407] [info] [thread 109956] [daheng_demo.cpp AddExposureTime:413] 曝光时间 -> 3050 us
[2026-10-07 13:47:18.445] [info] [thread 109956] [daheng_demo.cpp AddExposureTime:413] 曝光时间 -> 3075 us
[2026-10-07 13:47:18.482] [info] [thread 109956] [daheng_demo.cpp AddExposureTime:413] 曝光时间 -> 3100 us
[2026-10-07 13:47:18.520] [info] [thread 109956] [daheng_demo.cpp AddExposureTime:413] 曝光时间 -> 3125 us
[2026-10-07 13:47:18.557] [info] [thread 109956] [daheng_demo.cpp AddExposureTime:413] 曝光时间 -> 3150 us
[2026-10-07 13:47:18.596] [info] [thread 109956] [daheng_demo.cpp AddExposureTime:413] 曝光时间 -> 3175 us
[2026-10-07 13:47:18.635] [info] [thread 109956] [daheng_demo.cpp AddExposureTime:413] 曝光时间 -> 3200 us
[2026-10-07 13:47:18.674] [info] [thread 109956] [daheng_demo.cpp AddExposureTime:413] 曝光时间 -> 3225 us
[2026-10-07 13:47:18.713] [info] [thread 109956] [daheng_demo.cpp AddExposureTime:413] 曝光时间 -> 3250 us
[2026-10-07 13:47:18.751] [info] [thread 109956] [daheng_demo.cpp AddExposureTime:413] 曝光时间 -> 3275 us
[2026-10-07 13:47:18.791] [info] [thread 109956] [daheng_demo.cpp AddExposureTime:413] 曝光时间 -> 3300 us
[2026-10-07 13:47:18.829] [info] [thread 109956] [daheng_demo.cpp AddExposureTime:413] 曝光时间 -> 3325 us
[2026-10-07 13:47:18.867] [info] [thread 109956] [daheng_demo.cpp AddExposureTime:413] 曝光时间 -> 3350 us
[2026-10-07 13:47:18.903] [info] [thread 109956] [daheng_demo.cpp AddExposureTime:413] 曝光时间 -> 3375 us
[2026-10-07 13:47:18.940] [info] [thread 109956] [daheng_demo.cpp AddExposureTime:413] 曝光时间 -> 3400 us
[2026-10-07 13:47:18.976] [info] [thread 109956] [daheng_demo.cpp AddExposureTime:413] 曝光时间 -> 3425 us
[2026-10-07 13:47:19.013] [info] [thread 109956] [daheng_demo.cpp AddExposureTime:413] 曝光时间 -> 3450 us
[2026-10-07 13:47:19.051] [info] [thread 109956] [daheng_demo.cpp AddExposureTime:413] 曝光时间 -> 3475 us
[2026-10-07 13:47:19.088] [info] [thread 109956] [daheng_demo.cpp AddExposureTime:413] 曝光时间 -> 3500 us
[2026-10-07 13:47:19.124] [info] [thread 109956] [daheng_demo.cpp AddExposureTime:413] 曝光时间 -> 3525 us
[2026-10-07 13:47:19.162] [info] [thread 109956] [daheng_demo.cpp AddExposureTime:413] 曝光时间 -> 3550 us
[2026-10-07 13:47:19.201] [info] [thread 109956] [daheng_demo.cpp AddExposureTime:413] 曝光时间 -> 3575 us
[2026-10-07 13:47:19.238] [info] [thread 109956] [daheng_demo.cpp AddExposureTime:413] 曝光时间 -> 3600 us
[2026-10-07 13:47:19.275] [info] [thread 109956] [daheng_demo.cpp AddExposureTime:413] 曝光时间 -> 3625 us
[2026-10-07 13:47:19.311] [info] [thread 109956] [daheng_demo.cpp AddExposureTime:413] 曝光时间 -> 3650 us
[2026-10-07 13:47:19.349] [info] [thread 109956] [daheng_demo.cpp AddExposureTime:413] 曝光时间 -> 3675 us
[2026-10-07 13:47:19.385] [info] [thread 109956] [daheng_demo.cpp AddExposureTime:413] 曝光时间 -> 3700 us
[2026-10-07 13:47:19.421] [info] [thread 109956] [daheng_demo.cpp AddExposureTime:413] 曝光时间 -> 3725 us
[2026-10-07 13:47:19.456] [info] [thread 109956] [daheng_demo.cpp AddExposureTime:413] 曝光时间 -> 3750 us
[2026-10-07 13:47:19.492] [info] [thread 109956] [daheng_demo.cpp AddExposureTime:413] 曝光时间 -> 3775 us
[2026-10-07 13:47:19.528] [info] [thread 109956] [daheng_demo.cpp AddExposureTime:413] 曝光时间 -> 3800 us
[2026-10-07 13:47:19.564] [info] [thread 109956] [daheng_demo.cpp AddExposureTime:413] 曝光时间 -> 3825 us
[2026-10-07 13:47:19.601] [info] [thread 109956] [daheng_demo.cpp AddExposureTime:413] 曝光时间 -> 3850 us
[2026-10-07 13:47:19.637] [info] [thread 109956] [daheng_demo.cpp AddExposureTime:413] 曝光时间 -> 3875 us
[2026-10-07 13:47:19.673] [info] [thread 109956] [daheng_demo.cpp AddExposureTime:413] 曝光时间 -> 3900 us
[2026-10-07 13:47:19.714] [info] [thread 109956] [daheng_demo.cpp AddExposureTime:413] 曝光时间 -> 3925 us
[2026-10-07 13:47:19.751] [info] [thread 109956] [daheng_demo.cpp AddExposureTime:413] 曝光时间 -> 3950 us
[2026-10-07 13:47:19.787] [info] [thread 109956] [daheng_demo.cpp AddExposureTime:413] 曝光时间 -> 3975 us
[2026-10-07 13:47:19.827] [info] [thread 109956] [daheng_demo.cpp AddExposureTime:413] 曝光时间 -> 4000 us
[2026-10-07 13:47:19.862] [info] [thread 109956] [daheng_demo.cpp AddExposureTime:413] 曝光时间 -> 4025 us
[2026-10-07 13:47:19.899] [info] [thread 109956] [daheng_demo.cpp AddExposureTime:413] 曝光时间 -> 4050 us
[2026-10-07 13:47:19.935] [info] [thread 109956] [daheng_demo.cpp AddExposureTime:413] 曝光时间 -> 4075 us
[2026-10-07 13:47:19.974] [info] [thread 109956] [daheng_demo.cpp AddExposureTime:413] 曝光时间 -> 4100 us
[2026-10-07 13:47:20.013] [info] [thread 109956] [daheng_demo.cpp AddExposureTime:413] 曝光时间 -> 4125 us
[2026-10-07 13:47:20.049] [info] [thread 109956] [daheng_demo.cpp AddExposureTime:413] 曝光时间 -> 4150 us
[2026-10-07 13:47:20.085] [info] [thread 109956] [daheng_demo.cpp AddExposureTime:413] 曝光时间 -> 4175 us
[2026-10-07 13:47:20.121] [info] [thread 109956] [daheng_demo.cpp AddExposureTime:413] 曝光时间 -> 4200 us
[2026-10-07 13:47:20.158] [info] [thread 109956] [daheng_demo.cpp AddExposureTime:413] 曝光时间 -> 4225 us
[2026-10-07 13:47:20.194] [info] [thread 109956] [daheng_demo.cpp AddExposureTime:413] 曝光时间 -> 4250 us
[2026-10-07 13:47:20.231] [info] [thread 109956] [daheng_demo.cpp AddExposureTime:413] 曝光时间 -> 4275 us
[2026-10-07 13:47:20.268] [info] [thread 109956] [daheng_demo.cpp AddExposureTime:413] 曝光时间 -> 4300 us
[2026-10-07 13:47:20.306] [info] [thread 109956] [daheng_demo.cpp AddExposureTime:413] 曝光时间 -> 4325 us
[2026-10-07 13:47:20.342] [info] [thread 109956] [daheng_demo.cpp AddExposureTime:413] 曝光时间 -> 4350 us
[2026-10-07 13:47:20.379] [info] [thread 109956] [daheng_demo.cpp AddExposureTime:413] 曝光时间 -> 4375 us
[2026-10-07 13:47:20.417] [info] [thread 109956] [daheng_demo.cpp AddExposureTime:413] 曝光时间 -> 4400 us
[2026-10-07 13:47:20.453] [info] [thread 109956] [daheng_demo.cpp AddExposureTime:413] 曝光时间 -> 4425 us
[2026-10-07 13:47:20.489] [info] [thread 109956] [daheng_demo.cpp AddExposureTime:413] 曝光时间 -> 4450 us
[2026-10-07 13:47:20.527] [info] [thread 109956] [daheng_demo.cpp AddExposureTime:413] 曝光时间 -> 4475 us
[2026-10-07 13:47:20.565] [info] [thread 109956] [daheng_demo.cpp AddExposureTime:413] 曝光时间 -> 4500 us
[2026-10-07 13:47:20.601] [info] [thread 109956] [daheng_demo.cpp AddExposureTime:413] 曝光时间 -> 4525 us
[2026-10-07 13:47:20.640] [info] [thread 109956] [daheng_demo.cpp AddExposureTime:413] 曝光时间 -> 4550 us
[2026-10-07 13:47:20.676] [info] [thread 109956] [daheng_demo.cpp AddExposureTime:413] 曝光时间 -> 4575 us
[2026-10-07 13:47:20.711] [info] [thread 109956] [daheng_demo.cpp AddExposureTime:413] 曝光时间 -> 4600 us
[2026-10-07 13:47:20.749] [info] [thread 109956] [daheng_demo.cpp AddExposureTime:413] 曝光时间 -> 4575 us
[2026-10-07 13:47:21.750] [info] [thread 109956] [daheng_demo.cpp AddExposureTime:413] 曝光时间 -> 4600 us
[2026-10-07 13:47:22.269] [info] [thread 109956] [daheng_demo.cpp AddExposureTime:413] 曝光时间 -> 4625 us
[2026-10-07 13:47:22.306] [info] [thread 109956] [daheng_demo.cpp AddExposureTime:413] 曝光时间 -> 4650 us
[2026-10-07 13:47:22.344] [info] [thread 109956] [daheng_demo.cpp AddExposureTime:413] 曝光时间 -> 4675 us
[2026-10-07 13:47:22.381] [info] [thread 109956] [daheng_demo.cpp AddExposureTime:413] 曝光时间 -> 4700 us
[2026-10-07 13:47:22.421] [info] [thread 109956] [daheng_demo.cpp AddExposureTime:413] 曝光时间 -> 4725 us
[2026-10-07 13:47:22.460] [info] [thread 109956] [daheng_demo.cpp AddExposureTime:413] 曝光时间 -> 4750 us
[2026-10-07 13:47:22.498] [info] [thread 109956] [daheng_demo.cpp AddExposureTime:413] 曝光时间 -> 4775 us
[2026-10-07 13:47:22.537] [info] [thread 109956] [daheng_demo.cpp AddExposureTime:413] 曝光时间 -> 4800 us
[2026-10-07 13:47:22.575] [info] [thread 109956] [daheng_demo.cpp AddExposureTime:413] 曝光时间 -> 4825 us
[2026-10-07 13:47:22.612] [info] [thread 109956] [daheng_demo.cpp AddExposureTime:413] 曝光时间 -> 4850 us
[2026-10-07 13:47:22.648] [info] [thread 109956] [daheng_demo.cpp AddExposureTime:413] 曝光时间 -> 4875 us
[2026-10-07 13:47:22.684] [info] [thread 109956] [daheng_demo.cpp AddExposureTime:413] 曝光时间 -> 4900 us
[2026-10-07 13:47:22.721] [info] [thread 109956] [daheng_demo.cpp AddExposureTime:413] 曝光时间 -> 4925 us
[2026-10-07 13:47:22.760] [info] [thread 109956] [daheng_demo.cpp AddExposureTime:413] 曝光时间 -> 4950 us
[2026-10-07 13:47:22.800] [info] [thread 109956] [daheng_demo.cpp AddExposureTime:413] 曝光时间 -> 4975 us
[2026-10-07 13:47:22.836] [info] [thread 109956] [daheng_demo.cpp AddExposureTime:413] 曝光时间 -> 5000 us
[2026-10-07 13:47:22.874] [info] [thread 109956] [daheng_demo.cpp AddExposureTime:413] 曝光时间 -> 5025 us
[2026-10-07 13:47:22.911] [info] [thread 109956] [daheng_demo.cpp AddExposureTime:413] 曝光时间 -> 5050 us
[2026-10-07 13:47:22.948] [info] [thread 109956] [daheng_demo.cpp AddExposureTime:413] 曝光时间 -> 5075 us
[2026-10-07 13:47:22.986] [info] [thread 109956] [daheng_demo.cpp AddExposureTime:413] 曝光时间 -> 5100 us
[2026-10-07 13:47:23.023] [info] [thread 109956] [daheng_demo.cpp AddExposureTime:413] 曝光时间 -> 5125 us
[2026-10-07 13:47:23.061] [info] [thread 109956] [daheng_demo.cpp AddExposureTime:413] 曝光时间 -> 5150 us
[2026-10-07 13:47:23.099] [info] [thread 109956] [daheng_demo.cpp AddExposureTime:413] 曝光时间 -> 5175 us
[2026-10-07 13:47:23.136] [info] [thread 109956] [daheng_demo.cpp AddExposureTime:413] 曝光时间 -> 5200 us
[2026-10-07 13:47:23.172] [info] [thread 109956] [daheng_demo.cpp AddExposureTime:413] 曝光时间 -> 5225 us
[2026-10-07 13:47:23.208] [info] [thread 109956] [daheng_demo.cpp AddExposureTime:413] 曝光时间 -> 5250 us
[2026-10-07 13:47:23.244] [info] [thread 109956] [daheng_demo.cpp AddExposureTime:413] 曝光时间 -> 5275 us
[2026-10-07 13:47:23.283] [info] [thread 109956] [daheng_demo.cpp AddExposureTime:413] 曝光时间 -> 5300 us
[2026-10-07 13:47:24.082] [info] [thread 109956] [daheng_demo.cpp AddExposureTime:413] 曝光时间 -> 5325 us
[2026-10-07 13:47:24.567] [info] [thread 109956] [daheng_demo.cpp AddExposureTime:413] 曝光时间 -> 5350 us
[2026-10-07 13:47:24.603] [info] [thread 109956] [daheng_demo.cpp AddExposureTime:413] 曝光时间 -> 5375 us
[2026-10-07 13:47:24.639] [info] [thread 109956] [daheng_demo.cpp AddExposureTime:413] 曝光时间 -> 5400 us
[2026-10-07 13:47:24.675] [info] [thread 109956] [daheng_demo.cpp AddExposureTime:413] 曝光时间 -> 5425 us
[2026-10-07 13:47:24.711] [info] [thread 109956] [daheng_demo.cpp AddExposureTime:413] 曝光时间 -> 5450 us
[2026-10-07 13:47:24.748] [info] [thread 109956] [daheng_demo.cpp AddExposureTime:413] 曝光时间 -> 5475 us
[2026-10-07 13:47:24.786] [info] [thread 109956] [daheng_demo.cpp AddExposureTime:413] 曝光时间 -> 5500 us
[2026-10-07 13:47:24.822] [info] [thread 109956] [daheng_demo.cpp AddExposureTime:413] 曝光时间 -> 5525 us
[2026-10-07 13:47:24.859] [info] [thread 109956] [daheng_demo.cpp AddExposureTime:413] 曝光时间 -> 5550 us
[2026-10-07 13:47:24.895] [info] [thread 109956] [daheng_demo.cpp AddExposureTime:413] 曝光时间 -> 5575 us
[2026-10-07 13:47:24.931] [info] [thread 109956] [daheng_demo.cpp AddExposureTime:413] 曝光时间 -> 5600 us
[2026-10-07 13:47:24.970] [info] [thread 109956] [daheng_demo.cpp AddExposureTime:413] 曝光时间 -> 5625 us
[2026-10-07 13:47:25.005] [info] [thread 109956] [daheng_demo.cpp AddExposureTime:413] 曝光时间 -> 5650 us
[2026-10-07 13:47:25.042] [info] [thread 109956] [daheng_demo.cpp AddExposureTime:413] 曝光时间 -> 5675 us
[2026-10-07 13:47:25.079] [info] [thread 109956] [daheng_demo.cpp AddExposureTime:413] 曝光时间 -> 5700 us
[2026-10-07 13:47:25.116] [info] [thread 109956] [daheng_demo.cpp AddExposureTime:413] 曝光时间 -> 5725 us
[2026-10-07 13:47:25.154] [info] [thread 109956] [daheng_demo.cpp AddExposureTime:413] 曝光时间 -> 5750 us
[2026-10-07 13:47:25.190] [info] [thread 109956] [daheng_demo.cpp AddExposureTime:413] 曝光时间 -> 5775 us
[2026-10-07 13:47:25.228] [info] [thread 109956] [daheng_demo.cpp AddExposureTime:413] 曝光时间 -> 5800 us
[2026-10-07 13:47:25.264] [info] [thread 109956] [daheng_demo.cpp AddExposureTime:413] 曝光时间 -> 5825 us
[2026-10-07 13:47:25.300] [info] [thread 109956] [daheng_demo.cpp AddExposureTime:413] 曝光时间 -> 5850 us
[2026-10-07 13:47:25.335] [info] [thread 109956] [daheng_demo.cpp AddExposureTime:413] 曝光时间 -> 5875 us
[2026-10-07 13:47:25.372] [info] [thread 109956] [daheng_demo.cpp AddExposureTime:413] 曝光时间 -> 5900 us
[2026-10-07 13:47:25.410] [info] [thread 109956] [daheng_demo.cpp AddExposureTime:413] 曝光时间 -> 5925 us
[2026-10-07 13:47:25.446] [info] [thread 109956] [daheng_demo.cpp AddExposureTime:413] 曝光时间 -> 5950 us
[2026-10-07 13:47:25.482] [info] [thread 109956] [daheng_demo.cpp AddExposureTime:413] 曝光时间 -> 5975 us
[2026-10-07 13:47:25.518] [info] [thread 109956] [daheng_demo.cpp AddExposureTime:413] 曝光时间 -> 6000 us
[2026-10-07 13:47:25.555] [info] [thread 109956] [daheng_demo.cpp AddExposureTime:413] 曝光时间 -> 6025 us
[2026-10-07 13:47:25.594] [info] [thread 109956] [daheng_demo.cpp AddExposureTime:413] 曝光时间 -> 6050 us
[2026-10-07 13:47:25.632] [info] [thread 109956] [daheng_demo.cpp AddExposureTime:413] 曝光时间 -> 6075 us
[2026-10-07 13:47:25.669] [info] [thread 109956] [daheng_demo.cpp AddExposureTime:413] 曝光时间 -> 6100 us
[2026-10-07 13:47:25.704] [info] [thread 109956] [daheng_demo.cpp AddExposureTime:413] 曝光时间 -> 6125 us
[2026-10-07 13:47:25.739] [info] [thread 109956] [daheng_demo.cpp AddExposureTime:413] 曝光时间 -> 6150 us
[2026-10-07 13:47:27.814] [info] [thread 109956] [daheng_demo.cpp AddExposureTime:413] 曝光时间 -> 6175 us
[2026-10-07 13:47:28.299] [info] [thread 109956] [daheng_demo.cpp AddExposureTime:413] 曝光时间 -> 6200 us
[2026-10-07 13:47:28.334] [info] [thread 109956] [daheng_demo.cpp AddExposureTime:413] 曝光时间 -> 6225 us
[2026-10-07 13:47:28.371] [info] [thread 109956] [daheng_demo.cpp AddExposureTime:413] 曝光时间 -> 6250 us
[2026-10-07 13:47:28.407] [info] [thread 109956] [daheng_demo.cpp AddExposureTime:413] 曝光时间 -> 6275 us
[2026-10-07 13:47:28.443] [info] [thread 109956] [daheng_demo.cpp AddExposureTime:413] 曝光时间 -> 6300 us
[2026-10-07 13:47:28.478] [info] [thread 109956] [daheng_demo.cpp AddExposureTime:413] 曝光时间 -> 6325 us
[2026-10-07 13:47:28.515] [info] [thread 109956] [daheng_demo.cpp AddExposureTime:413] 曝光时间 -> 6350 us
[2026-10-07 13:47:28.553] [info] [thread 109956] [daheng_demo.cpp AddExposureTime:413] 曝光时间 -> 6375 us
[2026-10-07 13:47:28.589] [info] [thread 109956] [daheng_demo.cpp AddExposureTime:413] 曝光时间 -> 6400 us
[2026-10-07 13:47:28.627] [info] [thread 109956] [daheng_demo.cpp AddExposureTime:413] 曝光时间 -> 6425 us
[2026-10-07 13:47:28.663] [info] [thread 109956] [daheng_demo.cpp AddExposureTime:413] 曝光时间 -> 6450 us
[2026-10-07 13:47:28.699] [info] [thread 109956] [daheng_demo.cpp AddExposureTime:413] 曝光时间 -> 6475 us
[2026-10-07 13:47:28.737] [info] [thread 109956] [daheng_demo.cpp AddExposureTime:413] 曝光时间 -> 6500 us
[2026-10-07 13:47:28.773] [info] [thread 109956] [daheng_demo.cpp AddExposureTime:413] 曝光时间 -> 6525 us
[2026-10-07 13:47:28.809] [info] [thread 109956] [daheng_demo.cpp AddExposureTime:413] 曝光时间 -> 6550 us
[2026-10-07 13:47:28.843] [info] [thread 109956] [daheng_demo.cpp AddExposureTime:413] 曝光时间 -> 6575 us
[2026-10-07 13:47:28.879] [info] [thread 109956] [daheng_demo.cpp AddExposureTime:413] 曝光时间 -> 6600 us
[2026-10-07 13:47:28.917] [info] [thread 109956] [daheng_demo.cpp AddExposureTime:413] 曝光时间 -> 6625 us
[2026-10-07 13:47:28.953] [info] [thread 109956] [daheng_demo.cpp AddExposureTime:413] 曝光时间 -> 6650 us
[2026-10-07 13:47:28.989] [info] [thread 109956] [daheng_demo.cpp AddExposureTime:413] 曝光时间 -> 6675 us
[2026-10-07 13:47:29.026] [info] [thread 109956] [daheng_demo.cpp AddExposureTime:413] 曝光时间 -> 6700 us
[2026-10-07 13:47:29.069] [info] [thread 109956] [daheng_demo.cpp AddExposureTime:413] 曝光时间 -> 6725 us
[2026-10-07 13:47:29.109] [info] [thread 109956] [daheng_demo.cpp AddExposureTime:413] 曝光时间 -> 6750 us
[2026-10-07 13:47:29.147] [info] [thread 109956] [daheng_demo.cpp AddExposureTime:413] 曝光时间 -> 6775 us
[2026-10-07 13:47:29.184] [info] [thread 109956] [daheng_demo.cpp AddExposureTime:413] 曝光时间 -> 6800 us
[2026-10-07 13:47:29.222] [info] [thread 109956] [daheng_demo.cpp AddExposureTime:413] 曝光时间 -> 6825 us
[2026-10-07 13:47:29.258] [info] [thread 109956] [daheng_demo.cpp AddExposureTime:413] 曝光时间 -> 6850 us
[2026-10-07 13:47:29.293] [info] [thread 109956] [daheng_demo.cpp AddExposureTime:413] 曝光时间 -> 6875 us
[2026-10-07 13:47:29.330] [info] [thread 109956] [daheng_demo.cpp AddExposureTime:413] 曝光时间 -> 6900 us
[2026-10-07 13:47:29.368] [info] [thread 109956] [daheng_demo.cpp AddExposureTime:413] 曝光时间 -> 6925 us
[2026-10-07 13:47:29.405] [info] [thread 109956] [daheng_demo.cpp AddExposureTime:413] 曝光时间 -> 6950 us
[2026-10-07 13:47:29.442] [info] [thread 109956] [daheng_demo.cpp AddExposureTime:413] 曝光时间 -> 6975 us
[2026-10-07 13:47:29.479] [info] [thread 109956] [daheng_demo.cpp AddExposureTime:413] 曝光时间 -> 7000 us
[2026-10-07 13:47:29.514] [info] [thread 109956] [daheng_demo.cpp AddExposureTime:413] 曝光时间 -> 7025 us
[2026-10-07 13:47:29.551] [info] [thread 109956] [daheng_demo.cpp AddExposureTime:413] 曝光时间 -> 7050 us
[2026-10-07 13:47:29.589] [info] [thread 109956] [daheng_demo.cpp AddExposureTime:413] 曝光时间 -> 7075 us
[2026-10-07 13:47:29.624] [info] [thread 109956] [daheng_demo.cpp AddExposureTime:413] 曝光时间 -> 7100 us
[2026-10-07 13:47:29.660] [info] [thread 109956] [daheng_demo.cpp AddExposureTime:413] 曝光时间 -> 7125 us
[2026-10-07 13:47:29.697] [info] [thread 109956] [daheng_demo.cpp AddExposureTime:413] 曝光时间 -> 7150 us
[2026-10-07 13:47:29.733] [info] [thread 109956] [daheng_demo.cpp AddExposureTime:413] 曝光时间 -> 7175 us
[2026-10-07 13:47:29.770] [info] [thread 109956] [daheng_demo.cpp AddExposureTime:413] 曝光时间 -> 7200 us
[2026-10-07 13:47:29.807] [info] [thread 109956] [daheng_demo.cpp AddExposureTime:413] 曝光时间 -> 7225 us
[2026-10-07 13:47:29.844] [info] [thread 109956] [daheng_demo.cpp AddExposureTime:413] 曝光时间 -> 7250 us
[2026-10-07 13:47:29.881] [info] [thread 109956] [daheng_demo.cpp AddExposureTime:413] 曝光时间 -> 7275 us
[2026-10-07 13:47:30.864] [info] [thread 109956] [daheng_demo.cpp AddExposureTime:413] 曝光时间 -> 7300 us
[2026-10-07 13:47:31.377] [info] [thread 109956] [daheng_demo.cpp AddExposureTime:413] 曝光时间 -> 7325 us
[2026-10-07 13:47:31.414] [info] [thread 109956] [daheng_demo.cpp AddExposureTime:413] 曝光时间 -> 7350 us
[2026-10-07 13:47:31.451] [info] [thread 109956] [daheng_demo.cpp AddExposureTime:413] 曝光时间 -> 7375 us
[2026-10-07 13:47:31.487] [info] [thread 109956] [daheng_demo.cpp AddExposureTime:413] 曝光时间 -> 7400 us
[2026-10-07 13:47:31.522] [info] [thread 109956] [daheng_demo.cpp AddExposureTime:413] 曝光时间 -> 7425 us
[2026-10-07 13:47:31.559] [info] [thread 109956] [daheng_demo.cpp AddExposureTime:413] 曝光时间 -> 7450 us
[2026-10-07 13:47:31.595] [info] [thread 109956] [daheng_demo.cpp AddExposureTime:413] 曝光时间 -> 7475 us
[2026-10-07 13:47:31.630] [info] [thread 109956] [daheng_demo.cpp AddExposureTime:413] 曝光时间 -> 7500 us
[2026-10-07 13:47:31.671] [info] [thread 109956] [daheng_demo.cpp AddExposureTime:413] 曝光时间 -> 7525 us
[2026-10-07 13:47:31.706] [info] [thread 109956] [daheng_demo.cpp AddExposureTime:413] 曝光时间 -> 7550 us
[2026-10-07 13:47:31.746] [info] [thread 109956] [daheng_demo.cpp AddExposureTime:413] 曝光时间 -> 7575 us
[2026-10-07 13:47:31.782] [info] [thread 109956] [daheng_demo.cpp AddExposureTime:413] 曝光时间 -> 7600 us
[2026-10-07 13:47:31.818] [info] [thread 109956] [daheng_demo.cpp AddExposureTime:413] 曝光时间 -> 7625 us
[2026-10-07 13:47:31.854] [info] [thread 109956] [daheng_demo.cpp AddExposureTime:413] 曝光时间 -> 7650 us
[2026-10-07 13:47:31.889] [info] [thread 109956] [daheng_demo.cpp AddExposureTime:413] 曝光时间 -> 7675 us
[2026-10-07 13:47:31.925] [info] [thread 109956] [daheng_demo.cpp AddExposureTime:413] 曝光时间 -> 7700 us
[2026-10-07 13:47:31.960] [info] [thread 109956] [daheng_demo.cpp AddExposureTime:413] 曝光时间 -> 7725 us
[2026-10-07 13:47:31.996] [info] [thread 109956] [daheng_demo.cpp AddExposureTime:413] 曝光时间 -> 7750 us
[2026-10-07 13:47:32.030] [info] [thread 109956] [daheng_demo.cpp AddExposureTime:413] 曝光时间 -> 7775 us
[2026-10-07 13:47:32.066] [info] [thread 109956] [daheng_demo.cpp AddExposureTime:413] 曝光时间 -> 7800 us
[2026-10-07 13:47:32.102] [info] [thread 109956] [daheng_demo.cpp AddExposureTime:413] 曝光时间 -> 7825 us
[2026-10-07 13:47:32.138] [info] [thread 109956] [daheng_demo.cpp AddExposureTime:413] 曝光时间 -> 7850 us
[2026-10-07 13:47:32.174] [info] [thread 109956] [daheng_demo.cpp AddExposureTime:413] 曝光时间 -> 7875 us
[2026-10-07 13:47:32.210] [info] [thread 109956] [daheng_demo.cpp AddExposureTime:413] 曝光时间 -> 7900 us
[2026-10-07 13:47:32.247] [info] [thread 109956] [daheng_demo.cpp AddExposureTime:413] 曝光时间 -> 7925 us
[2026-10-07 13:47:32.283] [info] [thread 109956] [daheng_demo.cpp AddExposureTime:413] 曝光时间 -> 7950 us
[2026-10-07 13:47:32.320] [info] [thread 109956] [daheng_demo.cpp AddExposureTime:413] 曝光时间 -> 7975 us
[2026-10-07 13:47:32.355] [info] [thread 109956] [daheng_demo.cpp AddExposureTime:413] 曝光时间 -> 8000 us
[2026-10-07 13:47:32.392] [info] [thread 109956] [daheng_demo.cpp AddExposureTime:413] 曝光时间 -> 8025 us
[2026-10-07 13:47:32.429] [info] [thread 109956] [daheng_demo.cpp AddExposureTime:413] 曝光时间 -> 8050 us
[2026-10-07 13:47:40.166] [info] [thread 109956] [daheng_demo.cpp AddGain:437] 增益 -> 13.4 dB
[2026-10-07 13:47:40.676] [info] [thread 109956] [daheng_demo.cpp AddGain:437] 增益 -> 13.5 dB
[2026-10-07 13:47:40.715] [info] [thread 109956] [daheng_demo.cpp AddGain:437] 增益 -> 13.6 dB
[2026-10-07 13:47:40.758] [info] [thread 109956] [daheng_demo.cpp AddGain:437] 增益 -> 13.7 dB
[2026-10-07 13:47:40.797] [info] [thread 109956] [daheng_demo.cpp AddGain:437] 增益 -> 13.799999999999999 dB
[2026-10-07 13:47:40.836] [info] [thread 109956] [daheng_demo.cpp AddGain:437] 增益 -> 13.9 dB
[2026-10-07 13:47:40.877] [info] [thread 109956] [daheng_demo.cpp AddGain:437] 增益 -> 14 dB
[2026-10-07 13:47:40.918] [info] [thread 109956] [daheng_demo.cpp AddGain:437] 增益 -> 14.1 dB
[2026-10-07 13:47:40.959] [info] [thread 109956] [daheng_demo.cpp AddGain:437] 增益 -> 14.2 dB
[2026-10-07 13:47:40.996] [info] [thread 109956] [daheng_demo.cpp AddGain:437] 增益 -> 14.299999999999999 dB
[2026-10-07 13:47:41.034] [info] [thread 109956] [daheng_demo.cpp AddGain:437] 增益 -> 14.4 dB
[2026-10-07 13:47:41.071] [info] [thread 109956] [daheng_demo.cpp AddGain:437] 增益 -> 14.5 dB
[2026-10-07 13:47:41.109] [info] [thread 109956] [daheng_demo.cpp AddGain:437] 增益 -> 14.6 dB
[2026-10-07 13:47:42.079] [info] [thread 109956] [daheng_demo.cpp AddGain:437] 增益 -> 14.5 dB
[2026-10-07 13:47:42.584] [info] [thread 109956] [daheng_demo.cpp AddGain:437] 增益 -> 14.4 dB
[2026-10-07 13:47:42.621] [info] [thread 109956] [daheng_demo.cpp AddGain:437] 增益 -> 14.3 dB
[2026-10-07 13:47:42.657] [info] [thread 109956] [daheng_demo.cpp AddGain:437] 增益 -> 14.200000000000001 dB
[2026-10-07 13:47:42.695] [info] [thread 109956] [daheng_demo.cpp AddGain:437] 增益 -> 14.1 dB
[2026-10-07 13:47:42.730] [info] [thread 109956] [daheng_demo.cpp AddGain:437] 增益 -> 14 dB
[2026-10-07 13:47:42.766] [info] [thread 109956] [daheng_demo.cpp AddGain:437] 增益 -> 13.9 dB
[2026-10-07 13:47:42.803] [info] [thread 109956] [daheng_demo.cpp AddGain:437] 增益 -> 13.8 dB
[2026-10-07 13:47:42.842] [info] [thread 109956] [daheng_demo.cpp AddGain:437] 增益 -> 13.700000000000001 dB
[2026-10-07 13:47:42.880] [info] [thread 109956] [daheng_demo.cpp AddGain:437] 增益 -> 13.6 dB
[2026-10-07 13:47:42.918] [info] [thread 109956] [daheng_demo.cpp AddGain:437] 增益 -> 13.5 dB
[2026-10-07 13:47:42.959] [info] [thread 109956] [daheng_demo.cpp AddGain:437] 增益 -> 13.4 dB
[2026-10-07 13:48:20.298] [info] [thread 109956] [daheng_demo.cpp AddExposureTime:413] 曝光时间 -> 8075 us
[2026-10-07 13:48:20.799] [info] [thread 109956] [daheng_demo.cpp AddExposureTime:413] 曝光时间 -> 8100 us
[2026-10-07 13:48:20.836] [info] [thread 109956] [daheng_demo.cpp AddExposureTime:413] 曝光时间 -> 8125 us
[2026-10-07 13:48:20.874] [info] [thread 109956] [daheng_demo.cpp AddExposureTime:413] 曝光时间 -> 8150 us
[2026-10-07 13:48:20.913] [info] [thread 109956] [daheng_demo.cpp AddExposureTime:413] 曝光时间 -> 8175 us
[2026-10-07 13:48:20.952] [info] [thread 109956] [daheng_demo.cpp AddExposureTime:413] 曝光时间 -> 8200 us
[2026-10-07 13:48:20.990] [info] [thread 109956] [daheng_demo.cpp AddExposureTime:413] 曝光时间 -> 8225 us
[2026-10-07 13:48:21.029] [info] [thread 109956] [daheng_demo.cpp AddExposureTime:413] 曝光时间 -> 8250 us
[2026-10-07 13:48:21.070] [info] [thread 109956] [daheng_demo.cpp AddExposureTime:413] 曝光时间 -> 8275 us
[2026-10-07 13:48:21.108] [info] [thread 109956] [daheng_demo.cpp AddExposureTime:413] 曝光时间 -> 8300 us
[2026-10-07 13:48:21.148] [info] [thread 109956] [daheng_demo.cpp AddExposureTime:413] 曝光时间 -> 8325 us
[2026-10-07 13:48:21.188] [info] [thread 109956] [daheng_demo.cpp AddExposureTime:413] 曝光时间 -> 8350 us
[2026-10-07 13:48:21.225] [info] [thread 109956] [daheng_demo.cpp AddExposureTime:413] 曝光时间 -> 8375 us
[2026-10-07 13:48:21.266] [info] [thread 109956] [daheng_demo.cpp AddExposureTime:413] 曝光时间 -> 8400 us
[2026-10-07 13:48:21.306] [info] [thread 109956] [daheng_demo.cpp AddExposureTime:413] 曝光时间 -> 8425 us
[2026-10-07 13:48:21.346] [info] [thread 109956] [daheng_demo.cpp AddExposureTime:413] 曝光时间 -> 8450 us
[2026-10-07 13:48:21.385] [info] [thread 109956] [daheng_demo.cpp AddExposureTime:413] 曝光时间 -> 8475 us
[2026-10-07 13:48:21.424] [info] [thread 109956] [daheng_demo.cpp AddExposureTime:413] 曝光时间 -> 8500 us
[2026-10-07 13:48:21.463] [info] [thread 109956] [daheng_demo.cpp AddExposureTime:413] 曝光时间 -> 8525 us
[2026-10-07 13:48:21.501] [info] [thread 109956] [daheng_demo.cpp AddExposureTime:413] 曝光时间 -> 8550 us
[2026-10-07 13:48:21.540] [info] [thread 109956] [daheng_demo.cpp AddExposureTime:413] 曝光时间 -> 8575 us
[2026-10-07 13:48:21.578] [info] [thread 109956] [daheng_demo.cpp AddExposureTime:413] 曝光时间 -> 8600 us
[2026-10-07 13:48:21.622] [info] [thread 109956] [daheng_demo.cpp AddExposureTime:413] 曝光时间 -> 8625 us
[2026-10-07 13:48:21.661] [info] [thread 109956] [daheng_demo.cpp AddExposureTime:413] 曝光时间 -> 8650 us
[2026-10-07 13:48:21.701] [info] [thread 109956] [daheng_demo.cpp AddExposureTime:413] 曝光时间 -> 8675 us
[2026-10-07 13:48:21.741] [info] [thread 109956] [daheng_demo.cpp AddExposureTime:413] 曝光时间 -> 8700 us
[2026-10-07 13:48:21.786] [info] [thread 109956] [daheng_demo.cpp AddExposureTime:413] 曝光时间 -> 8725 us
[2026-10-07 13:48:21.824] [info] [thread 109956] [daheng_demo.cpp AddExposureTime:413] 曝光时间 -> 8750 us
[2026-10-07 13:48:21.861] [info] [thread 109956] [daheng_demo.cpp AddExposureTime:413] 曝光时间 -> 8775 us
[2026-10-07 13:48:21.900] [info] [thread 109956] [daheng_demo.cpp AddExposureTime:413] 曝光时间 -> 8800 us
[2026-10-07 13:48:21.938] [info] [thread 109956] [daheng_demo.cpp AddExposureTime:413] 曝光时间 -> 8825 us
[2026-10-07 13:48:21.975] [info] [thread 109956] [daheng_demo.cpp AddExposureTime:413] 曝光时间 -> 8850 us
[2026-10-07 13:48:22.013] [info] [thread 109956] [daheng_demo.cpp AddExposureTime:413] 曝光时间 -> 8875 us
[2026-10-07 13:48:22.055] [info] [thread 109956] [daheng_demo.cpp AddExposureTime:413] 曝光时间 -> 8900 us
[2026-10-07 13:48:22.093] [info] [thread 109956] [daheng_demo.cpp AddExposureTime:413] 曝光时间 -> 8925 us
[2026-10-07 13:48:22.131] [info] [thread 109956] [daheng_demo.cpp AddExposureTime:413] 曝光时间 -> 8950 us
[2026-10-07 13:48:22.169] [info] [thread 109956] [daheng_demo.cpp AddExposureTime:413] 曝光时间 -> 8975 us
[2026-10-07 13:48:22.209] [info] [thread 109956] [daheng_demo.cpp AddExposureTime:413] 曝光时间 -> 9000 us
[2026-10-07 13:48:22.246] [info] [thread 109956] [daheng_demo.cpp AddExposureTime:413] 曝光时间 -> 9025 us
[2026-10-07 13:48:22.284] [info] [thread 109956] [daheng_demo.cpp AddExposureTime:413] 曝光时间 -> 9050 us
[2026-10-07 13:48:22.322] [info] [thread 109956] [daheng_demo.cpp AddExposureTime:413] 曝光时间 -> 9075 us
[2026-10-07 13:48:22.362] [info] [thread 109956] [daheng_demo.cpp AddExposureTime:413] 曝光时间 -> 9100 us
[2026-10-07 13:48:22.400] [info] [thread 109956] [daheng_demo.cpp AddExposureTime:413] 曝光时间 -> 9125 us
[2026-10-07 13:48:22.439] [info] [thread 109956] [daheng_demo.cpp AddExposureTime:413] 曝光时间 -> 9150 us
[2026-10-07 13:48:22.479] [info] [thread 109956] [daheng_demo.cpp AddExposureTime:413] 曝光时间 -> 9175 us
[2026-10-07 13:48:22.518] [info] [thread 109956] [daheng_demo.cpp AddExposureTime:413] 曝光时间 -> 9200 us
[2026-10-07 13:48:22.559] [info] [thread 109956] [daheng_demo.cpp AddExposureTime:413] 曝光时间 -> 9225 us
[2026-10-07 13:48:22.598] [info] [thread 109956] [daheng_demo.cpp AddExposureTime:413] 曝光时间 -> 9250 us
[2026-10-07 13:48:22.636] [info] [thread 109956] [daheng_demo.cpp AddExposureTime:413] 曝光时间 -> 9275 us
[2026-10-07 13:48:22.673] [info] [thread 109956] [daheng_demo.cpp AddExposureTime:413] 曝光时间 -> 9300 us
[2026-10-07 13:48:22.712] [info] [thread 109956] [daheng_demo.cpp AddExposureTime:413] 曝光时间 -> 9325 us
[2026-10-07 13:48:22.753] [info] [thread 109956] [daheng_demo.cpp AddExposureTime:413] 曝光时间 -> 9350 us
[2026-10-07 13:48:22.791] [info] [thread 109956] [daheng_demo.cpp AddExposureTime:413] 曝光时间 -> 9375 us
[2026-10-07 13:48:22.831] [info] [thread 109956] [daheng_demo.cpp AddExposureTime:413] 曝光时间 -> 9400 us
[2026-10-07 13:48:22.868] [info] [thread 109956] [daheng_demo.cpp AddExposureTime:413] 曝光时间 -> 9425 us
[2026-10-07 13:48:22.907] [info] [thread 109956] [daheng_demo.cpp AddExposureTime:413] 曝光时间 -> 9450 us
[2026-10-07 13:48:22.946] [info] [thread 109956] [daheng_demo.cpp AddExposureTime:413] 曝光时间 -> 9475 us
[2026-10-07 13:48:22.986] [info] [thread 109956] [daheng_demo.cpp AddExposureTime:413] 曝光时间 -> 9500 us
[2026-10-07 13:48:23.024] [info] [thread 109956] [daheng_demo.cpp AddExposureTime:413] 曝光时间 -> 9525 us
[2026-10-07 13:48:23.063] [info] [thread 109956] [daheng_demo.cpp AddExposureTime:413] 曝光时间 -> 9550 us
[2026-10-07 13:48:23.104] [info] [thread 109956] [daheng_demo.cpp AddExposureTime:413] 曝光时间 -> 9575 us
[2026-10-07 13:48:23.143] [info] [thread 109956] [daheng_demo.cpp AddExposureTime:413] 曝光时间 -> 9600 us
[2026-10-07 13:48:23.182] [info] [thread 109956] [daheng_demo.cpp AddExposureTime:413] 曝光时间 -> 9625 us
[2026-10-07 13:48:23.220] [info] [thread 109956] [daheng_demo.cpp AddExposureTime:413] 曝光时间 -> 9650 us
[2026-10-07 13:48:23.258] [info] [thread 109956] [daheng_demo.cpp AddExposureTime:413] 曝光时间 -> 9675 us
[2026-10-07 13:48:23.298] [info] [thread 109956] [daheng_demo.cpp AddExposureTime:413] 曝光时间 -> 9700 us
[2026-10-07 13:48:23.335] [info] [thread 109956] [daheng_demo.cpp AddExposureTime:413] 曝光时间 -> 9725 us
[2026-10-07 13:48:23.373] [info] [thread 109956] [daheng_demo.cpp AddExposureTime:413] 曝光时间 -> 9750 us
[2026-10-07 13:48:23.410] [info] [thread 109956] [daheng_demo.cpp AddExposureTime:413] 曝光时间 -> 9775 us
[2026-10-07 13:48:23.447] [info] [thread 109956] [daheng_demo.cpp AddExposureTime:413] 曝光时间 -> 9800 us
[2026-10-07 13:48:23.485] [info] [thread 109956] [daheng_demo.cpp AddExposureTime:413] 曝光时间 -> 9825 us
[2026-10-07 13:48:23.524] [info] [thread 109956] [daheng_demo.cpp AddExposureTime:413] 曝光时间 -> 9850 us
[2026-10-07 13:48:23.562] [info] [thread 109956] [daheng_demo.cpp AddExposureTime:413] 曝光时间 -> 9875 us
[2026-10-07 13:48:23.604] [info] [thread 109956] [daheng_demo.cpp AddExposureTime:413] 曝光时间 -> 9900 us
[2026-10-07 13:48:23.641] [info] [thread 109956] [daheng_demo.cpp AddExposureTime:413] 曝光时间 -> 9925 us
[2026-10-07 13:48:23.680] [info] [thread 109956] [daheng_demo.cpp AddExposureTime:413] 曝光时间 -> 9950 us
[2026-10-07 13:48:23.719] [info] [thread 109956] [daheng_demo.cpp AddExposureTime:413] 曝光时间 -> 9975 us
[2026-10-07 13:48:23.758] [info] [thread 109956] [daheng_demo.cpp AddExposureTime:413] 曝光时间 -> 10000 us
[2026-10-07 13:48:23.796] [info] [thread 109956] [daheng_demo.cpp AddExposureTime:413] 曝光时间 -> 10000 us
[2026-10-07 13:48:23.833] [info] [thread 109956] [daheng_demo.cpp AddExposureTime:413] 曝光时间 -> 10000 us
[2026-10-07 13:48:23.872] [info] [thread 109956] [daheng_demo.cpp AddExposureTime:413] 曝光时间 -> 10000 us
[2026-10-07 13:48:23.908] [info] [thread 109956] [daheng_demo.cpp AddExposureTime:413] 曝光时间 -> 10000 us
[2026-10-07 13:48:23.946] [info] [thread 109956] [daheng_demo.cpp AddExposureTime:413] 曝光时间 -> 10000 us
[2026-10-07 13:48:23.984] [info] [thread 109956] [daheng_demo.cpp AddExposureTime:413] 曝光时间 -> 10000 us
[2026-10-07 13:48:24.023] [info] [thread 109956] [daheng_demo.cpp AddExposureTime:413] 曝光时间 -> 10000 us
[2026-10-07 13:48:24.061] [info] [thread 109956] [daheng_demo.cpp AddExposureTime:413] 曝光时间 -> 10000 us
[2026-10-07 13:48:24.099] [info] [thread 109956] [daheng_demo.cpp AddExposureTime:413] 曝光时间 -> 10000 us
[2026-10-07 13:48:24.136] [info] [thread 109956] [daheng_demo.cpp AddExposureTime:413] 曝光时间 -> 10000 us
[2026-10-07 13:48:24.173] [info] [thread 109956] [daheng_demo.cpp AddExposureTime:413] 曝光时间 -> 10000 us
[2026-10-07 13:48:24.212] [info] [thread 109956] [daheng_demo.cpp AddExposureTime:413] 曝光时间 -> 10000 us
[2026-10-07 13:48:24.251] [info] [thread 109956] [daheng_demo.cpp AddExposureTime:413] 曝光时间 -> 10000 us
[2026-10-07 13:48:24.288] [info] [thread 109956] [daheng_demo.cpp AddExposureTime:413] 曝光时间 -> 10000 us
[2026-10-07 13:48:24.326] [info] [thread 109956] [daheng_demo.cpp AddExposureTime:413] 曝光时间 -> 10000 us
[2026-10-07 13:48:24.363] [info] [thread 109956] [daheng_demo.cpp AddExposureTime:413] 曝光时间 -> 10000 us
[2026-10-07 13:48:24.401] [info] [thread 109956] [daheng_demo.cpp AddExposureTime:413] 曝光时间 -> 10000 us
[2026-10-07 13:48:24.436] [info] [thread 109956] [daheng_demo.cpp AddExposureTime:413] 曝光时间 -> 10000 us
[2026-10-07 13:48:24.474] [info] [thread 109956] [daheng_demo.cpp AddExposureTime:413] 曝光时间 -> 10000 us
[2026-10-07 13:48:24.512] [info] [thread 109956] [daheng_demo.cpp AddExposureTime:413] 曝光时间 -> 10000 us
[2026-10-07 13:48:24.551] [info] [thread 109956] [daheng_demo.cpp AddExposureTime:413] 曝光时间 -> 10000 us
[2026-10-07 13:48:24.588] [info] [thread 109956] [daheng_demo.cpp AddExposureTime:413] 曝光时间 -> 10000 us
[2026-10-07 13:48:24.626] [info] [thread 109956] [daheng_demo.cpp AddExposureTime:413] 曝光时间 -> 10000 us
[2026-10-07 13:48:24.662] [info] [thread 109956] [daheng_demo.cpp AddExposureTime:413] 曝光时间 -> 10000 us
[2026-10-07 13:48:24.699] [info] [thread 109956] [daheng_demo.cpp AddExposureTime:413] 曝光时间 -> 10000 us
[2026-10-07 13:48:24.735] [info] [thread 109956] [daheng_demo.cpp AddExposureTime:413] 曝光时间 -> 10000 us
[2026-10-07 13:48:24.773] [info] [thread 109956] [daheng_demo.cpp AddExposureTime:413] 曝光时间 -> 10000 us
[2026-10-07 13:48:24.811] [info] [thread 109956] [daheng_demo.cpp AddExposureTime:413] 曝光时间 -> 10000 us
[2026-10-07 13:48:24.849] [info] [thread 109956] [daheng_demo.cpp AddExposureTime:413] 曝光时间 -> 10000 us
[2026-10-07 13:48:24.885] [info] [thread 109956] [daheng_demo.cpp AddExposureTime:413] 曝光时间 -> 10000 us
[2026-10-07 13:48:24.922] [info] [thread 109956] [daheng_demo.cpp AddExposureTime:413] 曝光时间 -> 10000 us
[2026-10-07 13:49:44.869] [info] [thread 109956] [daheng_demo.cpp main:818] 相机已关闭
[2026-10-07 13:53:27.582] [info] [thread 110398] [daheng_demo.cpp main:483] daheng_demo 启动
[2026-10-07 13:53:27.606] [debug] [thread 110398] [daheng_demo.cpp main:488] GXInitLib status = 0
[2026-10-07 13:53:28.617] [info] [thread 110398] [daheng_demo.cpp EnumerateDevices:356] 共找到 1 台设备:
[2026-10-07 13:53:28.617] [info] [thread 110398] [daheng_demo.cpp EnumerateDevices:368]   [1] 型号: MER2-230-168U3C  序列号: FDE25070188
[2026-10-07 13:53:29.760] [info] [thread 110398] [daheng_demo.cpp main:526] 打开相机 FDE25070188 成功
[2026-10-07 13:53:29.792] [info] [thread 110398] [daheng_demo.cpp operator():560] ExposureTime 初始值 10000 -> 3000
[2026-10-07 13:53:29.806] [info] [thread 110398] [daheng_demo.cpp operator():560] Gain 初始值 13.4 -> 0
[2026-10-07 13:53:29.807] [warning] [thread 110398] [daheng_demo.cpp operator():548] 读取 Gamma 失败: {-8}{DoGetFloatRange:line[285]}{Node is not available. : AccessException thrown in node 'Gamma' while calling 'Gamma.GetMin()' (file 'FloatT.h', line 363)}
[2026-10-07 13:53:29.836] [info] [thread 110398] [daheng_demo.cpp main:606] 分辨率 1920x1200
[2026-10-07 13:53:29.839] [info] [thread 110398] [daheng_demo.cpp main:641] Bayer PixelColorFilter = 1，转换输出 BGR
[2026-10-07 13:53:29.888] [info] [thread 110398] [daheng_demo.cpp main:672] YOLO 模型加载成功: /home/zhongchengyi/Desktop/desktop/RM/runs/detect/train-3/weights/best.onnx
[2026-10-07 13:53:29.888] [info] [thread 110398] [daheng_demo.cpp main:682] 取流开始,按 e/d 调曝光、a/q 调增益、s/w 调伽马、ESC 退出
[2026-10-07 13:53:33.139] [info] [thread 110398] [daheng_demo.cpp AddGain:437] 增益 -> 0 dB
[2026-10-07 13:53:33.636] [info] [thread 110398] [daheng_demo.cpp AddGain:437] 增益 -> 0 dB
[2026-10-07 13:53:33.694] [info] [thread 110398] [daheng_demo.cpp AddGain:437] 增益 -> 0 dB
[2026-10-07 13:53:33.751] [info] [thread 110398] [daheng_demo.cpp AddGain:437] 增益 -> 0 dB
[2026-10-07 13:53:33.810] [info] [thread 110398] [daheng_demo.cpp AddGain:437] 增益 -> 0 dB
[2026-10-07 13:53:33.866] [info] [thread 110398] [daheng_demo.cpp AddGain:437] 增益 -> 0 dB
[2026-10-07 13:53:33.924] [info] [thread 110398] [daheng_demo.cpp AddGain:437] 增益 -> 0 dB
[2026-10-07 13:53:33.982] [info] [thread 110398] [daheng_demo.cpp AddGain:437] 增益 -> 0 dB
[2026-10-07 13:53:34.046] [info] [thread 110398] [daheng_demo.cpp AddGain:437] 增益 -> 0 dB
[2026-10-07 13:53:34.102] [info] [thread 110398] [daheng_demo.cpp AddGain:437] 增益 -> 0 dB
[2026-10-07 13:53:34.160] [info] [thread 110398] [daheng_demo.cpp AddGain:437] 增益 -> 0 dB
[2026-10-07 13:53:34.210] [info] [thread 110398] [daheng_demo.cpp AddGain:437] 增益 -> 0 dB
[2026-10-07 13:53:34.259] [info] [thread 110398] [daheng_demo.cpp AddGain:437] 增益 -> 0 dB
[2026-10-07 13:53:34.317] [info] [thread 110398] [daheng_demo.cpp AddGain:437] 增益 -> 0 dB
[2026-10-07 13:53:34.367] [info] [thread 110398] [daheng_demo.cpp AddGain:437] 增益 -> 0 dB
[2026-10-07 13:53:34.415] [info] [thread 110398] [daheng_demo.cpp AddGain:437] 增益 -> 0 dB
[2026-10-07 13:53:34.474] [info] [thread 110398] [daheng_demo.cpp AddGain:437] 增益 -> 0 dB
[2026-10-07 13:53:34.533] [info] [thread 110398] [daheng_demo.cpp AddGain:437] 增益 -> 0 dB
[2026-10-07 13:53:34.590] [info] [thread 110398] [daheng_demo.cpp AddGain:437] 增益 -> 0 dB
[2026-10-07 13:53:34.658] [info] [thread 110398] [daheng_demo.cpp AddGain:437] 增益 -> 0 dB
[2026-10-07 13:53:34.715] [info] [thread 110398] [daheng_demo.cpp AddGain:437] 增益 -> 0 dB
[2026-10-07 13:53:34.764] [info] [thread 110398] [daheng_demo.cpp AddGain:437] 增益 -> 0 dB
[2026-10-07 13:53:34.812] [info] [thread 110398] [daheng_demo.cpp AddGain:437] 增益 -> 0 dB
[2026-10-07 13:53:34.871] [info] [thread 110398] [daheng_demo.cpp AddGain:437] 增益 -> 0 dB
[2026-10-07 13:53:34.928] [info] [thread 110398] [daheng_demo.cpp AddGain:437] 增益 -> 0 dB
[2026-10-07 13:53:34.986] [info] [thread 110398] [daheng_demo.cpp AddGain:437] 增益 -> 0 dB
[2026-10-07 13:53:35.044] [info] [thread 110398] [daheng_demo.cpp AddGain:437] 增益 -> 0 dB
[2026-10-07 13:53:35.101] [info] [thread 110398] [daheng_demo.cpp AddGain:437] 增益 -> 0 dB
[2026-10-07 13:53:35.157] [info] [thread 110398] [daheng_demo.cpp AddGain:437] 增益 -> 0.1 dB
[2026-10-07 13:53:35.214] [info] [thread 110398] [daheng_demo.cpp AddGain:437] 增益 -> 0.2 dB
[2026-10-07 13:53:35.270] [info] [thread 110398] [daheng_demo.cpp AddGain:437] 增益 -> 0.30000000000000004 dB
[2026-10-07 13:53:35.328] [info] [thread 110398] [daheng_demo.cpp AddGain:437] 增益 -> 0.4 dB
[2026-10-07 13:53:35.386] [info] [thread 110398] [daheng_demo.cpp AddGain:437] 增益 -> 0.5 dB
[2026-10-07 13:53:35.445] [info] [thread 110398] [daheng_demo.cpp AddGain:437] 增益 -> 0.6 dB
[2026-10-07 13:53:35.504] [info] [thread 110398] [daheng_demo.cpp AddGain:437] 增益 -> 0.7 dB
[2026-10-07 13:53:35.561] [info] [thread 110398] [daheng_demo.cpp AddGain:437] 增益 -> 0.7999999999999999 dB
[2026-10-07 13:53:35.619] [info] [thread 110398] [daheng_demo.cpp AddGain:437] 增益 -> 0.9 dB
[2026-10-07 13:53:35.677] [info] [thread 110398] [daheng_demo.cpp AddGain:437] 增益 -> 1 dB
[2026-10-07 13:53:35.733] [info] [thread 110398] [daheng_demo.cpp AddGain:437] 增益 -> 1.1 dB
[2026-10-07 13:53:35.791] [info] [thread 110398] [daheng_demo.cpp AddGain:437] 增益 -> 1.2000000000000002 dB
[2026-10-07 13:53:35.847] [info] [thread 110398] [daheng_demo.cpp AddGain:437] 增益 -> 1.3 dB
[2026-10-07 13:53:35.904] [info] [thread 110398] [daheng_demo.cpp AddGain:437] 增益 -> 1.4000000000000001 dB
[2026-10-07 13:53:35.959] [info] [thread 110398] [daheng_demo.cpp AddGain:437] 增益 -> 1.5 dB
[2026-10-07 13:53:36.014] [info] [thread 110398] [daheng_demo.cpp AddGain:437] 增益 -> 1.6 dB
[2026-10-07 13:53:36.071] [info] [thread 110398] [daheng_demo.cpp AddGain:437] 增益 -> 1.7000000000000002 dB
[2026-10-07 13:53:36.129] [info] [thread 110398] [daheng_demo.cpp AddGain:437] 增益 -> 1.8 dB
[2026-10-07 13:53:36.188] [info] [thread 110398] [daheng_demo.cpp AddGain:437] 增益 -> 1.9000000000000001 dB
[2026-10-07 13:53:36.244] [info] [thread 110398] [daheng_demo.cpp AddGain:437] 增益 -> 2 dB
[2026-10-07 13:53:36.301] [info] [thread 110398] [daheng_demo.cpp AddGain:437] 增益 -> 2.1 dB
[2026-10-07 13:53:36.367] [info] [thread 110398] [daheng_demo.cpp AddGain:437] 增益 -> 2.2 dB
[2026-10-07 13:53:36.425] [info] [thread 110398] [daheng_demo.cpp AddGain:437] 增益 -> 2.3000000000000003 dB
[2026-10-07 13:53:36.483] [info] [thread 110398] [daheng_demo.cpp AddGain:437] 增益 -> 2.4 dB
[2026-10-07 13:53:36.542] [info] [thread 110398] [daheng_demo.cpp AddGain:437] 增益 -> 2.5 dB
[2026-10-07 13:53:36.599] [info] [thread 110398] [daheng_demo.cpp AddGain:437] 增益 -> 2.6 dB
[2026-10-07 13:53:36.655] [info] [thread 110398] [daheng_demo.cpp AddGain:437] 增益 -> 2.7 dB
[2026-10-07 13:53:36.706] [info] [thread 110398] [daheng_demo.cpp AddGain:437] 增益 -> 2.8000000000000003 dB
[2026-10-07 13:53:36.748] [info] [thread 110398] [daheng_demo.cpp AddGain:437] 增益 -> 2.9 dB
[2026-10-07 13:53:36.795] [info] [thread 110398] [daheng_demo.cpp AddGain:437] 增益 -> 3 dB
[2026-10-07 13:53:36.847] [info] [thread 110398] [daheng_demo.cpp AddGain:437] 增益 -> 3.1 dB
[2026-10-07 13:53:36.899] [info] [thread 110398] [daheng_demo.cpp AddGain:437] 增益 -> 3.2 dB
[2026-10-07 13:53:36.939] [info] [thread 110398] [daheng_demo.cpp AddGain:437] 增益 -> 3.3000000000000003 dB
[2026-10-07 13:53:36.981] [info] [thread 110398] [daheng_demo.cpp AddGain:437] 增益 -> 3.4 dB
[2026-10-07 13:53:37.023] [info] [thread 110398] [daheng_demo.cpp AddGain:437] 增益 -> 3.5 dB
[2026-10-07 13:53:37.063] [info] [thread 110398] [daheng_demo.cpp AddGain:437] 增益 -> 3.6 dB
[2026-10-07 13:53:37.104] [info] [thread 110398] [daheng_demo.cpp AddGain:437] 增益 -> 3.7 dB
[2026-10-07 13:53:37.145] [info] [thread 110398] [daheng_demo.cpp AddGain:437] 增益 -> 3.8000000000000003 dB
[2026-10-07 13:53:37.185] [info] [thread 110398] [daheng_demo.cpp AddGain:437] 增益 -> 3.9 dB
[2026-10-07 13:53:37.233] [info] [thread 110398] [daheng_demo.cpp AddGain:437] 增益 -> 4 dB
[2026-10-07 13:53:37.290] [info] [thread 110398] [daheng_demo.cpp AddGain:437] 增益 -> 4.1 dB
[2026-10-07 13:53:37.343] [info] [thread 110398] [daheng_demo.cpp AddGain:437] 增益 -> 4.199999999999999 dB
[2026-10-07 13:53:37.383] [info] [thread 110398] [daheng_demo.cpp AddGain:437] 增益 -> 4.3 dB
[2026-10-07 13:53:37.424] [info] [thread 110398] [daheng_demo.cpp AddGain:437] 增益 -> 4.3999999999999995 dB
[2026-10-07 13:53:37.464] [info] [thread 110398] [daheng_demo.cpp AddGain:437] 增益 -> 4.5 dB
[2026-10-07 13:53:37.507] [info] [thread 110398] [daheng_demo.cpp AddGain:437] 增益 -> 4.6 dB
[2026-10-07 13:53:37.547] [info] [thread 110398] [daheng_demo.cpp AddGain:437] 增益 -> 4.699999999999999 dB
[2026-10-07 13:53:37.587] [info] [thread 110398] [daheng_demo.cpp AddGain:437] 增益 -> 4.8 dB
[2026-10-07 13:53:37.627] [info] [thread 110398] [daheng_demo.cpp AddGain:437] 增益 -> 4.8999999999999995 dB
[2026-10-07 13:53:37.667] [info] [thread 110398] [daheng_demo.cpp AddGain:437] 增益 -> 5 dB
[2026-10-07 13:53:37.707] [info] [thread 110398] [daheng_demo.cpp AddGain:437] 增益 -> 5.1 dB
[2026-10-07 13:53:37.747] [info] [thread 110398] [daheng_demo.cpp AddGain:437] 增益 -> 5.199999999999999 dB
[2026-10-07 13:53:37.786] [info] [thread 110398] [daheng_demo.cpp AddGain:437] 增益 -> 5.3 dB
[2026-10-07 13:53:37.830] [info] [thread 110398] [daheng_demo.cpp AddGain:437] 增益 -> 5.3999999999999995 dB
[2026-10-07 13:53:37.882] [info] [thread 110398] [daheng_demo.cpp AddGain:437] 增益 -> 5.5 dB
[2026-10-07 13:53:37.926] [info] [thread 110398] [daheng_demo.cpp AddGain:437] 增益 -> 5.6 dB
[2026-10-07 13:53:37.981] [info] [thread 110398] [daheng_demo.cpp AddGain:437] 增益 -> 5.699999999999999 dB
[2026-10-07 13:53:38.036] [info] [thread 110398] [daheng_demo.cpp AddGain:437] 增益 -> 5.8 dB
[2026-10-07 13:53:38.075] [info] [thread 110398] [daheng_demo.cpp AddGain:437] 增益 -> 5.8999999999999995 dB
[2026-10-07 13:53:38.118] [info] [thread 110398] [daheng_demo.cpp AddGain:437] 增益 -> 6 dB
[2026-10-07 13:53:38.173] [info] [thread 110398] [daheng_demo.cpp AddGain:437] 增益 -> 6.1 dB
[2026-10-07 13:53:38.213] [info] [thread 110398] [daheng_demo.cpp AddGain:437] 增益 -> 6.199999999999999 dB
[2026-10-07 13:53:38.253] [info] [thread 110398] [daheng_demo.cpp AddGain:437] 增益 -> 6.3 dB
[2026-10-07 13:53:38.291] [info] [thread 110398] [daheng_demo.cpp AddGain:437] 增益 -> 6.3999999999999995 dB
[2026-10-07 13:53:38.331] [info] [thread 110398] [daheng_demo.cpp AddGain:437] 增益 -> 6.5 dB
[2026-10-07 13:53:38.370] [info] [thread 110398] [daheng_demo.cpp AddGain:437] 增益 -> 6.6 dB
[2026-10-07 13:53:38.411] [info] [thread 110398] [daheng_demo.cpp AddGain:437] 增益 -> 6.699999999999999 dB
[2026-10-07 13:53:38.454] [info] [thread 110398] [daheng_demo.cpp AddGain:437] 增益 -> 6.8 dB
[2026-10-07 13:53:38.512] [info] [thread 110398] [daheng_demo.cpp AddGain:437] 增益 -> 6.8999999999999995 dB
[2026-10-07 13:53:38.571] [info] [thread 110398] [daheng_demo.cpp AddGain:437] 增益 -> 7 dB
[2026-10-07 13:53:38.624] [info] [thread 110398] [daheng_demo.cpp AddGain:437] 增益 -> 7.1 dB
[2026-10-07 13:53:38.683] [info] [thread 110398] [daheng_demo.cpp AddGain:437] 增益 -> 7.199999999999999 dB
[2026-10-07 13:53:38.739] [info] [thread 110398] [daheng_demo.cpp AddGain:437] 增益 -> 7.3 dB
[2026-10-07 13:53:38.800] [info] [thread 110398] [daheng_demo.cpp AddGain:437] 增益 -> 7.3999999999999995 dB
[2026-10-07 13:53:38.856] [info] [thread 110398] [daheng_demo.cpp AddGain:437] 增益 -> 7.5 dB
[2026-10-07 13:53:38.927] [info] [thread 110398] [daheng_demo.cpp AddGain:437] 增益 -> 7.6 dB
[2026-10-07 13:53:38.986] [info] [thread 110398] [daheng_demo.cpp AddGain:437] 增益 -> 7.699999999999999 dB
[2026-10-07 13:53:39.032] [info] [thread 110398] [daheng_demo.cpp AddGain:437] 增益 -> 7.8 dB
[2026-10-07 13:53:39.071] [info] [thread 110398] [daheng_demo.cpp AddGain:437] 增益 -> 7.8999999999999995 dB
[2026-10-07 13:53:39.116] [info] [thread 110398] [daheng_demo.cpp AddGain:437] 增益 -> 8 dB
[2026-10-07 13:53:39.162] [info] [thread 110398] [daheng_demo.cpp AddGain:437] 增益 -> 8.1 dB
[2026-10-07 13:53:39.206] [info] [thread 110398] [daheng_demo.cpp AddGain:437] 增益 -> 8.2 dB
[2026-10-07 13:53:39.249] [info] [thread 110398] [daheng_demo.cpp AddGain:437] 增益 -> 8.299999999999999 dB
[2026-10-07 13:53:39.289] [info] [thread 110398] [daheng_demo.cpp AddGain:437] 增益 -> 8.4 dB
[2026-10-07 13:53:39.330] [info] [thread 110398] [daheng_demo.cpp AddGain:437] 增益 -> 8.5 dB
[2026-10-07 13:53:39.370] [info] [thread 110398] [daheng_demo.cpp AddGain:437] 增益 -> 8.6 dB
[2026-10-07 13:53:39.411] [info] [thread 110398] [daheng_demo.cpp AddGain:437] 增益 -> 8.7 dB
[2026-10-07 13:53:39.450] [info] [thread 110398] [daheng_demo.cpp AddGain:437] 增益 -> 8.799999999999999 dB
[2026-10-07 13:53:39.490] [info] [thread 110398] [daheng_demo.cpp AddGain:437] 增益 -> 8.9 dB
[2026-10-07 13:53:39.528] [info] [thread 110398] [daheng_demo.cpp AddGain:437] 增益 -> 9 dB
[2026-10-07 13:53:39.567] [info] [thread 110398] [daheng_demo.cpp AddGain:437] 增益 -> 9.1 dB
[2026-10-07 13:53:39.606] [info] [thread 110398] [daheng_demo.cpp AddGain:437] 增益 -> 9.2 dB
[2026-10-07 13:53:39.645] [info] [thread 110398] [daheng_demo.cpp AddGain:437] 增益 -> 9.299999999999999 dB
[2026-10-07 13:53:39.684] [info] [thread 110398] [daheng_demo.cpp AddGain:437] 增益 -> 9.4 dB
[2026-10-07 13:53:39.722] [info] [thread 110398] [daheng_demo.cpp AddGain:437] 增益 -> 9.5 dB
[2026-10-07 13:53:39.761] [info] [thread 110398] [daheng_demo.cpp AddGain:437] 增益 -> 9.6 dB
[2026-10-07 13:53:39.799] [info] [thread 110398] [daheng_demo.cpp AddGain:437] 增益 -> 9.7 dB
[2026-10-07 13:53:39.838] [info] [thread 110398] [daheng_demo.cpp AddGain:437] 增益 -> 9.799999999999999 dB
[2026-10-07 13:53:39.876] [info] [thread 110398] [daheng_demo.cpp AddGain:437] 增益 -> 9.9 dB
[2026-10-07 13:53:39.914] [info] [thread 110398] [daheng_demo.cpp AddGain:437] 增益 -> 10 dB
[2026-10-07 13:53:39.952] [info] [thread 110398] [daheng_demo.cpp AddGain:437] 增益 -> 10.1 dB
[2026-10-07 13:53:39.991] [info] [thread 110398] [daheng_demo.cpp AddGain:437] 增益 -> 10.2 dB
[2026-10-07 13:53:40.035] [info] [thread 110398] [daheng_demo.cpp AddGain:437] 增益 -> 10.299999999999999 dB
[2026-10-07 13:53:40.081] [info] [thread 110398] [daheng_demo.cpp AddGain:437] 增益 -> 10.4 dB
[2026-10-07 13:53:40.125] [info] [thread 110398] [daheng_demo.cpp AddGain:437] 增益 -> 10.5 dB
[2026-10-07 13:53:40.169] [info] [thread 110398] [daheng_demo.cpp AddGain:437] 增益 -> 10.6 dB
[2026-10-07 13:53:40.214] [info] [thread 110398] [daheng_demo.cpp AddGain:437] 增益 -> 10.7 dB
[2026-10-07 13:53:40.259] [info] [thread 110398] [daheng_demo.cpp AddGain:437] 增益 -> 10.799999999999999 dB
[2026-10-07 13:53:40.307] [info] [thread 110398] [daheng_demo.cpp AddGain:437] 增益 -> 10.9 dB
[2026-10-07 13:53:40.351] [info] [thread 110398] [daheng_demo.cpp AddGain:437] 增益 -> 11 dB
[2026-10-07 13:53:40.395] [info] [thread 110398] [daheng_demo.cpp AddGain:437] 增益 -> 11.1 dB
[2026-10-07 13:53:40.433] [info] [thread 110398] [daheng_demo.cpp AddGain:437] 增益 -> 11.2 dB
[2026-10-07 13:53:40.474] [info] [thread 110398] [daheng_demo.cpp AddGain:437] 增益 -> 11.299999999999999 dB
[2026-10-07 13:53:40.515] [info] [thread 110398] [daheng_demo.cpp AddGain:437] 增益 -> 11.4 dB
[2026-10-07 13:53:40.556] [info] [thread 110398] [daheng_demo.cpp AddGain:437] 增益 -> 11.5 dB
[2026-10-07 13:53:40.595] [info] [thread 110398] [daheng_demo.cpp AddGain:437] 增益 -> 11.6 dB
[2026-10-07 13:53:40.635] [info] [thread 110398] [daheng_demo.cpp AddGain:437] 增益 -> 11.7 dB
[2026-10-07 13:53:40.675] [info] [thread 110398] [daheng_demo.cpp AddGain:437] 增益 -> 11.799999999999999 dB
[2026-10-07 13:53:40.717] [info] [thread 110398] [daheng_demo.cpp AddGain:437] 增益 -> 11.9 dB
[2026-10-07 13:53:40.759] [info] [thread 110398] [daheng_demo.cpp AddGain:437] 增益 -> 12 dB
[2026-10-07 13:53:40.802] [info] [thread 110398] [daheng_demo.cpp AddGain:437] 增益 -> 12.1 dB
[2026-10-07 13:53:40.842] [info] [thread 110398] [daheng_demo.cpp AddGain:437] 增益 -> 12.2 dB
[2026-10-07 13:53:40.883] [info] [thread 110398] [daheng_demo.cpp AddGain:437] 增益 -> 12.299999999999999 dB
[2026-10-07 13:53:40.929] [info] [thread 110398] [daheng_demo.cpp AddGain:437] 增益 -> 12.4 dB
[2026-10-07 13:53:40.970] [info] [thread 110398] [daheng_demo.cpp AddGain:437] 增益 -> 12.5 dB
[2026-10-07 13:53:41.010] [info] [thread 110398] [daheng_demo.cpp AddGain:437] 增益 -> 12.6 dB
[2026-10-07 13:53:41.050] [info] [thread 110398] [daheng_demo.cpp AddGain:437] 增益 -> 12.7 dB
[2026-10-07 13:53:41.089] [info] [thread 110398] [daheng_demo.cpp AddGain:437] 增益 -> 12.799999999999999 dB
[2026-10-07 13:53:41.131] [info] [thread 110398] [daheng_demo.cpp AddGain:437] 增益 -> 12.700000000000001 dB
[2026-10-07 13:53:41.266] [info] [thread 110398] [daheng_demo.cpp AddGain:437] 增益 -> 12.6 dB
[2026-10-07 13:53:43.858] [info] [thread 110398] [daheng_demo.cpp AddExposureTime:413] 曝光时间 -> 3025 us
[2026-10-07 13:53:44.375] [info] [thread 110398] [daheng_demo.cpp AddExposureTime:413] 曝光时间 -> 3050 us
[2026-10-07 13:53:44.415] [info] [thread 110398] [daheng_demo.cpp AddExposureTime:413] 曝光时间 -> 3075 us
[2026-10-07 13:53:44.451] [info] [thread 110398] [daheng_demo.cpp AddExposureTime:413] 曝光时间 -> 3100 us
[2026-10-07 13:53:44.489] [info] [thread 110398] [daheng_demo.cpp AddExposureTime:413] 曝光时间 -> 3125 us
[2026-10-07 13:53:44.526] [info] [thread 110398] [daheng_demo.cpp AddExposureTime:413] 曝光时间 -> 3150 us
[2026-10-07 13:53:44.562] [info] [thread 110398] [daheng_demo.cpp AddExposureTime:413] 曝光时间 -> 3175 us
[2026-10-07 13:53:44.599] [info] [thread 110398] [daheng_demo.cpp AddExposureTime:413] 曝光时间 -> 3200 us
[2026-10-07 13:53:44.635] [info] [thread 110398] [daheng_demo.cpp AddExposureTime:413] 曝光时间 -> 3225 us
[2026-10-07 13:53:44.672] [info] [thread 110398] [daheng_demo.cpp AddExposureTime:413] 曝光时间 -> 3250 us
[2026-10-07 13:53:44.710] [info] [thread 110398] [daheng_demo.cpp AddExposureTime:413] 曝光时间 -> 3275 us
[2026-10-07 13:53:44.747] [info] [thread 110398] [daheng_demo.cpp AddExposureTime:413] 曝光时间 -> 3300 us
[2026-10-07 13:53:44.784] [info] [thread 110398] [daheng_demo.cpp AddExposureTime:413] 曝光时间 -> 3325 us
[2026-10-07 13:53:44.821] [info] [thread 110398] [daheng_demo.cpp AddExposureTime:413] 曝光时间 -> 3350 us
[2026-10-07 13:53:44.857] [info] [thread 110398] [daheng_demo.cpp AddExposureTime:413] 曝光时间 -> 3375 us
[2026-10-07 13:53:44.895] [info] [thread 110398] [daheng_demo.cpp AddExposureTime:413] 曝光时间 -> 3400 us
[2026-10-07 13:53:44.934] [info] [thread 110398] [daheng_demo.cpp AddExposureTime:413] 曝光时间 -> 3425 us
[2026-10-07 13:53:44.973] [info] [thread 110398] [daheng_demo.cpp AddExposureTime:413] 曝光时间 -> 3450 us
[2026-10-07 13:53:45.014] [info] [thread 110398] [daheng_demo.cpp AddExposureTime:413] 曝光时间 -> 3475 us
[2026-10-07 13:53:45.052] [info] [thread 110398] [daheng_demo.cpp AddExposureTime:413] 曝光时间 -> 3500 us
[2026-10-07 13:53:45.089] [info] [thread 110398] [daheng_demo.cpp AddExposureTime:413] 曝光时间 -> 3525 us
[2026-10-07 13:53:45.128] [info] [thread 110398] [daheng_demo.cpp AddExposureTime:413] 曝光时间 -> 3550 us
[2026-10-07 13:53:45.167] [info] [thread 110398] [daheng_demo.cpp AddExposureTime:413] 曝光时间 -> 3575 us
[2026-10-07 13:53:45.204] [info] [thread 110398] [daheng_demo.cpp AddExposureTime:413] 曝光时间 -> 3600 us
[2026-10-07 13:53:45.241] [info] [thread 110398] [daheng_demo.cpp AddExposureTime:413] 曝光时间 -> 3625 us
[2026-10-07 13:53:45.279] [info] [thread 110398] [daheng_demo.cpp AddExposureTime:413] 曝光时间 -> 3650 us
[2026-10-07 13:53:45.317] [info] [thread 110398] [daheng_demo.cpp AddExposureTime:413] 曝光时间 -> 3675 us
[2026-10-07 13:53:45.355] [info] [thread 110398] [daheng_demo.cpp AddExposureTime:413] 曝光时间 -> 3700 us
[2026-10-07 13:53:45.392] [info] [thread 110398] [daheng_demo.cpp AddExposureTime:413] 曝光时间 -> 3725 us
[2026-10-07 13:53:45.430] [info] [thread 110398] [daheng_demo.cpp AddExposureTime:413] 曝光时间 -> 3750 us
[2026-10-07 13:53:45.468] [info] [thread 110398] [daheng_demo.cpp AddExposureTime:413] 曝光时间 -> 3775 us
[2026-10-07 13:53:45.505] [info] [thread 110398] [daheng_demo.cpp AddExposureTime:413] 曝光时间 -> 3800 us
[2026-10-07 13:53:45.542] [info] [thread 110398] [daheng_demo.cpp AddExposureTime:413] 曝光时间 -> 3825 us
[2026-10-07 13:53:45.578] [info] [thread 110398] [daheng_demo.cpp AddExposureTime:413] 曝光时间 -> 3850 us
[2026-10-07 13:53:45.615] [info] [thread 110398] [daheng_demo.cpp AddExposureTime:413] 曝光时间 -> 3875 us
[2026-10-07 13:53:45.653] [info] [thread 110398] [daheng_demo.cpp AddExposureTime:413] 曝光时间 -> 3900 us
[2026-10-07 13:53:45.691] [info] [thread 110398] [daheng_demo.cpp AddExposureTime:413] 曝光时间 -> 3925 us
[2026-10-07 13:53:45.729] [info] [thread 110398] [daheng_demo.cpp AddExposureTime:413] 曝光时间 -> 3950 us
[2026-10-07 13:53:45.767] [info] [thread 110398] [daheng_demo.cpp AddExposureTime:413] 曝光时间 -> 3975 us
[2026-10-07 13:53:45.804] [info] [thread 110398] [daheng_demo.cpp AddExposureTime:413] 曝光时间 -> 4000 us
[2026-10-07 13:53:45.841] [info] [thread 110398] [daheng_demo.cpp AddExposureTime:413] 曝光时间 -> 4025 us
[2026-10-07 13:53:45.877] [info] [thread 110398] [daheng_demo.cpp AddExposureTime:413] 曝光时间 -> 4050 us
[2026-10-07 13:53:45.915] [info] [thread 110398] [daheng_demo.cpp AddExposureTime:413] 曝光时间 -> 4075 us
[2026-10-07 13:53:45.952] [info] [thread 110398] [daheng_demo.cpp AddExposureTime:413] 曝光时间 -> 4100 us
[2026-10-07 13:53:45.989] [info] [thread 110398] [daheng_demo.cpp AddExposureTime:413] 曝光时间 -> 4125 us
[2026-10-07 13:53:46.025] [info] [thread 110398] [daheng_demo.cpp AddExposureTime:413] 曝光时间 -> 4150 us
[2026-10-07 13:53:46.062] [info] [thread 110398] [daheng_demo.cpp AddExposureTime:413] 曝光时间 -> 4175 us
[2026-10-07 13:53:46.100] [info] [thread 110398] [daheng_demo.cpp AddExposureTime:413] 曝光时间 -> 4200 us
[2026-10-07 13:53:46.137] [info] [thread 110398] [daheng_demo.cpp AddExposureTime:413] 曝光时间 -> 4225 us
[2026-10-07 13:53:46.174] [info] [thread 110398] [daheng_demo.cpp AddExposureTime:413] 曝光时间 -> 4250 us
[2026-10-07 13:53:46.210] [info] [thread 110398] [daheng_demo.cpp AddExposureTime:413] 曝光时间 -> 4275 us
[2026-10-07 13:53:46.248] [info] [thread 110398] [daheng_demo.cpp AddExposureTime:413] 曝光时间 -> 4300 us
[2026-10-07 13:53:46.286] [info] [thread 110398] [daheng_demo.cpp AddExposureTime:413] 曝光时间 -> 4325 us
[2026-10-07 13:53:46.324] [info] [thread 110398] [daheng_demo.cpp AddExposureTime:413] 曝光时间 -> 4350 us
[2026-10-07 13:53:46.362] [info] [thread 110398] [daheng_demo.cpp AddExposureTime:413] 曝光时间 -> 4375 us
[2026-10-07 13:53:46.397] [info] [thread 110398] [daheng_demo.cpp AddExposureTime:413] 曝光时间 -> 4400 us
[2026-10-07 13:53:46.434] [info] [thread 110398] [daheng_demo.cpp AddExposureTime:413] 曝光时间 -> 4425 us
[2026-10-07 13:53:46.471] [info] [thread 110398] [daheng_demo.cpp AddExposureTime:413] 曝光时间 -> 4450 us
[2026-10-07 13:53:46.508] [info] [thread 110398] [daheng_demo.cpp AddExposureTime:413] 曝光时间 -> 4475 us
[2026-10-07 13:53:46.546] [info] [thread 110398] [daheng_demo.cpp AddExposureTime:413] 曝光时间 -> 4500 us
[2026-10-07 13:53:46.584] [info] [thread 110398] [daheng_demo.cpp AddExposureTime:413] 曝光时间 -> 4525 us
[2026-10-07 13:53:46.620] [info] [thread 110398] [daheng_demo.cpp AddExposureTime:413] 曝光时间 -> 4550 us
[2026-10-07 13:53:46.659] [info] [thread 110398] [daheng_demo.cpp AddExposureTime:413] 曝光时间 -> 4575 us
[2026-10-07 13:53:46.697] [info] [thread 110398] [daheng_demo.cpp AddExposureTime:413] 曝光时间 -> 4600 us
[2026-10-07 13:53:46.735] [info] [thread 110398] [daheng_demo.cpp AddExposureTime:413] 曝光时间 -> 4625 us
[2026-10-07 13:53:46.772] [info] [thread 110398] [daheng_demo.cpp AddExposureTime:413] 曝光时间 -> 4650 us
[2026-10-07 13:53:46.808] [info] [thread 110398] [daheng_demo.cpp AddExposureTime:413] 曝光时间 -> 4675 us
[2026-10-07 13:53:46.846] [info] [thread 110398] [daheng_demo.cpp AddExposureTime:413] 曝光时间 -> 4700 us
[2026-10-07 13:53:46.884] [info] [thread 110398] [daheng_demo.cpp AddExposureTime:413] 曝光时间 -> 4725 us
[2026-10-07 13:53:46.923] [info] [thread 110398] [daheng_demo.cpp AddExposureTime:413] 曝光时间 -> 4750 us
[2026-10-07 13:53:46.959] [info] [thread 110398] [daheng_demo.cpp AddExposureTime:413] 曝光时间 -> 4775 us
[2026-10-07 13:53:46.996] [info] [thread 110398] [daheng_demo.cpp AddExposureTime:413] 曝光时间 -> 4800 us
[2026-10-07 13:53:47.034] [info] [thread 110398] [daheng_demo.cpp AddExposureTime:413] 曝光时间 -> 4825 us
[2026-10-07 13:53:47.071] [info] [thread 110398] [daheng_demo.cpp AddExposureTime:413] 曝光时间 -> 4850 us
[2026-10-07 13:53:47.108] [info] [thread 110398] [daheng_demo.cpp AddExposureTime:413] 曝光时间 -> 4875 us
[2026-10-07 13:53:47.143] [info] [thread 110398] [daheng_demo.cpp AddExposureTime:413] 曝光时间 -> 4900 us
[2026-10-07 13:53:47.179] [info] [thread 110398] [daheng_demo.cpp AddExposureTime:413] 曝光时间 -> 4925 us
[2026-10-07 13:53:47.217] [info] [thread 110398] [daheng_demo.cpp AddExposureTime:413] 曝光时间 -> 4950 us
[2026-10-07 13:53:47.253] [info] [thread 110398] [daheng_demo.cpp AddExposureTime:413] 曝光时间 -> 4975 us
[2026-10-07 13:53:47.289] [info] [thread 110398] [daheng_demo.cpp AddExposureTime:413] 曝光时间 -> 5000 us
[2026-10-07 13:53:47.327] [info] [thread 110398] [daheng_demo.cpp AddExposureTime:413] 曝光时间 -> 5025 us
[2026-10-07 13:53:47.363] [info] [thread 110398] [daheng_demo.cpp AddExposureTime:413] 曝光时间 -> 5050 us
[2026-10-07 13:53:47.401] [info] [thread 110398] [daheng_demo.cpp AddExposureTime:413] 曝光时间 -> 5075 us
[2026-10-07 13:53:47.438] [info] [thread 110398] [daheng_demo.cpp AddExposureTime:413] 曝光时间 -> 5100 us
[2026-10-07 13:53:47.474] [info] [thread 110398] [daheng_demo.cpp AddExposureTime:413] 曝光时间 -> 5125 us
[2026-10-07 13:53:47.511] [info] [thread 110398] [daheng_demo.cpp AddExposureTime:413] 曝光时间 -> 5150 us
[2026-10-07 13:53:47.551] [info] [thread 110398] [daheng_demo.cpp AddExposureTime:413] 曝光时间 -> 5175 us
[2026-10-07 13:53:47.590] [info] [thread 110398] [daheng_demo.cpp AddExposureTime:413] 曝光时间 -> 5200 us
[2026-10-07 13:53:47.627] [info] [thread 110398] [daheng_demo.cpp AddExposureTime:413] 曝光时间 -> 5225 us
[2026-10-07 13:53:47.664] [info] [thread 110398] [daheng_demo.cpp AddExposureTime:413] 曝光时间 -> 5250 us
[2026-10-07 13:53:47.700] [info] [thread 110398] [daheng_demo.cpp AddExposureTime:413] 曝光时间 -> 5275 us
[2026-10-07 13:53:47.736] [info] [thread 110398] [daheng_demo.cpp AddExposureTime:413] 曝光时间 -> 5300 us
[2026-10-07 13:53:47.773] [info] [thread 110398] [daheng_demo.cpp AddExposureTime:413] 曝光时间 -> 5325 us
[2026-10-07 13:53:47.809] [info] [thread 110398] [daheng_demo.cpp AddExposureTime:413] 曝光时间 -> 5350 us
[2026-10-07 13:53:47.845] [info] [thread 110398] [daheng_demo.cpp AddExposureTime:413] 曝光时间 -> 5375 us
[2026-10-07 13:53:47.882] [info] [thread 110398] [daheng_demo.cpp AddExposureTime:413] 曝光时间 -> 5400 us
[2026-10-07 13:53:47.918] [info] [thread 110398] [daheng_demo.cpp AddExposureTime:413] 曝光时间 -> 5425 us
[2026-10-07 13:53:47.959] [info] [thread 110398] [daheng_demo.cpp AddExposureTime:413] 曝光时间 -> 5450 us
[2026-10-07 13:53:47.997] [info] [thread 110398] [daheng_demo.cpp AddExposureTime:413] 曝光时间 -> 5475 us
[2026-10-07 13:53:48.033] [info] [thread 110398] [daheng_demo.cpp AddExposureTime:413] 曝光时间 -> 5500 us
[2026-10-07 13:53:48.070] [info] [thread 110398] [daheng_demo.cpp AddExposureTime:413] 曝光时间 -> 5525 us
[2026-10-07 13:53:48.108] [info] [thread 110398] [daheng_demo.cpp AddExposureTime:413] 曝光时间 -> 5550 us
[2026-10-07 13:53:48.143] [info] [thread 110398] [daheng_demo.cpp AddExposureTime:413] 曝光时间 -> 5575 us
[2026-10-07 13:53:48.179] [info] [thread 110398] [daheng_demo.cpp AddExposureTime:413] 曝光时间 -> 5600 us
[2026-10-07 13:53:48.217] [info] [thread 110398] [daheng_demo.cpp AddExposureTime:413] 曝光时间 -> 5625 us
[2026-10-07 13:53:48.252] [info] [thread 110398] [daheng_demo.cpp AddExposureTime:413] 曝光时间 -> 5650 us
[2026-10-07 13:53:48.289] [info] [thread 110398] [daheng_demo.cpp AddExposureTime:413] 曝光时间 -> 5675 us
[2026-10-07 13:53:48.326] [info] [thread 110398] [daheng_demo.cpp AddExposureTime:413] 曝光时间 -> 5700 us
[2026-10-07 13:53:48.363] [info] [thread 110398] [daheng_demo.cpp AddExposureTime:413] 曝光时间 -> 5725 us
[2026-10-07 13:53:48.400] [info] [thread 110398] [daheng_demo.cpp AddExposureTime:413] 曝光时间 -> 5750 us
[2026-10-07 13:53:48.436] [info] [thread 110398] [daheng_demo.cpp AddExposureTime:413] 曝光时间 -> 5775 us
[2026-10-07 13:54:05.534] [info] [thread 110398] [daheng_demo.cpp AddGain:437] 增益 -> 12.5 dB
[2026-10-07 13:54:06.042] [info] [thread 110398] [daheng_demo.cpp AddGain:437] 增益 -> 12.4 dB
[2026-10-07 13:54:06.079] [info] [thread 110398] [daheng_demo.cpp AddGain:437] 增益 -> 12.3 dB
[2026-10-07 13:54:06.120] [info] [thread 110398] [daheng_demo.cpp AddGain:437] 增益 -> 12.200000000000001 dB
[2026-10-07 13:54:06.159] [info] [thread 110398] [daheng_demo.cpp AddGain:437] 增益 -> 12.1 dB
[2026-10-07 13:54:06.197] [info] [thread 110398] [daheng_demo.cpp AddGain:437] 增益 -> 12 dB
[2026-10-07 13:54:06.234] [info] [thread 110398] [daheng_demo.cpp AddGain:437] 增益 -> 11.9 dB
[2026-10-07 13:54:06.272] [info] [thread 110398] [daheng_demo.cpp AddGain:437] 增益 -> 11.8 dB
[2026-10-07 13:54:06.310] [info] [thread 110398] [daheng_demo.cpp AddGain:437] 增益 -> 11.700000000000001 dB
[2026-10-07 13:54:06.347] [info] [thread 110398] [daheng_demo.cpp AddGain:437] 增益 -> 11.6 dB
[2026-10-07 13:54:06.385] [info] [thread 110398] [daheng_demo.cpp AddGain:437] 增益 -> 11.5 dB
[2026-10-07 13:54:06.420] [info] [thread 110398] [daheng_demo.cpp AddGain:437] 增益 -> 11.4 dB
[2026-10-07 13:54:06.460] [info] [thread 110398] [daheng_demo.cpp AddGain:437] 增益 -> 11.3 dB
[2026-10-07 13:54:06.499] [info] [thread 110398] [daheng_demo.cpp AddGain:437] 增益 -> 11.200000000000001 dB
[2026-10-07 13:54:06.538] [info] [thread 110398] [daheng_demo.cpp AddGain:437] 增益 -> 11.1 dB
[2026-10-07 13:54:06.577] [info] [thread 110398] [daheng_demo.cpp AddGain:437] 增益 -> 11 dB
[2026-10-07 13:54:06.615] [info] [thread 110398] [daheng_demo.cpp AddGain:437] 增益 -> 10.9 dB
[2026-10-07 13:54:06.654] [info] [thread 110398] [daheng_demo.cpp AddGain:437] 增益 -> 10.8 dB
[2026-10-07 13:54:06.704] [info] [thread 110398] [daheng_demo.cpp AddGain:437] 增益 -> 10.700000000000001 dB
[2026-10-07 13:54:06.742] [info] [thread 110398] [daheng_demo.cpp AddGain:437] 增益 -> 10.6 dB
[2026-10-07 13:54:06.779] [info] [thread 110398] [daheng_demo.cpp AddGain:437] 增益 -> 10.5 dB
[2026-10-07 13:54:06.817] [info] [thread 110398] [daheng_demo.cpp AddGain:437] 增益 -> 10.4 dB
[2026-10-07 13:54:06.857] [info] [thread 110398] [daheng_demo.cpp AddGain:437] 增益 -> 10.3 dB
[2026-10-07 13:54:06.895] [info] [thread 110398] [daheng_demo.cpp AddGain:437] 增益 -> 10.200000000000001 dB
[2026-10-07 13:54:06.932] [info] [thread 110398] [daheng_demo.cpp AddGain:437] 增益 -> 10.1 dB
[2026-10-07 13:54:06.970] [info] [thread 110398] [daheng_demo.cpp AddGain:437] 增益 -> 10 dB
[2026-10-07 13:54:07.008] [info] [thread 110398] [daheng_demo.cpp AddGain:437] 增益 -> 9.9 dB
[2026-10-07 13:54:07.055] [info] [thread 110398] [daheng_demo.cpp AddGain:437] 增益 -> 9.8 dB
[2026-10-07 13:54:07.093] [info] [thread 110398] [daheng_demo.cpp AddGain:437] 增益 -> 9.700000000000001 dB
[2026-10-07 13:54:07.128] [info] [thread 110398] [daheng_demo.cpp AddGain:437] 增益 -> 9.6 dB
[2026-10-07 13:54:07.166] [info] [thread 110398] [daheng_demo.cpp AddGain:437] 增益 -> 9.5 dB
[2026-10-07 13:54:07.203] [info] [thread 110398] [daheng_demo.cpp AddGain:437] 增益 -> 9.4 dB
[2026-10-07 13:54:07.240] [info] [thread 110398] [daheng_demo.cpp AddGain:437] 增益 -> 9.5 dB
[2026-10-07 13:54:07.706] [info] [thread 110398] [daheng_demo.cpp AddGain:437] 增益 -> 9.6 dB
[2026-10-07 13:54:07.745] [info] [thread 110398] [daheng_demo.cpp AddGain:437] 增益 -> 9.7 dB
[2026-10-07 13:54:07.838] [info] [thread 110398] [daheng_demo.cpp AddGain:437] 增益 -> 9.799999999999999 dB
[2026-10-07 13:54:08.331] [info] [thread 110398] [daheng_demo.cpp AddGain:437] 增益 -> 9.9 dB
[2026-10-07 13:54:08.368] [info] [thread 110398] [daheng_demo.cpp AddGain:437] 增益 -> 10 dB
[2026-10-07 13:54:08.405] [info] [thread 110398] [daheng_demo.cpp AddGain:437] 增益 -> 10.1 dB
[2026-10-07 13:54:08.442] [info] [thread 110398] [daheng_demo.cpp AddGain:437] 增益 -> 10.2 dB
[2026-10-07 13:54:08.479] [info] [thread 110398] [daheng_demo.cpp AddGain:437] 增益 -> 10.299999999999999 dB
[2026-10-07 13:54:08.516] [info] [thread 110398] [daheng_demo.cpp AddGain:437] 增益 -> 10.4 dB
[2026-10-07 13:54:08.555] [info] [thread 110398] [daheng_demo.cpp AddGain:437] 增益 -> 10.5 dB
[2026-10-07 13:54:08.595] [info] [thread 110398] [daheng_demo.cpp AddGain:437] 增益 -> 10.6 dB
[2026-10-07 13:54:08.634] [info] [thread 110398] [daheng_demo.cpp AddGain:437] 增益 -> 10.7 dB
[2026-10-07 13:54:08.672] [info] [thread 110398] [daheng_demo.cpp AddGain:437] 增益 -> 10.799999999999999 dB
[2026-10-07 13:54:08.712] [info] [thread 110398] [daheng_demo.cpp AddGain:437] 增益 -> 10.9 dB
[2026-10-07 13:54:08.749] [info] [thread 110398] [daheng_demo.cpp AddGain:437] 增益 -> 11 dB
[2026-10-07 13:54:08.789] [info] [thread 110398] [daheng_demo.cpp AddGain:437] 增益 -> 11.1 dB
[2026-10-07 13:54:08.829] [info] [thread 110398] [daheng_demo.cpp AddGain:437] 增益 -> 11.2 dB
[2026-10-07 13:54:08.867] [info] [thread 110398] [daheng_demo.cpp AddGain:437] 增益 -> 11.299999999999999 dB
[2026-10-07 13:54:08.905] [info] [thread 110398] [daheng_demo.cpp AddGain:437] 增益 -> 11.4 dB
[2026-10-07 13:54:08.943] [info] [thread 110398] [daheng_demo.cpp AddGain:437] 增益 -> 11.5 dB
[2026-10-07 13:54:08.981] [info] [thread 110398] [daheng_demo.cpp AddGain:437] 增益 -> 11.6 dB
[2026-10-07 13:54:09.018] [info] [thread 110398] [daheng_demo.cpp AddGain:437] 增益 -> 11.7 dB
[2026-10-07 13:54:09.056] [info] [thread 110398] [daheng_demo.cpp AddGain:437] 增益 -> 11.799999999999999 dB
[2026-10-07 13:54:09.093] [info] [thread 110398] [daheng_demo.cpp AddGain:437] 增益 -> 11.9 dB
[2026-10-07 13:54:09.131] [info] [thread 110398] [daheng_demo.cpp AddGain:437] 增益 -> 12 dB
[2026-10-07 13:54:09.169] [info] [thread 110398] [daheng_demo.cpp AddGain:437] 增益 -> 12.1 dB
[2026-10-07 13:54:09.207] [info] [thread 110398] [daheng_demo.cpp AddGain:437] 增益 -> 12.2 dB
[2026-10-07 13:54:09.246] [info] [thread 110398] [daheng_demo.cpp AddGain:437] 增益 -> 12.299999999999999 dB
[2026-10-07 13:54:09.286] [info] [thread 110398] [daheng_demo.cpp AddGain:437] 增益 -> 12.4 dB
[2026-10-07 13:54:09.325] [info] [thread 110398] [daheng_demo.cpp AddGain:437] 增益 -> 12.5 dB
[2026-10-07 13:54:09.363] [info] [thread 110398] [daheng_demo.cpp AddGain:437] 增益 -> 12.6 dB
[2026-10-07 13:54:09.402] [info] [thread 110398] [daheng_demo.cpp AddGain:437] 增益 -> 12.7 dB
[2026-10-07 13:54:09.440] [info] [thread 110398] [daheng_demo.cpp AddGain:437] 增益 -> 12.799999999999999 dB
[2026-10-07 13:54:09.478] [info] [thread 110398] [daheng_demo.cpp AddGain:437] 增益 -> 12.9 dB
[2026-10-07 13:54:09.517] [info] [thread 110398] [daheng_demo.cpp AddGain:437] 增益 -> 13 dB
[2026-10-07 13:54:09.553] [info] [thread 110398] [daheng_demo.cpp AddGain:437] 增益 -> 13.1 dB
[2026-10-07 13:54:09.590] [info] [thread 110398] [daheng_demo.cpp AddGain:437] 增益 -> 13.2 dB
[2026-10-07 13:54:09.626] [info] [thread 110398] [daheng_demo.cpp AddGain:437] 增益 -> 13.299999999999999 dB
[2026-10-07 13:54:09.664] [info] [thread 110398] [daheng_demo.cpp AddGain:437] 增益 -> 13.4 dB
[2026-10-07 13:54:09.702] [info] [thread 110398] [daheng_demo.cpp AddGain:437] 增益 -> 13.5 dB
[2026-10-07 13:54:09.740] [info] [thread 110398] [daheng_demo.cpp AddGain:437] 增益 -> 13.6 dB
[2026-10-07 13:54:09.779] [info] [thread 110398] [daheng_demo.cpp AddGain:437] 增益 -> 13.7 dB
[2026-10-07 13:54:09.818] [info] [thread 110398] [daheng_demo.cpp AddGain:437] 增益 -> 13.799999999999999 dB
[2026-10-07 13:54:09.855] [info] [thread 110398] [daheng_demo.cpp AddGain:437] 增益 -> 13.9 dB
[2026-10-07 13:54:09.891] [info] [thread 110398] [daheng_demo.cpp AddGain:437] 增益 -> 14 dB
[2026-10-07 13:54:09.927] [info] [thread 110398] [daheng_demo.cpp AddGain:437] 增益 -> 14.1 dB
[2026-10-07 13:54:09.964] [info] [thread 110398] [daheng_demo.cpp AddGain:437] 增益 -> 14.2 dB
[2026-10-07 13:54:09.998] [info] [thread 110398] [daheng_demo.cpp AddGain:437] 增益 -> 14.299999999999999 dB
[2026-10-07 13:54:10.034] [info] [thread 110398] [daheng_demo.cpp AddGain:437] 增益 -> 14.4 dB
[2026-10-07 13:54:10.072] [info] [thread 110398] [daheng_demo.cpp AddGain:437] 增益 -> 14.5 dB
[2026-10-07 13:54:10.109] [info] [thread 110398] [daheng_demo.cpp AddGain:437] 增益 -> 14.6 dB
[2026-10-07 13:54:10.143] [info] [thread 110398] [daheng_demo.cpp AddGain:437] 增益 -> 14.7 dB
[2026-10-07 13:54:10.180] [info] [thread 110398] [daheng_demo.cpp AddGain:437] 增益 -> 14.799999999999999 dB
[2026-10-07 13:54:10.215] [info] [thread 110398] [daheng_demo.cpp AddGain:437] 增益 -> 14.9 dB
[2026-10-07 13:54:10.252] [info] [thread 110398] [daheng_demo.cpp AddGain:437] 增益 -> 15 dB
[2026-10-07 13:54:10.290] [info] [thread 110398] [daheng_demo.cpp AddGain:437] 增益 -> 15.1 dB
[2026-10-07 13:54:10.325] [info] [thread 110398] [daheng_demo.cpp AddGain:437] 增益 -> 15.2 dB
[2026-10-07 13:54:10.362] [info] [thread 110398] [daheng_demo.cpp AddGain:437] 增益 -> 15.299999999999999 dB
[2026-10-07 13:54:10.398] [info] [thread 110398] [daheng_demo.cpp AddGain:437] 增益 -> 15.4 dB
[2026-10-07 13:54:10.433] [info] [thread 110398] [daheng_demo.cpp AddGain:437] 增益 -> 15.5 dB
[2026-10-07 13:54:10.469] [info] [thread 110398] [daheng_demo.cpp AddGain:437] 增益 -> 15.6 dB
[2026-10-07 13:54:10.506] [info] [thread 110398] [daheng_demo.cpp AddGain:437] 增益 -> 15.7 dB
[2026-10-07 13:54:10.543] [info] [thread 110398] [daheng_demo.cpp AddGain:437] 增益 -> 15.799999999999999 dB
[2026-10-07 13:54:10.579] [info] [thread 110398] [daheng_demo.cpp AddGain:437] 增益 -> 15.9 dB
[2026-10-07 13:54:10.615] [info] [thread 110398] [daheng_demo.cpp AddGain:437] 增益 -> 16 dB
[2026-10-07 13:54:10.649] [info] [thread 110398] [daheng_demo.cpp AddGain:437] 增益 -> 16.1 dB
[2026-10-07 13:54:10.687] [info] [thread 110398] [daheng_demo.cpp AddGain:437] 增益 -> 16.200000000000003 dB
[2026-10-07 13:54:10.725] [info] [thread 110398] [daheng_demo.cpp AddGain:437] 增益 -> 16.3 dB
[2026-10-07 13:54:10.764] [info] [thread 110398] [daheng_demo.cpp AddGain:437] 增益 -> 16.400000000000002 dB
[2026-10-07 13:54:10.801] [info] [thread 110398] [daheng_demo.cpp AddGain:437] 增益 -> 16.5 dB
[2026-10-07 13:54:10.838] [info] [thread 110398] [daheng_demo.cpp AddGain:437] 增益 -> 16.6 dB
[2026-10-07 13:54:10.875] [info] [thread 110398] [daheng_demo.cpp AddGain:437] 增益 -> 16.700000000000003 dB
[2026-10-07 13:54:10.914] [info] [thread 110398] [daheng_demo.cpp AddGain:437] 增益 -> 16.8 dB
[2026-10-07 13:54:10.953] [info] [thread 110398] [daheng_demo.cpp AddGain:437] 增益 -> 16.900000000000002 dB
[2026-10-07 13:54:10.990] [info] [thread 110398] [daheng_demo.cpp AddGain:437] 增益 -> 17 dB
[2026-10-07 13:54:11.028] [info] [thread 110398] [daheng_demo.cpp AddGain:437] 增益 -> 17.1 dB
[2026-10-07 13:54:11.065] [info] [thread 110398] [daheng_demo.cpp AddGain:437] 增益 -> 17.200000000000003 dB
[2026-10-07 13:54:11.101] [info] [thread 110398] [daheng_demo.cpp AddGain:437] 增益 -> 17.3 dB
[2026-10-07 13:54:11.139] [info] [thread 110398] [daheng_demo.cpp AddGain:437] 增益 -> 17.400000000000002 dB
[2026-10-07 13:54:11.178] [info] [thread 110398] [daheng_demo.cpp AddGain:437] 增益 -> 17.5 dB
[2026-10-07 13:54:11.214] [info] [thread 110398] [daheng_demo.cpp AddGain:437] 增益 -> 17.6 dB
[2026-10-07 13:54:11.250] [info] [thread 110398] [daheng_demo.cpp AddGain:437] 增益 -> 17.700000000000003 dB
[2026-10-07 13:54:11.286] [info] [thread 110398] [daheng_demo.cpp AddGain:437] 增益 -> 17.8 dB
[2026-10-07 13:54:11.323] [info] [thread 110398] [daheng_demo.cpp AddGain:437] 增益 -> 17.900000000000002 dB
[2026-10-07 13:54:11.358] [info] [thread 110398] [daheng_demo.cpp AddGain:437] 增益 -> 18 dB
[2026-10-07 13:54:11.394] [info] [thread 110398] [daheng_demo.cpp AddGain:437] 增益 -> 18.1 dB
[2026-10-07 13:54:11.432] [info] [thread 110398] [daheng_demo.cpp AddGain:437] 增益 -> 18.200000000000003 dB
[2026-10-07 13:54:11.468] [info] [thread 110398] [daheng_demo.cpp AddGain:437] 增益 -> 18.3 dB
[2026-10-07 13:54:11.502] [info] [thread 110398] [daheng_demo.cpp AddGain:437] 增益 -> 18.400000000000002 dB
[2026-10-07 13:54:11.538] [info] [thread 110398] [daheng_demo.cpp AddGain:437] 增益 -> 18.5 dB
[2026-10-07 13:54:11.574] [info] [thread 110398] [daheng_demo.cpp AddGain:437] 增益 -> 18.6 dB
[2026-10-07 13:54:11.609] [info] [thread 110398] [daheng_demo.cpp AddGain:437] 增益 -> 18.700000000000003 dB
[2026-10-07 13:54:11.645] [info] [thread 110398] [daheng_demo.cpp AddGain:437] 增益 -> 18.8 dB
[2026-10-07 13:54:11.680] [info] [thread 110398] [daheng_demo.cpp AddGain:437] 增益 -> 18.900000000000002 dB
[2026-10-07 13:54:11.713] [info] [thread 110398] [daheng_demo.cpp AddGain:437] 增益 -> 19 dB
[2026-10-07 13:54:11.749] [info] [thread 110398] [daheng_demo.cpp AddGain:437] 增益 -> 19.1 dB
[2026-10-07 13:54:11.783] [info] [thread 110398] [daheng_demo.cpp AddGain:437] 增益 -> 19.200000000000003 dB
[2026-10-07 13:54:11.816] [info] [thread 110398] [daheng_demo.cpp AddGain:437] 增益 -> 19.3 dB
[2026-10-07 13:54:11.853] [info] [thread 110398] [daheng_demo.cpp AddGain:437] 增益 -> 19.400000000000002 dB
[2026-10-07 13:54:11.887] [info] [thread 110398] [daheng_demo.cpp AddGain:437] 增益 -> 19.5 dB
[2026-10-07 13:54:11.920] [info] [thread 110398] [daheng_demo.cpp AddGain:437] 增益 -> 19.6 dB
[2026-10-07 13:54:11.954] [info] [thread 110398] [daheng_demo.cpp AddGain:437] 增益 -> 19.700000000000003 dB
[2026-10-07 13:54:11.988] [info] [thread 110398] [daheng_demo.cpp AddGain:437] 增益 -> 19.8 dB
[2026-10-07 13:54:12.024] [info] [thread 110398] [daheng_demo.cpp AddGain:437] 增益 -> 19.900000000000002 dB
[2026-10-07 13:54:12.064] [info] [thread 110398] [daheng_demo.cpp AddGain:437] 增益 -> 20 dB
[2026-10-07 13:54:12.101] [info] [thread 110398] [daheng_demo.cpp AddGain:437] 增益 -> 20.1 dB
[2026-10-07 13:54:12.138] [info] [thread 110398] [daheng_demo.cpp AddGain:437] 增益 -> 20.200000000000003 dB
[2026-10-07 13:54:12.174] [info] [thread 110398] [daheng_demo.cpp AddGain:437] 增益 -> 20.3 dB
[2026-10-07 13:54:12.210] [info] [thread 110398] [daheng_demo.cpp AddGain:437] 增益 -> 20.400000000000002 dB
[2026-10-07 13:54:12.245] [info] [thread 110398] [daheng_demo.cpp AddGain:437] 增益 -> 20.5 dB
[2026-10-07 13:54:12.281] [info] [thread 110398] [daheng_demo.cpp AddGain:437] 增益 -> 20.6 dB
[2026-10-07 13:54:12.316] [info] [thread 110398] [daheng_demo.cpp AddGain:437] 增益 -> 20.5 dB
[2026-10-07 13:54:14.825] [info] [thread 110398] [daheng_demo.cpp AddExposureTime:413] 曝光时间 -> 5800 us
[2026-10-07 13:54:15.333] [info] [thread 110398] [daheng_demo.cpp AddExposureTime:413] 曝光时间 -> 5825 us
[2026-10-07 13:54:15.372] [info] [thread 110398] [daheng_demo.cpp AddExposureTime:413] 曝光时间 -> 5850 us
[2026-10-07 13:54:15.406] [info] [thread 110398] [daheng_demo.cpp AddExposureTime:413] 曝光时间 -> 5875 us
[2026-10-07 13:54:15.441] [info] [thread 110398] [daheng_demo.cpp AddExposureTime:413] 曝光时间 -> 5900 us
[2026-10-07 13:54:15.475] [info] [thread 110398] [daheng_demo.cpp AddExposureTime:413] 曝光时间 -> 5925 us
[2026-10-07 13:54:15.510] [info] [thread 110398] [daheng_demo.cpp AddExposureTime:413] 曝光时间 -> 5950 us
[2026-10-07 13:54:16.737] [info] [thread 110398] [daheng_demo.cpp AddGain:437] 增益 -> 20.6 dB
[2026-10-07 13:54:17.243] [info] [thread 110398] [daheng_demo.cpp AddGain:437] 增益 -> 20.700000000000003 dB
[2026-10-07 13:54:17.277] [info] [thread 110398] [daheng_demo.cpp AddGain:437] 增益 -> 20.8 dB
[2026-10-07 13:54:17.313] [info] [thread 110398] [daheng_demo.cpp AddGain:437] 增益 -> 20.900000000000002 dB
[2026-10-07 13:54:17.347] [info] [thread 110398] [daheng_demo.cpp AddGain:437] 增益 -> 21 dB
[2026-10-07 13:54:17.380] [info] [thread 110398] [daheng_demo.cpp AddGain:437] 增益 -> 21.1 dB
[2026-10-07 13:54:17.416] [info] [thread 110398] [daheng_demo.cpp AddGain:437] 增益 -> 21.200000000000003 dB
[2026-10-07 13:54:17.450] [info] [thread 110398] [daheng_demo.cpp AddGain:437] 增益 -> 21.3 dB
[2026-10-07 13:54:17.491] [info] [thread 110398] [daheng_demo.cpp AddGain:437] 增益 -> 21.400000000000002 dB
[2026-10-07 13:54:17.527] [info] [thread 110398] [daheng_demo.cpp AddGain:437] 增益 -> 21.5 dB
[2026-10-07 13:54:17.563] [info] [thread 110398] [daheng_demo.cpp AddGain:437] 增益 -> 21.6 dB
[2026-10-07 13:54:17.598] [info] [thread 110398] [daheng_demo.cpp AddGain:437] 增益 -> 21.700000000000003 dB
[2026-10-07 13:54:17.632] [info] [thread 110398] [daheng_demo.cpp AddGain:437] 增益 -> 21.8 dB
[2026-10-07 13:54:17.667] [info] [thread 110398] [daheng_demo.cpp AddGain:437] 增益 -> 21.900000000000002 dB
[2026-10-07 13:54:17.702] [info] [thread 110398] [daheng_demo.cpp AddGain:437] 增益 -> 22 dB
[2026-10-07 13:54:17.737] [info] [thread 110398] [daheng_demo.cpp AddGain:437] 增益 -> 22.1 dB
[2026-10-07 13:54:17.775] [info] [thread 110398] [daheng_demo.cpp AddGain:437] 增益 -> 22.200000000000003 dB
[2026-10-07 13:54:17.812] [info] [thread 110398] [daheng_demo.cpp AddGain:437] 增益 -> 22.3 dB
[2026-10-07 13:54:17.847] [info] [thread 110398] [daheng_demo.cpp AddGain:437] 增益 -> 22.400000000000002 dB
[2026-10-07 13:54:17.884] [info] [thread 110398] [daheng_demo.cpp AddGain:437] 增益 -> 22.5 dB
[2026-10-07 13:54:17.922] [info] [thread 110398] [daheng_demo.cpp AddGain:437] 增益 -> 22.6 dB
[2026-10-07 13:54:17.959] [info] [thread 110398] [daheng_demo.cpp AddGain:437] 增益 -> 22.700000000000003 dB
[2026-10-07 13:54:18.024] [info] [thread 110398] [daheng_demo.cpp AddGain:437] 增益 -> 22.599999999999998 dB
[2026-10-07 13:54:18.521] [info] [thread 110398] [daheng_demo.cpp AddGain:437] 增益 -> 22.5 dB
[2026-10-07 13:54:18.559] [info] [thread 110398] [daheng_demo.cpp AddGain:437] 增益 -> 22.4 dB
[2026-10-07 13:54:18.597] [info] [thread 110398] [daheng_demo.cpp AddGain:437] 增益 -> 22.299999999999997 dB
[2026-10-07 13:54:18.636] [info] [thread 110398] [daheng_demo.cpp AddGain:437] 增益 -> 22.2 dB
[2026-10-07 13:54:18.673] [info] [thread 110398] [daheng_demo.cpp AddGain:437] 增益 -> 22.099999999999998 dB
[2026-10-07 13:54:18.711] [info] [thread 110398] [daheng_demo.cpp AddGain:437] 增益 -> 22 dB
[2026-10-07 13:54:18.746] [info] [thread 110398] [daheng_demo.cpp AddGain:437] 增益 -> 21.9 dB
[2026-10-07 13:54:18.782] [info] [thread 110398] [daheng_demo.cpp AddGain:437] 增益 -> 21.799999999999997 dB
[2026-10-07 13:54:18.820] [info] [thread 110398] [daheng_demo.cpp AddGain:437] 增益 -> 21.7 dB
[2026-10-07 13:54:18.855] [info] [thread 110398] [daheng_demo.cpp AddGain:437] 增益 -> 21.599999999999998 dB
[2026-10-07 13:54:18.893] [info] [thread 110398] [daheng_demo.cpp AddGain:437] 增益 -> 21.5 dB
[2026-10-07 13:54:18.930] [info] [thread 110398] [daheng_demo.cpp AddGain:437] 增益 -> 21.4 dB
[2026-10-07 13:54:18.969] [info] [thread 110398] [daheng_demo.cpp AddGain:437] 增益 -> 21.299999999999997 dB
[2026-10-07 13:54:19.005] [info] [thread 110398] [daheng_demo.cpp AddGain:437] 增益 -> 21.2 dB
[2026-10-07 13:54:19.043] [info] [thread 110398] [daheng_demo.cpp AddGain:437] 增益 -> 21.099999999999998 dB
[2026-10-07 13:54:19.080] [info] [thread 110398] [daheng_demo.cpp AddGain:437] 增益 -> 21 dB
[2026-10-07 13:54:19.115] [info] [thread 110398] [daheng_demo.cpp AddGain:437] 增益 -> 20.9 dB
[2026-10-07 13:54:19.151] [info] [thread 110398] [daheng_demo.cpp AddGain:437] 增益 -> 20.799999999999997 dB
[2026-10-07 13:54:19.187] [info] [thread 110398] [daheng_demo.cpp AddGain:437] 增益 -> 20.7 dB
[2026-10-07 13:54:19.225] [info] [thread 110398] [daheng_demo.cpp AddGain:437] 增益 -> 20.599999999999998 dB
[2026-10-07 13:54:19.263] [info] [thread 110398] [daheng_demo.cpp AddGain:437] 增益 -> 20.5 dB
[2026-10-07 13:54:19.301] [info] [thread 110398] [daheng_demo.cpp AddGain:437] 增益 -> 20.4 dB
[2026-10-07 13:54:19.339] [info] [thread 110398] [daheng_demo.cpp AddGain:437] 增益 -> 20.299999999999997 dB
[2026-10-07 13:54:19.377] [info] [thread 110398] [daheng_demo.cpp AddGain:437] 增益 -> 20.2 dB
[2026-10-07 13:54:19.412] [info] [thread 110398] [daheng_demo.cpp AddGain:437] 增益 -> 20.099999999999998 dB
[2026-10-07 13:54:19.447] [info] [thread 110398] [daheng_demo.cpp AddGain:437] 增益 -> 20 dB
[2026-10-07 13:54:19.485] [info] [thread 110398] [daheng_demo.cpp AddGain:437] 增益 -> 19.9 dB
[2026-10-07 13:54:19.522] [info] [thread 110398] [daheng_demo.cpp AddGain:437] 增益 -> 19.799999999999997 dB
[2026-10-07 13:54:19.560] [info] [thread 110398] [daheng_demo.cpp AddGain:437] 增益 -> 19.7 dB
[2026-10-07 13:54:19.594] [info] [thread 110398] [daheng_demo.cpp AddGain:437] 增益 -> 19.599999999999998 dB
[2026-10-07 13:54:19.632] [info] [thread 110398] [daheng_demo.cpp AddGain:437] 增益 -> 19.5 dB
[2026-10-07 13:54:19.670] [info] [thread 110398] [daheng_demo.cpp AddGain:437] 增益 -> 19.4 dB
[2026-10-07 13:54:19.709] [info] [thread 110398] [daheng_demo.cpp AddGain:437] 增益 -> 19.299999999999997 dB
[2026-10-07 13:54:19.747] [info] [thread 110398] [daheng_demo.cpp AddGain:437] 增益 -> 19.2 dB
[2026-10-07 13:54:19.784] [info] [thread 110398] [daheng_demo.cpp AddGain:437] 增益 -> 19.099999999999998 dB
[2026-10-07 13:54:19.821] [info] [thread 110398] [daheng_demo.cpp AddGain:437] 增益 -> 19 dB
[2026-10-07 13:54:19.859] [info] [thread 110398] [daheng_demo.cpp AddGain:437] 增益 -> 18.9 dB
[2026-10-07 13:54:19.894] [info] [thread 110398] [daheng_demo.cpp AddGain:437] 增益 -> 18.799999999999997 dB
[2026-10-07 13:54:19.930] [info] [thread 110398] [daheng_demo.cpp AddGain:437] 增益 -> 18.7 dB
[2026-10-07 13:54:19.966] [info] [thread 110398] [daheng_demo.cpp AddGain:437] 增益 -> 18.599999999999998 dB
[2026-10-07 13:54:20.003] [info] [thread 110398] [daheng_demo.cpp AddGain:437] 增益 -> 18.5 dB
[2026-10-07 13:54:20.040] [info] [thread 110398] [daheng_demo.cpp AddGain:437] 增益 -> 18.4 dB
[2026-10-07 13:54:20.078] [info] [thread 110398] [daheng_demo.cpp AddGain:437] 增益 -> 18.299999999999997 dB
[2026-10-07 13:54:20.116] [info] [thread 110398] [daheng_demo.cpp AddGain:437] 增益 -> 18.2 dB
[2026-10-07 13:54:20.155] [info] [thread 110398] [daheng_demo.cpp AddGain:437] 增益 -> 18.099999999999998 dB
[2026-10-07 13:54:20.192] [info] [thread 110398] [daheng_demo.cpp AddGain:437] 增益 -> 18 dB
[2026-10-07 13:54:20.228] [info] [thread 110398] [daheng_demo.cpp AddGain:437] 增益 -> 17.9 dB
[2026-10-07 13:54:20.266] [info] [thread 110398] [daheng_demo.cpp AddGain:437] 增益 -> 17.799999999999997 dB
[2026-10-07 13:54:20.302] [info] [thread 110398] [daheng_demo.cpp AddGain:437] 增益 -> 17.7 dB
[2026-10-07 13:54:20.338] [info] [thread 110398] [daheng_demo.cpp AddGain:437] 增益 -> 17.599999999999998 dB
[2026-10-07 13:54:20.373] [info] [thread 110398] [daheng_demo.cpp AddGain:437] 增益 -> 17.5 dB
[2026-10-07 13:54:20.409] [info] [thread 110398] [daheng_demo.cpp AddGain:437] 增益 -> 17.4 dB
[2026-10-07 13:54:20.445] [info] [thread 110398] [daheng_demo.cpp AddGain:437] 增益 -> 17.299999999999997 dB
[2026-10-07 13:54:20.482] [info] [thread 110398] [daheng_demo.cpp AddGain:437] 增益 -> 17.2 dB
[2026-10-07 13:54:20.517] [info] [thread 110398] [daheng_demo.cpp AddGain:437] 增益 -> 17.099999999999998 dB
[2026-10-07 13:54:20.555] [info] [thread 110398] [daheng_demo.cpp AddGain:437] 增益 -> 17 dB
[2026-10-07 13:54:20.591] [info] [thread 110398] [daheng_demo.cpp AddGain:437] 增益 -> 16.9 dB
[2026-10-07 13:54:20.627] [info] [thread 110398] [daheng_demo.cpp AddGain:437] 增益 -> 16.799999999999997 dB
[2026-10-07 13:54:20.665] [info] [thread 110398] [daheng_demo.cpp AddGain:437] 增益 -> 16.7 dB
[2026-10-07 13:54:20.703] [info] [thread 110398] [daheng_demo.cpp AddGain:437] 增益 -> 16.599999999999998 dB
[2026-10-07 13:54:20.739] [info] [thread 110398] [daheng_demo.cpp AddGain:437] 增益 -> 16.5 dB
[2026-10-07 13:54:20.778] [info] [thread 110398] [daheng_demo.cpp AddGain:437] 增益 -> 16.4 dB
[2026-10-07 13:54:21.387] [info] [thread 110398] [daheng_demo.cpp AddGain:437] 增益 -> 16.299999999999997 dB
[2026-10-07 13:54:21.875] [info] [thread 110398] [daheng_demo.cpp AddGain:437] 增益 -> 16.2 dB
[2026-10-07 13:54:21.912] [info] [thread 110398] [daheng_demo.cpp AddGain:437] 增益 -> 16.099999999999998 dB
[2026-10-07 13:54:21.949] [info] [thread 110398] [daheng_demo.cpp AddGain:437] 增益 -> 16 dB
[2026-10-07 13:54:21.985] [info] [thread 110398] [daheng_demo.cpp AddGain:437] 增益 -> 15.9 dB
[2026-10-07 13:54:22.021] [info] [thread 110398] [daheng_demo.cpp AddGain:437] 增益 -> 15.8 dB
[2026-10-07 13:54:22.056] [info] [thread 110398] [daheng_demo.cpp AddGain:437] 增益 -> 15.700000000000001 dB
[2026-10-07 13:54:22.093] [info] [thread 110398] [daheng_demo.cpp AddGain:437] 增益 -> 15.6 dB
[2026-10-07 13:54:22.129] [info] [thread 110398] [daheng_demo.cpp AddGain:437] 增益 -> 15.5 dB
[2026-10-07 13:54:22.165] [info] [thread 110398] [daheng_demo.cpp AddGain:437] 增益 -> 15.4 dB
[2026-10-07 13:54:22.203] [info] [thread 110398] [daheng_demo.cpp AddGain:437] 增益 -> 15.3 dB
[2026-10-07 13:54:22.239] [info] [thread 110398] [daheng_demo.cpp AddGain:437] 增益 -> 15.200000000000001 dB
[2026-10-07 13:54:22.276] [info] [thread 110398] [daheng_demo.cpp AddGain:437] 增益 -> 15.1 dB
[2026-10-07 13:54:22.313] [info] [thread 110398] [daheng_demo.cpp AddGain:437] 增益 -> 15 dB
[2026-10-07 13:54:22.350] [info] [thread 110398] [daheng_demo.cpp AddGain:437] 增益 -> 14.9 dB
[2026-10-07 13:54:22.388] [info] [thread 110398] [daheng_demo.cpp AddGain:437] 增益 -> 14.8 dB
[2026-10-07 13:54:22.425] [info] [thread 110398] [daheng_demo.cpp AddGain:437] 增益 -> 14.700000000000001 dB
[2026-10-07 13:54:22.463] [info] [thread 110398] [daheng_demo.cpp AddGain:437] 增益 -> 14.6 dB
[2026-10-07 13:54:22.500] [info] [thread 110398] [daheng_demo.cpp AddGain:437] 增益 -> 14.5 dB
[2026-10-07 13:54:22.537] [info] [thread 110398] [daheng_demo.cpp AddGain:437] 增益 -> 14.4 dB
[2026-10-07 13:54:22.575] [info] [thread 110398] [daheng_demo.cpp AddGain:437] 增益 -> 14.3 dB
[2026-10-07 13:54:22.612] [info] [thread 110398] [daheng_demo.cpp AddGain:437] 增益 -> 14.200000000000001 dB
[2026-10-07 13:54:22.649] [info] [thread 110398] [daheng_demo.cpp AddGain:437] 增益 -> 14.1 dB
[2026-10-07 13:54:22.684] [info] [thread 110398] [daheng_demo.cpp AddGain:437] 增益 -> 14 dB
[2026-10-07 13:54:22.720] [info] [thread 110398] [daheng_demo.cpp AddGain:437] 增益 -> 13.9 dB
[2026-10-07 13:54:22.757] [info] [thread 110398] [daheng_demo.cpp AddGain:437] 增益 -> 13.8 dB
[2026-10-07 13:54:22.795] [info] [thread 110398] [daheng_demo.cpp AddGain:437] 增益 -> 13.700000000000001 dB
[2026-10-07 13:54:22.833] [info] [thread 110398] [daheng_demo.cpp AddGain:437] 增益 -> 13.6 dB
[2026-10-07 13:54:22.870] [info] [thread 110398] [daheng_demo.cpp AddGain:437] 增益 -> 13.5 dB
[2026-10-07 13:54:22.905] [info] [thread 110398] [daheng_demo.cpp AddGain:437] 增益 -> 13.4 dB
[2026-10-07 13:54:22.941] [info] [thread 110398] [daheng_demo.cpp AddGain:437] 增益 -> 13.3 dB
[2026-10-07 13:54:22.980] [info] [thread 110398] [daheng_demo.cpp AddGain:437] 增益 -> 13.200000000000001 dB
[2026-10-07 13:54:23.014] [info] [thread 110398] [daheng_demo.cpp AddGain:437] 增益 -> 13.1 dB
[2026-10-07 13:54:23.049] [info] [thread 110398] [daheng_demo.cpp AddGain:437] 增益 -> 13 dB
[2026-10-07 13:54:23.086] [info] [thread 110398] [daheng_demo.cpp AddGain:437] 增益 -> 12.9 dB
[2026-10-07 13:54:24.097] [info] [thread 110398] [daheng_demo.cpp AddGain:437] 增益 -> 12.8 dB
[2026-10-07 13:54:24.588] [info] [thread 110398] [daheng_demo.cpp AddGain:437] 增益 -> 12.700000000000001 dB
[2026-10-07 13:54:24.627] [info] [thread 110398] [daheng_demo.cpp AddGain:437] 增益 -> 12.6 dB
[2026-10-07 13:54:24.665] [info] [thread 110398] [daheng_demo.cpp AddGain:437] 增益 -> 12.5 dB
[2026-10-07 13:54:24.702] [info] [thread 110398] [daheng_demo.cpp AddGain:437] 增益 -> 12.4 dB
[2026-10-07 13:54:24.738] [info] [thread 110398] [daheng_demo.cpp AddGain:437] 增益 -> 12.3 dB
[2026-10-07 13:54:24.774] [info] [thread 110398] [daheng_demo.cpp AddGain:437] 增益 -> 12.200000000000001 dB
[2026-10-07 13:54:24.813] [info] [thread 110398] [daheng_demo.cpp AddGain:437] 增益 -> 12.1 dB
[2026-10-07 13:54:24.849] [info] [thread 110398] [daheng_demo.cpp AddGain:437] 增益 -> 12 dB
[2026-10-07 13:54:24.888] [info] [thread 110398] [daheng_demo.cpp AddGain:437] 增益 -> 11.9 dB
[2026-10-07 13:54:24.924] [info] [thread 110398] [daheng_demo.cpp AddGain:437] 增益 -> 11.8 dB
[2026-10-07 13:54:24.960] [info] [thread 110398] [daheng_demo.cpp AddGain:437] 增益 -> 11.700000000000001 dB
[2026-10-07 13:54:24.995] [info] [thread 110398] [daheng_demo.cpp AddGain:437] 增益 -> 11.6 dB
[2026-10-07 13:54:25.032] [info] [thread 110398] [daheng_demo.cpp AddGain:437] 增益 -> 11.5 dB
[2026-10-07 13:54:25.070] [info] [thread 110398] [daheng_demo.cpp AddGain:437] 增益 -> 11.4 dB
[2026-10-07 13:54:25.103] [info] [thread 110398] [daheng_demo.cpp AddGain:437] 增益 -> 11.3 dB
[2026-10-07 13:54:25.142] [info] [thread 110398] [daheng_demo.cpp AddGain:437] 增益 -> 11.200000000000001 dB
[2026-10-07 13:54:25.179] [info] [thread 110398] [daheng_demo.cpp AddGain:437] 增益 -> 11.1 dB
[2026-10-07 13:54:25.217] [info] [thread 110398] [daheng_demo.cpp AddGain:437] 增益 -> 11 dB
[2026-10-07 13:54:26.282] [info] [thread 110398] [daheng_demo.cpp AddGain:437] 增益 -> 10.9 dB
[2026-10-07 13:54:26.802] [info] [thread 110398] [daheng_demo.cpp AddGain:437] 增益 -> 10.8 dB
[2026-10-07 13:54:26.840] [info] [thread 110398] [daheng_demo.cpp AddGain:437] 增益 -> 10.700000000000001 dB
[2026-10-07 13:54:26.878] [info] [thread 110398] [daheng_demo.cpp AddGain:437] 增益 -> 10.6 dB
[2026-10-07 13:54:26.911] [info] [thread 110398] [daheng_demo.cpp AddGain:437] 增益 -> 10.5 dB
[2026-10-07 13:54:26.945] [info] [thread 110398] [daheng_demo.cpp AddGain:437] 增益 -> 10.4 dB
[2026-10-07 13:54:26.979] [info] [thread 110398] [daheng_demo.cpp AddGain:437] 增益 -> 10.3 dB
[2026-10-07 13:54:27.014] [info] [thread 110398] [daheng_demo.cpp AddGain:437] 增益 -> 10.200000000000001 dB
[2026-10-07 13:54:27.049] [info] [thread 110398] [daheng_demo.cpp AddGain:437] 增益 -> 10.1 dB
[2026-10-07 13:54:27.084] [info] [thread 110398] [daheng_demo.cpp AddGain:437] 增益 -> 10 dB
[2026-10-07 13:54:27.118] [info] [thread 110398] [daheng_demo.cpp AddGain:437] 增益 -> 9.9 dB
[2026-10-07 13:54:27.154] [info] [thread 110398] [daheng_demo.cpp AddGain:437] 增益 -> 9.8 dB
[2026-10-07 13:54:27.188] [info] [thread 110398] [daheng_demo.cpp AddGain:437] 增益 -> 9.700000000000001 dB
[2026-10-07 13:54:27.222] [info] [thread 110398] [daheng_demo.cpp AddGain:437] 增益 -> 9.6 dB
[2026-10-07 13:54:27.258] [info] [thread 110398] [daheng_demo.cpp AddGain:437] 增益 -> 9.5 dB
[2026-10-07 13:54:27.293] [info] [thread 110398] [daheng_demo.cpp AddGain:437] 增益 -> 9.4 dB
[2026-10-07 13:54:27.326] [info] [thread 110398] [daheng_demo.cpp AddGain:437] 增益 -> 9.3 dB
[2026-10-07 13:54:27.361] [info] [thread 110398] [daheng_demo.cpp AddGain:437] 增益 -> 9.200000000000001 dB
[2026-10-07 13:54:27.394] [info] [thread 110398] [daheng_demo.cpp AddGain:437] 增益 -> 9.1 dB
[2026-10-07 13:54:27.427] [info] [thread 110398] [daheng_demo.cpp AddGain:437] 增益 -> 9 dB
[2026-10-07 13:54:29.265] [info] [thread 110398] [daheng_demo.cpp AddExposureTime:413] 曝光时间 -> 5975 us
[2026-10-07 13:54:29.763] [info] [thread 110398] [daheng_demo.cpp AddExposureTime:413] 曝光时间 -> 6000 us
[2026-10-07 13:54:29.799] [info] [thread 110398] [daheng_demo.cpp AddExposureTime:413] 曝光时间 -> 6025 us
[2026-10-07 13:54:29.835] [info] [thread 110398] [daheng_demo.cpp AddExposureTime:413] 曝光时间 -> 6050 us
[2026-10-07 13:54:29.871] [info] [thread 110398] [daheng_demo.cpp AddExposureTime:413] 曝光时间 -> 6075 us
[2026-10-07 13:54:29.906] [info] [thread 110398] [daheng_demo.cpp AddExposureTime:413] 曝光时间 -> 6100 us
[2026-10-07 13:54:29.941] [info] [thread 110398] [daheng_demo.cpp AddExposureTime:413] 曝光时间 -> 6125 us
[2026-10-07 13:54:29.978] [info] [thread 110398] [daheng_demo.cpp AddExposureTime:413] 曝光时间 -> 6150 us
[2026-10-07 13:54:30.013] [info] [thread 110398] [daheng_demo.cpp AddExposureTime:413] 曝光时间 -> 6175 us
[2026-10-07 13:54:30.050] [info] [thread 110398] [daheng_demo.cpp AddExposureTime:413] 曝光时间 -> 6200 us
[2026-10-07 13:54:30.085] [info] [thread 110398] [daheng_demo.cpp AddExposureTime:413] 曝光时间 -> 6225 us
[2026-10-07 13:54:30.120] [info] [thread 110398] [daheng_demo.cpp AddExposureTime:413] 曝光时间 -> 6250 us
[2026-10-07 13:54:30.155] [info] [thread 110398] [daheng_demo.cpp AddExposureTime:413] 曝光时间 -> 6275 us
[2026-10-07 13:54:30.189] [info] [thread 110398] [daheng_demo.cpp AddExposureTime:413] 曝光时间 -> 6300 us
[2026-10-07 13:54:30.225] [info] [thread 110398] [daheng_demo.cpp AddExposureTime:413] 曝光时间 -> 6325 us
[2026-10-07 13:54:30.258] [info] [thread 110398] [daheng_demo.cpp AddExposureTime:413] 曝光时间 -> 6350 us
[2026-10-07 13:54:30.295] [info] [thread 110398] [daheng_demo.cpp AddExposureTime:413] 曝光时间 -> 6375 us
[2026-10-07 13:54:30.328] [info] [thread 110398] [daheng_demo.cpp AddExposureTime:413] 曝光时间 -> 6400 us
[2026-10-07 13:54:30.360] [info] [thread 110398] [daheng_demo.cpp AddExposureTime:413] 曝光时间 -> 6425 us
[2026-10-07 13:54:30.394] [info] [thread 110398] [daheng_demo.cpp AddExposureTime:413] 曝光时间 -> 6450 us
[2026-10-07 13:54:30.427] [info] [thread 110398] [daheng_demo.cpp AddExposureTime:413] 曝光时间 -> 6475 us
[2026-10-07 13:54:30.461] [info] [thread 110398] [daheng_demo.cpp AddExposureTime:413] 曝光时间 -> 6500 us
[2026-10-07 13:54:30.496] [info] [thread 110398] [daheng_demo.cpp AddExposureTime:413] 曝光时间 -> 6525 us
[2026-10-07 13:54:30.534] [info] [thread 110398] [daheng_demo.cpp AddExposureTime:413] 曝光时间 -> 6550 us
[2026-10-07 13:54:30.567] [info] [thread 110398] [daheng_demo.cpp AddExposureTime:413] 曝光时间 -> 6575 us
[2026-10-07 13:54:30.601] [info] [thread 110398] [daheng_demo.cpp AddExposureTime:413] 曝光时间 -> 6600 us
[2026-10-07 13:54:30.639] [info] [thread 110398] [daheng_demo.cpp AddExposureTime:413] 曝光时间 -> 6625 us
[2026-10-07 13:54:30.673] [info] [thread 110398] [daheng_demo.cpp AddExposureTime:413] 曝光时间 -> 6650 us
[2026-10-07 13:54:30.707] [info] [thread 110398] [daheng_demo.cpp AddExposureTime:413] 曝光时间 -> 6675 us
[2026-10-07 13:54:30.743] [info] [thread 110398] [daheng_demo.cpp AddExposureTime:413] 曝光时间 -> 6700 us
[2026-10-07 13:54:30.777] [info] [thread 110398] [daheng_demo.cpp AddExposureTime:413] 曝光时间 -> 6725 us
[2026-10-07 13:54:30.812] [info] [thread 110398] [daheng_demo.cpp AddExposureTime:413] 曝光时间 -> 6750 us
[2026-10-07 13:54:30.849] [info] [thread 110398] [daheng_demo.cpp AddExposureTime:413] 曝光时间 -> 6775 us
[2026-10-07 13:54:30.884] [info] [thread 110398] [daheng_demo.cpp AddExposureTime:413] 曝光时间 -> 6800 us
[2026-10-07 13:54:30.920] [info] [thread 110398] [daheng_demo.cpp AddExposureTime:413] 曝光时间 -> 6825 us
[2026-10-07 13:54:30.955] [info] [thread 110398] [daheng_demo.cpp AddExposureTime:413] 曝光时间 -> 6850 us
[2026-10-07 13:54:30.991] [info] [thread 110398] [daheng_demo.cpp AddExposureTime:413] 曝光时间 -> 6875 us
[2026-10-07 13:54:31.026] [info] [thread 110398] [daheng_demo.cpp AddExposureTime:413] 曝光时间 -> 6900 us
[2026-10-07 13:54:31.062] [info] [thread 110398] [daheng_demo.cpp AddExposureTime:413] 曝光时间 -> 6925 us
[2026-10-07 13:54:31.098] [info] [thread 110398] [daheng_demo.cpp AddExposureTime:413] 曝光时间 -> 6950 us
[2026-10-07 13:54:31.135] [info] [thread 110398] [daheng_demo.cpp AddExposureTime:413] 曝光时间 -> 6975 us
[2026-10-07 13:54:31.169] [info] [thread 110398] [daheng_demo.cpp AddExposureTime:413] 曝光时间 -> 7000 us
[2026-10-07 13:54:31.202] [info] [thread 110398] [daheng_demo.cpp AddExposureTime:413] 曝光时间 -> 7025 us
[2026-10-07 13:54:31.652] [info] [thread 110398] [daheng_demo.cpp AddExposureTime:413] 曝光时间 -> 7050 us
[2026-10-07 13:54:32.151] [info] [thread 110398] [daheng_demo.cpp AddExposureTime:413] 曝光时间 -> 7075 us
[2026-10-07 13:54:32.187] [info] [thread 110398] [daheng_demo.cpp AddExposureTime:413] 曝光时间 -> 7100 us
[2026-10-07 13:54:32.221] [info] [thread 110398] [daheng_demo.cpp AddExposureTime:413] 曝光时间 -> 7125 us
[2026-10-07 13:54:32.254] [info] [thread 110398] [daheng_demo.cpp AddExposureTime:413] 曝光时间 -> 7150 us
[2026-10-07 13:54:32.292] [info] [thread 110398] [daheng_demo.cpp AddExposureTime:413] 曝光时间 -> 7175 us
[2026-10-07 13:54:32.324] [info] [thread 110398] [daheng_demo.cpp AddExposureTime:413] 曝光时间 -> 7200 us
[2026-10-07 13:54:32.359] [info] [thread 110398] [daheng_demo.cpp AddExposureTime:413] 曝光时间 -> 7225 us
[2026-10-07 13:54:32.392] [info] [thread 110398] [daheng_demo.cpp AddExposureTime:413] 曝光时间 -> 7250 us
[2026-10-07 13:54:32.427] [info] [thread 110398] [daheng_demo.cpp AddExposureTime:413] 曝光时间 -> 7275 us
[2026-10-07 13:54:32.462] [info] [thread 110398] [daheng_demo.cpp AddExposureTime:413] 曝光时间 -> 7300 us
[2026-10-07 13:54:32.497] [info] [thread 110398] [daheng_demo.cpp AddExposureTime:413] 曝光时间 -> 7325 us
[2026-10-07 13:54:32.532] [info] [thread 110398] [daheng_demo.cpp AddExposureTime:413] 曝光时间 -> 7350 us
[2026-10-07 13:54:32.569] [info] [thread 110398] [daheng_demo.cpp AddExposureTime:413] 曝光时间 -> 7375 us
[2026-10-07 13:54:32.605] [info] [thread 110398] [daheng_demo.cpp AddExposureTime:413] 曝光时间 -> 7400 us
[2026-10-07 13:54:32.640] [info] [thread 110398] [daheng_demo.cpp AddExposureTime:413] 曝光时间 -> 7425 us
[2026-10-07 13:54:32.675] [info] [thread 110398] [daheng_demo.cpp AddExposureTime:413] 曝光时间 -> 7450 us
[2026-10-07 13:54:32.713] [info] [thread 110398] [daheng_demo.cpp AddExposureTime:413] 曝光时间 -> 7475 us
[2026-10-07 13:54:32.751] [info] [thread 110398] [daheng_demo.cpp AddExposureTime:413] 曝光时间 -> 7500 us
[2026-10-07 13:54:32.793] [info] [thread 110398] [daheng_demo.cpp AddExposureTime:413] 曝光时间 -> 7525 us
[2026-10-07 13:54:32.832] [info] [thread 110398] [daheng_demo.cpp AddExposureTime:413] 曝光时间 -> 7550 us
[2026-10-07 13:54:32.870] [info] [thread 110398] [daheng_demo.cpp AddExposureTime:413] 曝光时间 -> 7575 us
[2026-10-07 13:54:32.908] [info] [thread 110398] [daheng_demo.cpp AddExposureTime:413] 曝光时间 -> 7600 us
[2026-10-07 13:54:32.944] [info] [thread 110398] [daheng_demo.cpp AddExposureTime:413] 曝光时间 -> 7625 us
[2026-10-07 13:54:36.751] [info] [thread 110398] [daheng_demo.cpp AddExposureTime:413] 曝光时间 -> 7650 us
[2026-10-07 13:54:37.251] [info] [thread 110398] [daheng_demo.cpp AddExposureTime:413] 曝光时间 -> 7675 us
[2026-10-07 13:54:37.289] [info] [thread 110398] [daheng_demo.cpp AddExposureTime:413] 曝光时间 -> 7700 us
[2026-10-07 13:54:37.327] [info] [thread 110398] [daheng_demo.cpp AddExposureTime:413] 曝光时间 -> 7725 us
[2026-10-07 13:54:37.362] [info] [thread 110398] [daheng_demo.cpp AddExposureTime:413] 曝光时间 -> 7750 us
[2026-10-07 13:54:37.399] [info] [thread 110398] [daheng_demo.cpp AddExposureTime:413] 曝光时间 -> 7775 us
[2026-10-07 13:54:37.436] [info] [thread 110398] [daheng_demo.cpp AddExposureTime:413] 曝光时间 -> 7800 us
[2026-10-07 13:54:37.473] [info] [thread 110398] [daheng_demo.cpp AddExposureTime:413] 曝光时间 -> 7825 us
[2026-10-07 13:54:37.511] [info] [thread 110398] [daheng_demo.cpp AddExposureTime:413] 曝光时间 -> 7850 us
[2026-10-07 13:54:37.548] [info] [thread 110398] [daheng_demo.cpp AddExposureTime:413] 曝光时间 -> 7875 us
[2026-10-07 13:54:37.585] [info] [thread 110398] [daheng_demo.cpp AddExposureTime:413] 曝光时间 -> 7900 us
[2026-10-07 13:54:37.619] [info] [thread 110398] [daheng_demo.cpp AddExposureTime:413] 曝光时间 -> 7925 us
[2026-10-07 13:54:37.656] [info] [thread 110398] [daheng_demo.cpp AddExposureTime:413] 曝光时间 -> 7950 us
[2026-10-07 13:54:37.690] [info] [thread 110398] [daheng_demo.cpp AddExposureTime:413] 曝光时间 -> 7975 us
[2026-10-07 13:54:37.726] [info] [thread 110398] [daheng_demo.cpp AddExposureTime:413] 曝光时间 -> 8000 us
[2026-10-07 13:54:37.761] [info] [thread 110398] [daheng_demo.cpp AddExposureTime:413] 曝光时间 -> 8025 us
[2026-10-07 13:57:02.284] [info] [thread 110398] [daheng_demo.cpp main:818] 相机已关闭
[2026-10-07 13:57:19.881] [info] [thread 110884] [daheng_demo.cpp main:494] daheng_demo 启动
[2026-10-07 13:57:19.904] [debug] [thread 110884] [daheng_demo.cpp main:499] GXInitLib status = 0
[2026-10-07 13:57:20.915] [info] [thread 110884] [daheng_demo.cpp EnumerateDevices:367] 共找到 1 台设备:
[2026-10-07 13:57:20.915] [info] [thread 110884] [daheng_demo.cpp EnumerateDevices:379]   [1] 型号: MER2-230-168U3C  序列号: FDE25070188
[2026-10-07 13:57:22.054] [info] [thread 110884] [daheng_demo.cpp main:537] 打开相机 FDE25070188 成功
[2026-10-07 13:57:22.088] [info] [thread 110884] [daheng_demo.cpp operator():571] ExposureTime 初始值 8025 -> 3000
[2026-10-07 13:57:22.101] [info] [thread 110884] [daheng_demo.cpp operator():571] Gain 初始值 9 -> 0
[2026-10-07 13:57:22.103] [warning] [thread 110884] [daheng_demo.cpp operator():559] 读取 Gamma 失败: {-8}{DoGetFloatRange:line[285]}{Node is not available. : AccessException thrown in node 'Gamma' while calling 'Gamma.GetMin()' (file 'FloatT.h', line 363)}
[2026-10-07 13:57:22.131] [info] [thread 110884] [daheng_demo.cpp main:617] 分辨率 1920x1200
[2026-10-07 13:57:22.134] [info] [thread 110884] [daheng_demo.cpp main:652] Bayer PixelColorFilter = 1，转换输出 BGR
[2026-10-07 13:57:22.183] [info] [thread 110884] [daheng_demo.cpp main:683] YOLO 模型加载成功: /home/zhongchengyi/Desktop/desktop/RM/runs/detect/train-3/weights/best.onnx
[2026-10-07 13:57:22.183] [info] [thread 110884] [daheng_demo.cpp main:693] 取流开始,按 e/d 调曝光、a/q 调增益、s/w 调伽马、ESC 退出
[2026-10-07 13:57:27.784] [info] [thread 110884] [daheng_demo.cpp AddGain:448] 增益 -> 0 dB
[2026-10-07 13:57:28.273] [info] [thread 110884] [daheng_demo.cpp AddGain:448] 增益 -> 0 dB
[2026-10-07 13:57:28.307] [info] [thread 110884] [daheng_demo.cpp AddGain:448] 增益 -> 0 dB
[2026-10-07 13:57:28.343] [info] [thread 110884] [daheng_demo.cpp AddGain:448] 增益 -> 0 dB
[2026-10-07 13:57:28.378] [info] [thread 110884] [daheng_demo.cpp AddGain:448] 增益 -> 0 dB
[2026-10-07 13:57:28.414] [info] [thread 110884] [daheng_demo.cpp AddGain:448] 增益 -> 0 dB
[2026-10-07 13:57:28.447] [info] [thread 110884] [daheng_demo.cpp AddGain:448] 增益 -> 0 dB
[2026-10-07 13:57:28.481] [info] [thread 110884] [daheng_demo.cpp AddGain:448] 增益 -> 0 dB
[2026-10-07 13:57:28.514] [info] [thread 110884] [daheng_demo.cpp AddGain:448] 增益 -> 0 dB
[2026-10-07 13:57:28.548] [info] [thread 110884] [daheng_demo.cpp AddGain:448] 增益 -> 0 dB
[2026-10-07 13:57:28.579] [info] [thread 110884] [daheng_demo.cpp AddGain:448] 增益 -> 0 dB
[2026-10-07 13:57:28.613] [info] [thread 110884] [daheng_demo.cpp AddGain:448] 增益 -> 0 dB
[2026-10-07 13:57:28.649] [info] [thread 110884] [daheng_demo.cpp AddGain:448] 增益 -> 0 dB
[2026-10-07 13:57:28.682] [info] [thread 110884] [daheng_demo.cpp AddGain:448] 增益 -> 0 dB
[2026-10-07 13:57:28.716] [info] [thread 110884] [daheng_demo.cpp AddGain:448] 增益 -> 0 dB
[2026-10-07 13:57:28.751] [info] [thread 110884] [daheng_demo.cpp AddGain:448] 增益 -> 0 dB
[2026-10-07 13:57:28.785] [info] [thread 110884] [daheng_demo.cpp AddGain:448] 增益 -> 0 dB
[2026-10-07 13:57:28.818] [info] [thread 110884] [daheng_demo.cpp AddGain:448] 增益 -> 0 dB
[2026-10-07 13:57:28.852] [info] [thread 110884] [daheng_demo.cpp AddGain:448] 增益 -> 0 dB
[2026-10-07 13:57:28.884] [info] [thread 110884] [daheng_demo.cpp AddGain:448] 增益 -> 0 dB
[2026-10-07 13:57:28.918] [info] [thread 110884] [daheng_demo.cpp AddGain:448] 增益 -> 0 dB
[2026-10-07 13:57:28.952] [info] [thread 110884] [daheng_demo.cpp AddGain:448] 增益 -> 0 dB
[2026-10-07 13:57:28.986] [info] [thread 110884] [daheng_demo.cpp AddGain:448] 增益 -> 0 dB
[2026-10-07 13:57:29.018] [info] [thread 110884] [daheng_demo.cpp AddGain:448] 增益 -> 0 dB
[2026-10-07 13:57:29.177] [info] [thread 110884] [daheng_demo.cpp AddGain:448] 增益 -> 0.1 dB
[2026-10-07 13:57:29.688] [info] [thread 110884] [daheng_demo.cpp AddGain:448] 增益 -> 0.2 dB
[2026-10-07 13:57:29.722] [info] [thread 110884] [daheng_demo.cpp AddGain:448] 增益 -> 0.30000000000000004 dB
[2026-10-07 13:57:29.758] [info] [thread 110884] [daheng_demo.cpp AddGain:448] 增益 -> 0.4 dB
[2026-10-07 13:57:29.793] [info] [thread 110884] [daheng_demo.cpp AddGain:448] 增益 -> 0.5 dB
[2026-10-07 13:57:29.826] [info] [thread 110884] [daheng_demo.cpp AddGain:448] 增益 -> 0.6 dB
[2026-10-07 13:57:29.860] [info] [thread 110884] [daheng_demo.cpp AddGain:448] 增益 -> 0.7 dB
[2026-10-07 13:57:29.896] [info] [thread 110884] [daheng_demo.cpp AddGain:448] 增益 -> 0.7999999999999999 dB
[2026-10-07 13:57:29.929] [info] [thread 110884] [daheng_demo.cpp AddGain:448] 增益 -> 0.9 dB
[2026-10-07 13:57:29.963] [info] [thread 110884] [daheng_demo.cpp AddGain:448] 增益 -> 1 dB
[2026-10-07 13:57:29.998] [info] [thread 110884] [daheng_demo.cpp AddGain:448] 增益 -> 1.1 dB
[2026-10-07 13:57:30.032] [info] [thread 110884] [daheng_demo.cpp AddGain:448] 增益 -> 1.2000000000000002 dB
[2026-10-07 13:57:30.065] [info] [thread 110884] [daheng_demo.cpp AddGain:448] 增益 -> 1.3 dB
[2026-10-07 13:57:30.099] [info] [thread 110884] [daheng_demo.cpp AddGain:448] 增益 -> 1.4000000000000001 dB
[2026-10-07 13:57:30.133] [info] [thread 110884] [daheng_demo.cpp AddGain:448] 增益 -> 1.5 dB
[2026-10-07 13:57:30.169] [info] [thread 110884] [daheng_demo.cpp AddGain:448] 增益 -> 1.6 dB
[2026-10-07 13:57:30.202] [info] [thread 110884] [daheng_demo.cpp AddGain:448] 增益 -> 1.7000000000000002 dB
[2026-10-07 13:57:30.239] [info] [thread 110884] [daheng_demo.cpp AddGain:448] 增益 -> 1.8 dB
[2026-10-07 13:57:30.273] [info] [thread 110884] [daheng_demo.cpp AddGain:448] 增益 -> 1.9000000000000001 dB
[2026-10-07 13:57:30.308] [info] [thread 110884] [daheng_demo.cpp AddGain:448] 增益 -> 2 dB
[2026-10-07 13:57:30.343] [info] [thread 110884] [daheng_demo.cpp AddGain:448] 增益 -> 2.1 dB
[2026-10-07 13:57:30.378] [info] [thread 110884] [daheng_demo.cpp AddGain:448] 增益 -> 2.2 dB
[2026-10-07 13:57:30.411] [info] [thread 110884] [daheng_demo.cpp AddGain:448] 增益 -> 2.3000000000000003 dB
[2026-10-07 13:57:30.445] [info] [thread 110884] [daheng_demo.cpp AddGain:448] 增益 -> 2.4 dB
[2026-10-07 13:57:30.480] [info] [thread 110884] [daheng_demo.cpp AddGain:448] 增益 -> 2.5 dB
[2026-10-07 13:57:30.517] [info] [thread 110884] [daheng_demo.cpp AddGain:448] 增益 -> 2.6 dB
[2026-10-07 13:57:30.552] [info] [thread 110884] [daheng_demo.cpp AddGain:448] 增益 -> 2.7 dB
[2026-10-07 13:57:30.588] [info] [thread 110884] [daheng_demo.cpp AddGain:448] 增益 -> 2.8000000000000003 dB
[2026-10-07 13:57:30.622] [info] [thread 110884] [daheng_demo.cpp AddGain:448] 增益 -> 2.9 dB
[2026-10-07 13:57:30.656] [info] [thread 110884] [daheng_demo.cpp AddGain:448] 增益 -> 3 dB
[2026-10-07 13:57:30.692] [info] [thread 110884] [daheng_demo.cpp AddGain:448] 增益 -> 3.1 dB
[2026-10-07 13:57:30.727] [info] [thread 110884] [daheng_demo.cpp AddGain:448] 增益 -> 3.2 dB
[2026-10-07 13:57:30.764] [info] [thread 110884] [daheng_demo.cpp AddGain:448] 增益 -> 3.3000000000000003 dB
[2026-10-07 13:57:30.798] [info] [thread 110884] [daheng_demo.cpp AddGain:448] 增益 -> 3.4 dB
[2026-10-07 13:57:30.832] [info] [thread 110884] [daheng_demo.cpp AddGain:448] 增益 -> 3.5 dB
[2026-10-07 13:57:30.866] [info] [thread 110884] [daheng_demo.cpp AddGain:448] 增益 -> 3.6 dB
[2026-10-07 13:57:30.903] [info] [thread 110884] [daheng_demo.cpp AddGain:448] 增益 -> 3.7 dB
[2026-10-07 13:57:30.938] [info] [thread 110884] [daheng_demo.cpp AddGain:448] 增益 -> 3.8000000000000003 dB
[2026-10-07 13:57:30.974] [info] [thread 110884] [daheng_demo.cpp AddGain:448] 增益 -> 3.9 dB
[2026-10-07 13:57:31.009] [info] [thread 110884] [daheng_demo.cpp AddGain:448] 增益 -> 4 dB
[2026-10-07 13:57:31.044] [info] [thread 110884] [daheng_demo.cpp AddGain:448] 增益 -> 4.1 dB
[2026-10-07 13:57:31.077] [info] [thread 110884] [daheng_demo.cpp AddGain:448] 增益 -> 4.199999999999999 dB
[2026-10-07 13:57:31.110] [info] [thread 110884] [daheng_demo.cpp AddGain:448] 增益 -> 4.3 dB
[2026-10-07 13:57:31.145] [info] [thread 110884] [daheng_demo.cpp AddGain:448] 增益 -> 4.3999999999999995 dB
[2026-10-07 13:57:31.178] [info] [thread 110884] [daheng_demo.cpp AddGain:448] 增益 -> 4.5 dB
[2026-10-07 13:57:31.213] [info] [thread 110884] [daheng_demo.cpp AddGain:448] 增益 -> 4.6 dB
[2026-10-07 13:57:31.246] [info] [thread 110884] [daheng_demo.cpp AddGain:448] 增益 -> 4.699999999999999 dB
[2026-10-07 13:57:31.280] [info] [thread 110884] [daheng_demo.cpp AddGain:448] 增益 -> 4.8 dB
[2026-10-07 13:57:31.313] [info] [thread 110884] [daheng_demo.cpp AddGain:448] 增益 -> 4.8999999999999995 dB
[2026-10-07 13:57:31.347] [info] [thread 110884] [daheng_demo.cpp AddGain:448] 增益 -> 5 dB
[2026-10-07 13:57:31.382] [info] [thread 110884] [daheng_demo.cpp AddGain:448] 增益 -> 5.1 dB
[2026-10-07 13:57:31.416] [info] [thread 110884] [daheng_demo.cpp AddGain:448] 增益 -> 5.199999999999999 dB
[2026-10-07 13:57:31.449] [info] [thread 110884] [daheng_demo.cpp AddGain:448] 增益 -> 5.3 dB
[2026-10-07 13:57:31.482] [info] [thread 110884] [daheng_demo.cpp AddGain:448] 增益 -> 5.3999999999999995 dB
[2026-10-07 13:57:31.517] [info] [thread 110884] [daheng_demo.cpp AddGain:448] 增益 -> 5.5 dB
[2026-10-07 13:57:31.553] [info] [thread 110884] [daheng_demo.cpp AddGain:448] 增益 -> 5.6 dB
[2026-10-07 13:57:31.587] [info] [thread 110884] [daheng_demo.cpp AddGain:448] 增益 -> 5.699999999999999 dB
[2026-10-07 13:57:31.621] [info] [thread 110884] [daheng_demo.cpp AddGain:448] 增益 -> 5.8 dB
[2026-10-07 13:57:31.653] [info] [thread 110884] [daheng_demo.cpp AddGain:448] 增益 -> 5.8999999999999995 dB
[2026-10-07 13:57:31.688] [info] [thread 110884] [daheng_demo.cpp AddGain:448] 增益 -> 6 dB
[2026-10-07 13:57:31.721] [info] [thread 110884] [daheng_demo.cpp AddGain:448] 增益 -> 6.1 dB
[2026-10-07 13:57:31.754] [info] [thread 110884] [daheng_demo.cpp AddGain:448] 增益 -> 6.199999999999999 dB
[2026-10-07 13:57:31.788] [info] [thread 110884] [daheng_demo.cpp AddGain:448] 增益 -> 6.3 dB
[2026-10-07 13:57:31.830] [info] [thread 110884] [daheng_demo.cpp AddGain:448] 增益 -> 6.3999999999999995 dB
[2026-10-07 13:57:31.868] [info] [thread 110884] [daheng_demo.cpp AddGain:448] 增益 -> 6.5 dB
[2026-10-07 13:57:31.906] [info] [thread 110884] [daheng_demo.cpp AddGain:448] 增益 -> 6.6 dB
[2026-10-07 13:57:31.943] [info] [thread 110884] [daheng_demo.cpp AddGain:448] 增益 -> 6.699999999999999 dB
[2026-10-07 13:57:31.980] [info] [thread 110884] [daheng_demo.cpp AddGain:448] 增益 -> 6.8 dB
[2026-10-07 13:57:32.018] [info] [thread 110884] [daheng_demo.cpp AddGain:448] 增益 -> 6.8999999999999995 dB
[2026-10-07 13:57:32.055] [info] [thread 110884] [daheng_demo.cpp AddGain:448] 增益 -> 7 dB
[2026-10-07 13:57:32.092] [info] [thread 110884] [daheng_demo.cpp AddGain:448] 增益 -> 7.1 dB
[2026-10-07 13:57:32.130] [info] [thread 110884] [daheng_demo.cpp AddGain:448] 增益 -> 7.199999999999999 dB
[2026-10-07 13:57:32.166] [info] [thread 110884] [daheng_demo.cpp AddGain:448] 增益 -> 7.3 dB
[2026-10-07 13:57:32.206] [info] [thread 110884] [daheng_demo.cpp AddGain:448] 增益 -> 7.3999999999999995 dB
[2026-10-07 13:57:32.243] [info] [thread 110884] [daheng_demo.cpp AddGain:448] 增益 -> 7.5 dB
[2026-10-07 13:57:32.281] [info] [thread 110884] [daheng_demo.cpp AddGain:448] 增益 -> 7.6 dB
[2026-10-07 13:57:32.318] [info] [thread 110884] [daheng_demo.cpp AddGain:448] 增益 -> 7.699999999999999 dB
[2026-10-07 13:57:32.355] [info] [thread 110884] [daheng_demo.cpp AddGain:448] 增益 -> 7.8 dB
[2026-10-07 13:57:32.392] [info] [thread 110884] [daheng_demo.cpp AddGain:448] 增益 -> 7.8999999999999995 dB
[2026-10-07 13:57:32.428] [info] [thread 110884] [daheng_demo.cpp AddGain:448] 增益 -> 8 dB
[2026-10-07 13:57:32.464] [info] [thread 110884] [daheng_demo.cpp AddGain:448] 增益 -> 8.1 dB
[2026-10-07 13:57:32.504] [info] [thread 110884] [daheng_demo.cpp AddGain:448] 增益 -> 8.2 dB
[2026-10-07 13:57:32.542] [info] [thread 110884] [daheng_demo.cpp AddGain:448] 增益 -> 8.299999999999999 dB
[2026-10-07 13:57:32.579] [info] [thread 110884] [daheng_demo.cpp AddGain:448] 增益 -> 8.4 dB
[2026-10-07 13:57:32.615] [info] [thread 110884] [daheng_demo.cpp AddGain:448] 增益 -> 8.5 dB
[2026-10-07 13:57:32.652] [info] [thread 110884] [daheng_demo.cpp AddGain:448] 增益 -> 8.6 dB
[2026-10-07 13:57:32.689] [info] [thread 110884] [daheng_demo.cpp AddGain:448] 增益 -> 8.7 dB
[2026-10-07 13:57:32.726] [info] [thread 110884] [daheng_demo.cpp AddGain:448] 增益 -> 8.799999999999999 dB
[2026-10-07 13:57:32.765] [info] [thread 110884] [daheng_demo.cpp AddGain:448] 增益 -> 8.9 dB
[2026-10-07 13:57:32.802] [info] [thread 110884] [daheng_demo.cpp AddGain:448] 增益 -> 9 dB
[2026-10-07 13:57:32.840] [info] [thread 110884] [daheng_demo.cpp AddGain:448] 增益 -> 9.1 dB
[2026-10-07 13:57:32.877] [info] [thread 110884] [daheng_demo.cpp AddGain:448] 增益 -> 9.2 dB
[2026-10-07 13:57:32.914] [info] [thread 110884] [daheng_demo.cpp AddGain:448] 增益 -> 9.299999999999999 dB
[2026-10-07 13:57:32.953] [info] [thread 110884] [daheng_demo.cpp AddGain:448] 增益 -> 9.4 dB
[2026-10-07 13:57:32.991] [info] [thread 110884] [daheng_demo.cpp AddGain:448] 增益 -> 9.5 dB
[2026-10-07 13:57:33.028] [info] [thread 110884] [daheng_demo.cpp AddGain:448] 增益 -> 9.6 dB
[2026-10-07 13:57:33.067] [info] [thread 110884] [daheng_demo.cpp AddGain:448] 增益 -> 9.7 dB
[2026-10-07 13:57:33.105] [info] [thread 110884] [daheng_demo.cpp AddGain:448] 增益 -> 9.799999999999999 dB
[2026-10-07 13:57:33.142] [info] [thread 110884] [daheng_demo.cpp AddGain:448] 增益 -> 9.9 dB
[2026-10-07 13:57:33.180] [info] [thread 110884] [daheng_demo.cpp AddGain:448] 增益 -> 10 dB
[2026-10-07 13:57:33.218] [info] [thread 110884] [daheng_demo.cpp AddGain:448] 增益 -> 10.1 dB
[2026-10-07 13:57:33.255] [info] [thread 110884] [daheng_demo.cpp AddGain:448] 增益 -> 10.2 dB
[2026-10-07 13:57:33.293] [info] [thread 110884] [daheng_demo.cpp AddGain:448] 增益 -> 10.299999999999999 dB
[2026-10-07 13:57:33.331] [info] [thread 110884] [daheng_demo.cpp AddGain:448] 增益 -> 10.4 dB
[2026-10-07 13:57:33.368] [info] [thread 110884] [daheng_demo.cpp AddGain:448] 增益 -> 10.5 dB
[2026-10-07 13:57:33.406] [info] [thread 110884] [daheng_demo.cpp AddGain:448] 增益 -> 10.6 dB
[2026-10-07 13:57:33.444] [info] [thread 110884] [daheng_demo.cpp AddGain:448] 增益 -> 10.7 dB
[2026-10-07 13:57:33.483] [info] [thread 110884] [daheng_demo.cpp AddGain:448] 增益 -> 10.799999999999999 dB
[2026-10-07 13:57:33.521] [info] [thread 110884] [daheng_demo.cpp AddGain:448] 增益 -> 10.9 dB
[2026-10-07 13:57:33.558] [info] [thread 110884] [daheng_demo.cpp AddGain:448] 增益 -> 11 dB
[2026-10-07 13:57:33.595] [info] [thread 110884] [daheng_demo.cpp AddGain:448] 增益 -> 11.1 dB
[2026-10-07 13:57:33.634] [info] [thread 110884] [daheng_demo.cpp AddGain:448] 增益 -> 11.2 dB
[2026-10-07 13:57:33.672] [info] [thread 110884] [daheng_demo.cpp AddGain:448] 增益 -> 11.299999999999999 dB
[2026-10-07 13:57:33.708] [info] [thread 110884] [daheng_demo.cpp AddGain:448] 增益 -> 11.4 dB
[2026-10-07 13:57:33.746] [info] [thread 110884] [daheng_demo.cpp AddGain:448] 增益 -> 11.5 dB
[2026-10-07 13:57:33.784] [info] [thread 110884] [daheng_demo.cpp AddGain:448] 增益 -> 11.6 dB
[2026-10-07 13:57:33.822] [info] [thread 110884] [daheng_demo.cpp AddGain:448] 增益 -> 11.7 dB
[2026-10-07 13:57:33.859] [info] [thread 110884] [daheng_demo.cpp AddGain:448] 增益 -> 11.799999999999999 dB
[2026-10-07 13:57:33.896] [info] [thread 110884] [daheng_demo.cpp AddGain:448] 增益 -> 11.700000000000001 dB
[2026-10-07 13:57:33.932] [info] [thread 110884] [daheng_demo.cpp AddGain:448] 增益 -> 11.6 dB
[2026-10-07 13:57:37.261] [info] [thread 110884] [daheng_demo.cpp AddExposureTime:424] 曝光时间 -> 3025 us
[2026-10-07 13:57:37.761] [info] [thread 110884] [daheng_demo.cpp AddExposureTime:424] 曝光时间 -> 3050 us
[2026-10-07 13:57:37.798] [info] [thread 110884] [daheng_demo.cpp AddExposureTime:424] 曝光时间 -> 3075 us
[2026-10-07 13:57:37.836] [info] [thread 110884] [daheng_demo.cpp AddExposureTime:424] 曝光时间 -> 3100 us
[2026-10-07 13:57:37.883] [info] [thread 110884] [daheng_demo.cpp AddExposureTime:424] 曝光时间 -> 3125 us
[2026-10-07 13:57:37.921] [info] [thread 110884] [daheng_demo.cpp AddExposureTime:424] 曝光时间 -> 3150 us
[2026-10-07 13:57:37.958] [info] [thread 110884] [daheng_demo.cpp AddExposureTime:424] 曝光时间 -> 3175 us
[2026-10-07 13:57:37.998] [info] [thread 110884] [daheng_demo.cpp AddExposureTime:424] 曝光时间 -> 3200 us
[2026-10-07 13:57:38.035] [info] [thread 110884] [daheng_demo.cpp AddExposureTime:424] 曝光时间 -> 3225 us
[2026-10-07 13:57:38.071] [info] [thread 110884] [daheng_demo.cpp AddExposureTime:424] 曝光时间 -> 3250 us
[2026-10-07 13:57:38.109] [info] [thread 110884] [daheng_demo.cpp AddExposureTime:424] 曝光时间 -> 3275 us
[2026-10-07 13:57:38.146] [info] [thread 110884] [daheng_demo.cpp AddExposureTime:424] 曝光时间 -> 3300 us
[2026-10-07 13:57:38.182] [info] [thread 110884] [daheng_demo.cpp AddExposureTime:424] 曝光时间 -> 3325 us
[2026-10-07 13:57:38.219] [info] [thread 110884] [daheng_demo.cpp AddExposureTime:424] 曝光时间 -> 3350 us
[2026-10-07 13:57:38.256] [info] [thread 110884] [daheng_demo.cpp AddExposureTime:424] 曝光时间 -> 3375 us
[2026-10-07 13:57:38.293] [info] [thread 110884] [daheng_demo.cpp AddExposureTime:424] 曝光时间 -> 3400 us
[2026-10-07 13:57:38.331] [info] [thread 110884] [daheng_demo.cpp AddExposureTime:424] 曝光时间 -> 3425 us
[2026-10-07 13:57:38.370] [info] [thread 110884] [daheng_demo.cpp AddExposureTime:424] 曝光时间 -> 3450 us
[2026-10-07 13:57:38.408] [info] [thread 110884] [daheng_demo.cpp AddExposureTime:424] 曝光时间 -> 3475 us
[2026-10-07 13:57:38.443] [info] [thread 110884] [daheng_demo.cpp AddExposureTime:424] 曝光时间 -> 3500 us
[2026-10-07 13:57:38.479] [info] [thread 110884] [daheng_demo.cpp AddExposureTime:424] 曝光时间 -> 3525 us
[2026-10-07 13:57:38.514] [info] [thread 110884] [daheng_demo.cpp AddExposureTime:424] 曝光时间 -> 3550 us
[2026-10-07 13:57:38.550] [info] [thread 110884] [daheng_demo.cpp AddExposureTime:424] 曝光时间 -> 3575 us
[2026-10-07 13:57:38.586] [info] [thread 110884] [daheng_demo.cpp AddExposureTime:424] 曝光时间 -> 3600 us
[2026-10-07 13:57:38.622] [info] [thread 110884] [daheng_demo.cpp AddExposureTime:424] 曝光时间 -> 3625 us
[2026-10-07 13:57:38.658] [info] [thread 110884] [daheng_demo.cpp AddExposureTime:424] 曝光时间 -> 3650 us
[2026-10-07 13:57:38.693] [info] [thread 110884] [daheng_demo.cpp AddExposureTime:424] 曝光时间 -> 3675 us
[2026-10-07 13:57:38.729] [info] [thread 110884] [daheng_demo.cpp AddExposureTime:424] 曝光时间 -> 3700 us
[2026-10-07 13:57:38.764] [info] [thread 110884] [daheng_demo.cpp AddExposureTime:424] 曝光时间 -> 3725 us
[2026-10-07 13:57:38.799] [info] [thread 110884] [daheng_demo.cpp AddExposureTime:424] 曝光时间 -> 3750 us
[2026-10-07 13:57:38.833] [info] [thread 110884] [daheng_demo.cpp AddExposureTime:424] 曝光时间 -> 3775 us
[2026-10-07 13:57:38.871] [info] [thread 110884] [daheng_demo.cpp AddExposureTime:424] 曝光时间 -> 3800 us
[2026-10-07 13:57:38.908] [info] [thread 110884] [daheng_demo.cpp AddExposureTime:424] 曝光时间 -> 3825 us
[2026-10-07 13:57:38.943] [info] [thread 110884] [daheng_demo.cpp AddExposureTime:424] 曝光时间 -> 3850 us
[2026-10-07 13:57:38.979] [info] [thread 110884] [daheng_demo.cpp AddExposureTime:424] 曝光时间 -> 3875 us
[2026-10-07 13:57:39.014] [info] [thread 110884] [daheng_demo.cpp AddExposureTime:424] 曝光时间 -> 3900 us
[2026-10-07 13:57:39.050] [info] [thread 110884] [daheng_demo.cpp AddExposureTime:424] 曝光时间 -> 3925 us
[2026-10-07 13:57:39.087] [info] [thread 110884] [daheng_demo.cpp AddExposureTime:424] 曝光时间 -> 3950 us
[2026-10-07 13:57:39.122] [info] [thread 110884] [daheng_demo.cpp AddExposureTime:424] 曝光时间 -> 3975 us
[2026-10-07 13:57:39.159] [info] [thread 110884] [daheng_demo.cpp AddExposureTime:424] 曝光时间 -> 4000 us
[2026-10-07 13:57:39.194] [info] [thread 110884] [daheng_demo.cpp AddExposureTime:424] 曝光时间 -> 4025 us
[2026-10-07 13:57:39.229] [info] [thread 110884] [daheng_demo.cpp AddExposureTime:424] 曝光时间 -> 4050 us
[2026-10-07 13:57:39.264] [info] [thread 110884] [daheng_demo.cpp AddExposureTime:424] 曝光时间 -> 4075 us
[2026-10-07 13:57:39.300] [info] [thread 110884] [daheng_demo.cpp AddExposureTime:424] 曝光时间 -> 4100 us
[2026-10-07 13:57:39.336] [info] [thread 110884] [daheng_demo.cpp AddExposureTime:424] 曝光时间 -> 4125 us
[2026-10-07 13:57:39.372] [info] [thread 110884] [daheng_demo.cpp AddExposureTime:424] 曝光时间 -> 4150 us
[2026-10-07 13:57:39.408] [info] [thread 110884] [daheng_demo.cpp AddExposureTime:424] 曝光时间 -> 4175 us
[2026-10-07 13:57:39.444] [info] [thread 110884] [daheng_demo.cpp AddExposureTime:424] 曝光时间 -> 4200 us
[2026-10-07 13:57:39.481] [info] [thread 110884] [daheng_demo.cpp AddExposureTime:424] 曝光时间 -> 4225 us
[2026-10-07 13:57:39.517] [info] [thread 110884] [daheng_demo.cpp AddExposureTime:424] 曝光时间 -> 4250 us
[2026-10-07 13:57:39.553] [info] [thread 110884] [daheng_demo.cpp AddExposureTime:424] 曝光时间 -> 4275 us
[2026-10-07 13:57:39.588] [info] [thread 110884] [daheng_demo.cpp AddExposureTime:424] 曝光时间 -> 4300 us
[2026-10-07 13:57:39.624] [info] [thread 110884] [daheng_demo.cpp AddExposureTime:424] 曝光时间 -> 4325 us
[2026-10-07 13:57:39.660] [info] [thread 110884] [daheng_demo.cpp AddExposureTime:424] 曝光时间 -> 4350 us
[2026-10-07 13:57:39.695] [info] [thread 110884] [daheng_demo.cpp AddExposureTime:424] 曝光时间 -> 4375 us
[2026-10-07 13:57:39.732] [info] [thread 110884] [daheng_demo.cpp AddExposureTime:424] 曝光时间 -> 4400 us
[2026-10-07 13:57:39.768] [info] [thread 110884] [daheng_demo.cpp AddExposureTime:424] 曝光时间 -> 4425 us
[2026-10-07 13:57:39.803] [info] [thread 110884] [daheng_demo.cpp AddExposureTime:424] 曝光时间 -> 4450 us
[2026-10-07 13:57:39.838] [info] [thread 110884] [daheng_demo.cpp AddExposureTime:424] 曝光时间 -> 4475 us
[2026-10-07 13:57:39.874] [info] [thread 110884] [daheng_demo.cpp AddExposureTime:424] 曝光时间 -> 4500 us
[2026-10-07 13:57:39.914] [info] [thread 110884] [daheng_demo.cpp AddExposureTime:424] 曝光时间 -> 4525 us
[2026-10-07 13:57:39.949] [info] [thread 110884] [daheng_demo.cpp AddExposureTime:424] 曝光时间 -> 4550 us
[2026-10-07 13:57:39.984] [info] [thread 110884] [daheng_demo.cpp AddExposureTime:424] 曝光时间 -> 4575 us
[2026-10-07 13:57:40.020] [info] [thread 110884] [daheng_demo.cpp AddExposureTime:424] 曝光时间 -> 4600 us
[2026-10-07 13:57:40.057] [info] [thread 110884] [daheng_demo.cpp AddExposureTime:424] 曝光时间 -> 4625 us
[2026-10-07 13:57:40.094] [info] [thread 110884] [daheng_demo.cpp AddExposureTime:424] 曝光时间 -> 4650 us
[2026-10-07 13:57:40.130] [info] [thread 110884] [daheng_demo.cpp AddExposureTime:424] 曝光时间 -> 4675 us
[2026-10-07 13:57:40.165] [info] [thread 110884] [daheng_demo.cpp AddExposureTime:424] 曝光时间 -> 4700 us
[2026-10-07 13:57:40.201] [info] [thread 110884] [daheng_demo.cpp AddExposureTime:424] 曝光时间 -> 4725 us
[2026-10-07 13:57:40.237] [info] [thread 110884] [daheng_demo.cpp AddExposureTime:424] 曝光时间 -> 4750 us
[2026-10-07 13:57:40.274] [info] [thread 110884] [daheng_demo.cpp AddExposureTime:424] 曝光时间 -> 4775 us
[2026-10-07 13:57:40.310] [info] [thread 110884] [daheng_demo.cpp AddExposureTime:424] 曝光时间 -> 4800 us
[2026-10-07 13:57:40.344] [info] [thread 110884] [daheng_demo.cpp AddExposureTime:424] 曝光时间 -> 4825 us
[2026-10-07 13:57:40.383] [info] [thread 110884] [daheng_demo.cpp AddExposureTime:424] 曝光时间 -> 4850 us
[2026-10-07 13:57:40.418] [info] [thread 110884] [daheng_demo.cpp AddExposureTime:424] 曝光时间 -> 4875 us
[2026-10-07 13:57:40.453] [info] [thread 110884] [daheng_demo.cpp AddExposureTime:424] 曝光时间 -> 4900 us
[2026-10-07 13:57:40.489] [info] [thread 110884] [daheng_demo.cpp AddExposureTime:424] 曝光时间 -> 4925 us
[2026-10-07 13:57:40.526] [info] [thread 110884] [daheng_demo.cpp AddExposureTime:424] 曝光时间 -> 4950 us
[2026-10-07 13:57:40.563] [info] [thread 110884] [daheng_demo.cpp AddExposureTime:424] 曝光时间 -> 4975 us
[2026-10-07 13:57:40.598] [info] [thread 110884] [daheng_demo.cpp AddExposureTime:424] 曝光时间 -> 5000 us
[2026-10-07 13:57:40.633] [info] [thread 110884] [daheng_demo.cpp AddExposureTime:424] 曝光时间 -> 5025 us
[2026-10-07 13:57:40.669] [info] [thread 110884] [daheng_demo.cpp AddExposureTime:424] 曝光时间 -> 5050 us
[2026-10-07 13:57:40.705] [info] [thread 110884] [daheng_demo.cpp AddExposureTime:424] 曝光时间 -> 5075 us
[2026-10-07 13:57:40.740] [info] [thread 110884] [daheng_demo.cpp AddExposureTime:424] 曝光时间 -> 5100 us
[2026-10-07 13:57:40.777] [info] [thread 110884] [daheng_demo.cpp AddExposureTime:424] 曝光时间 -> 5125 us
[2026-10-07 13:57:40.814] [info] [thread 110884] [daheng_demo.cpp AddExposureTime:424] 曝光时间 -> 5150 us
[2026-10-07 13:57:40.849] [info] [thread 110884] [daheng_demo.cpp AddExposureTime:424] 曝光时间 -> 5175 us
[2026-10-07 13:57:40.884] [info] [thread 110884] [daheng_demo.cpp AddExposureTime:424] 曝光时间 -> 5200 us
[2026-10-07 13:57:40.919] [info] [thread 110884] [daheng_demo.cpp AddExposureTime:424] 曝光时间 -> 5225 us
[2026-10-07 13:57:40.955] [info] [thread 110884] [daheng_demo.cpp AddExposureTime:424] 曝光时间 -> 5250 us
[2026-10-07 13:57:40.991] [info] [thread 110884] [daheng_demo.cpp AddExposureTime:424] 曝光时间 -> 5275 us
[2026-10-07 13:57:41.027] [info] [thread 110884] [daheng_demo.cpp AddExposureTime:424] 曝光时间 -> 5300 us
[2026-10-07 13:57:41.062] [info] [thread 110884] [daheng_demo.cpp AddExposureTime:424] 曝光时间 -> 5325 us
[2026-10-07 13:57:41.097] [info] [thread 110884] [daheng_demo.cpp AddExposureTime:424] 曝光时间 -> 5350 us
[2026-10-07 13:57:41.132] [info] [thread 110884] [daheng_demo.cpp AddExposureTime:424] 曝光时间 -> 5375 us
[2026-10-07 13:57:41.168] [info] [thread 110884] [daheng_demo.cpp AddExposureTime:424] 曝光时间 -> 5400 us
[2026-10-07 13:57:41.204] [info] [thread 110884] [daheng_demo.cpp AddExposureTime:424] 曝光时间 -> 5425 us
[2026-10-07 13:57:41.240] [info] [thread 110884] [daheng_demo.cpp AddExposureTime:424] 曝光时间 -> 5450 us
[2026-10-07 13:57:41.274] [info] [thread 110884] [daheng_demo.cpp AddExposureTime:424] 曝光时间 -> 5475 us
[2026-10-07 13:57:41.310] [info] [thread 110884] [daheng_demo.cpp AddExposureTime:424] 曝光时间 -> 5500 us
[2026-10-07 13:57:41.347] [info] [thread 110884] [daheng_demo.cpp AddExposureTime:424] 曝光时间 -> 5525 us
[2026-10-07 13:57:41.385] [info] [thread 110884] [daheng_demo.cpp AddExposureTime:424] 曝光时间 -> 5550 us
[2026-10-07 13:57:41.421] [info] [thread 110884] [daheng_demo.cpp AddExposureTime:424] 曝光时间 -> 5575 us
[2026-10-07 13:57:41.458] [info] [thread 110884] [daheng_demo.cpp AddExposureTime:424] 曝光时间 -> 5600 us
[2026-10-07 13:57:41.493] [info] [thread 110884] [daheng_demo.cpp AddExposureTime:424] 曝光时间 -> 5625 us
[2026-10-07 13:57:41.528] [info] [thread 110884] [daheng_demo.cpp AddExposureTime:424] 曝光时间 -> 5650 us
[2026-10-07 13:57:41.563] [info] [thread 110884] [daheng_demo.cpp AddExposureTime:424] 曝光时间 -> 5675 us
[2026-10-07 13:57:41.599] [info] [thread 110884] [daheng_demo.cpp AddExposureTime:424] 曝光时间 -> 5700 us
[2026-10-07 13:57:41.635] [info] [thread 110884] [daheng_demo.cpp AddExposureTime:424] 曝光时间 -> 5725 us
[2026-10-07 13:57:41.670] [info] [thread 110884] [daheng_demo.cpp AddExposureTime:424] 曝光时间 -> 5750 us
[2026-10-07 13:57:41.709] [info] [thread 110884] [daheng_demo.cpp AddExposureTime:424] 曝光时间 -> 5775 us
[2026-10-07 13:57:41.745] [info] [thread 110884] [daheng_demo.cpp AddExposureTime:424] 曝光时间 -> 5800 us
[2026-10-07 13:57:41.780] [info] [thread 110884] [daheng_demo.cpp AddExposureTime:424] 曝光时间 -> 5825 us
[2026-10-07 13:57:41.817] [info] [thread 110884] [daheng_demo.cpp AddExposureTime:424] 曝光时间 -> 5850 us
[2026-10-07 13:57:41.853] [info] [thread 110884] [daheng_demo.cpp AddExposureTime:424] 曝光时间 -> 5875 us
[2026-10-07 13:57:41.892] [info] [thread 110884] [daheng_demo.cpp AddExposureTime:424] 曝光时间 -> 5900 us
[2026-10-07 13:57:41.928] [info] [thread 110884] [daheng_demo.cpp AddExposureTime:424] 曝光时间 -> 5925 us
[2026-10-07 13:57:41.965] [info] [thread 110884] [daheng_demo.cpp AddExposureTime:424] 曝光时间 -> 5950 us
[2026-10-07 13:57:42.003] [info] [thread 110884] [daheng_demo.cpp AddExposureTime:424] 曝光时间 -> 5975 us
[2026-10-07 13:57:42.039] [info] [thread 110884] [daheng_demo.cpp AddExposureTime:424] 曝光时间 -> 6000 us
[2026-10-07 13:57:42.075] [info] [thread 110884] [daheng_demo.cpp AddExposureTime:424] 曝光时间 -> 6025 us
[2026-10-07 13:57:42.111] [info] [thread 110884] [daheng_demo.cpp AddExposureTime:424] 曝光时间 -> 6050 us
[2026-10-07 13:57:42.148] [info] [thread 110884] [daheng_demo.cpp AddExposureTime:424] 曝光时间 -> 6075 us
[2026-10-07 13:57:42.183] [info] [thread 110884] [daheng_demo.cpp AddExposureTime:424] 曝光时间 -> 6100 us
[2026-10-07 13:57:42.221] [info] [thread 110884] [daheng_demo.cpp AddExposureTime:424] 曝光时间 -> 6125 us
[2026-10-07 13:57:42.255] [info] [thread 110884] [daheng_demo.cpp AddExposureTime:424] 曝光时间 -> 6150 us
[2026-10-07 13:57:42.291] [info] [thread 110884] [daheng_demo.cpp AddExposureTime:424] 曝光时间 -> 6175 us
[2026-10-07 13:57:42.327] [info] [thread 110884] [daheng_demo.cpp AddExposureTime:424] 曝光时间 -> 6200 us
[2026-10-07 13:57:42.363] [info] [thread 110884] [daheng_demo.cpp AddExposureTime:424] 曝光时间 -> 6225 us
[2026-10-07 13:57:42.398] [info] [thread 110884] [daheng_demo.cpp AddExposureTime:424] 曝光时间 -> 6250 us
[2026-10-07 13:57:42.433] [info] [thread 110884] [daheng_demo.cpp AddExposureTime:424] 曝光时间 -> 6275 us
[2026-10-07 13:57:42.470] [info] [thread 110884] [daheng_demo.cpp AddExposureTime:424] 曝光时间 -> 6300 us
[2026-10-07 13:57:42.506] [info] [thread 110884] [daheng_demo.cpp AddExposureTime:424] 曝光时间 -> 6325 us
[2026-10-07 13:57:42.543] [info] [thread 110884] [daheng_demo.cpp AddExposureTime:424] 曝光时间 -> 6300 us
[2026-10-07 13:57:42.613] [info] [thread 110884] [daheng_demo.cpp AddExposureTime:424] 曝光时间 -> 6325 us
[2026-10-07 13:59:30.194] [info] [thread 110884] [daheng_demo.cpp main:829] 相机已关闭
[2026-10-07 14:03:12.065] [info] [thread 111165] [daheng_demo.cpp main:494] daheng_demo 启动
[2026-10-07 14:03:12.088] [debug] [thread 111165] [daheng_demo.cpp main:499] GXInitLib status = 0
[2026-10-07 14:03:13.099] [info] [thread 111165] [daheng_demo.cpp EnumerateDevices:367] 共找到 1 台设备:
[2026-10-07 14:03:13.099] [info] [thread 111165] [daheng_demo.cpp EnumerateDevices:379]   [1] 型号: MER2-230-168U3C  序列号: FDE25070188
[2026-10-07 14:03:14.240] [info] [thread 111165] [daheng_demo.cpp main:537] 打开相机 FDE25070188 成功
[2026-10-07 14:03:14.273] [info] [thread 111165] [daheng_demo.cpp operator():571] ExposureTime 初始值 6325 -> 3000
[2026-10-07 14:03:14.286] [info] [thread 111165] [daheng_demo.cpp operator():571] Gain 初始值 11.6 -> 0
[2026-10-07 14:03:14.288] [warning] [thread 111165] [daheng_demo.cpp operator():559] 读取 Gamma 失败: {-8}{DoGetFloatRange:line[285]}{Node is not available. : AccessException thrown in node 'Gamma' while calling 'Gamma.GetMin()' (file 'FloatT.h', line 363)}
[2026-10-07 14:03:14.317] [info] [thread 111165] [daheng_demo.cpp main:617] 分辨率 1920x1200
[2026-10-07 14:03:14.319] [info] [thread 111165] [daheng_demo.cpp main:652] Bayer PixelColorFilter = 1，转换输出 BGR
[2026-10-07 14:03:14.369] [info] [thread 111165] [daheng_demo.cpp main:683] YOLO 模型加载成功: /home/zhongchengyi/Desktop/desktop/RM/runs/detect/train-3/weights/best.onnx
[2026-10-07 14:03:14.369] [info] [thread 111165] [daheng_demo.cpp main:693] 取流开始,按 e/d 调曝光、a/q 调增益、s/w 调伽马、ESC 退出
[2026-10-07 14:03:16.734] [info] [thread 111165] [daheng_demo.cpp AddGain:448] 增益 -> 0 dB
[2026-10-07 14:03:17.220] [info] [thread 111165] [daheng_demo.cpp AddGain:448] 增益 -> 0 dB
[2026-10-07 14:03:17.288] [info] [thread 111165] [daheng_demo.cpp AddGain:448] 增益 -> 0 dB
[2026-10-07 14:03:17.350] [info] [thread 111165] [daheng_demo.cpp AddGain:448] 增益 -> 0 dB
[2026-10-07 14:03:17.413] [info] [thread 111165] [daheng_demo.cpp AddGain:448] 增益 -> 0 dB
[2026-10-07 14:03:17.477] [info] [thread 111165] [daheng_demo.cpp AddGain:448] 增益 -> 0 dB
[2026-10-07 14:03:17.539] [info] [thread 111165] [daheng_demo.cpp AddGain:448] 增益 -> 0 dB
[2026-10-07 14:03:17.603] [info] [thread 111165] [daheng_demo.cpp AddGain:448] 增益 -> 0 dB
[2026-10-07 14:03:17.664] [info] [thread 111165] [daheng_demo.cpp AddGain:448] 增益 -> 0 dB
[2026-10-07 14:03:17.725] [info] [thread 111165] [daheng_demo.cpp AddGain:448] 增益 -> 0 dB
[2026-10-07 14:03:17.790] [info] [thread 111165] [daheng_demo.cpp AddGain:448] 增益 -> 0 dB
[2026-10-07 14:03:17.852] [info] [thread 111165] [daheng_demo.cpp AddGain:448] 增益 -> 0 dB
[2026-10-07 14:03:17.912] [info] [thread 111165] [daheng_demo.cpp AddGain:448] 增益 -> 0 dB
[2026-10-07 14:03:17.972] [info] [thread 111165] [daheng_demo.cpp AddGain:448] 增益 -> 0 dB
[2026-10-07 14:03:18.034] [info] [thread 111165] [daheng_demo.cpp AddGain:448] 增益 -> 0 dB
[2026-10-07 14:03:18.096] [info] [thread 111165] [daheng_demo.cpp AddGain:448] 增益 -> 0.1 dB
[2026-10-07 14:03:18.364] [info] [thread 111165] [daheng_demo.cpp AddGain:448] 增益 -> 0.2 dB
[2026-10-07 14:03:18.423] [info] [thread 111165] [daheng_demo.cpp AddGain:448] 增益 -> 0.30000000000000004 dB
[2026-10-07 14:03:18.485] [info] [thread 111165] [daheng_demo.cpp AddGain:448] 增益 -> 0.4 dB
[2026-10-07 14:03:18.545] [info] [thread 111165] [daheng_demo.cpp AddGain:448] 增益 -> 0.5 dB
[2026-10-07 14:03:18.606] [info] [thread 111165] [daheng_demo.cpp AddGain:448] 增益 -> 0.6 dB
[2026-10-07 14:03:18.667] [info] [thread 111165] [daheng_demo.cpp AddGain:448] 增益 -> 0.7 dB
[2026-10-07 14:03:18.729] [info] [thread 111165] [daheng_demo.cpp AddGain:448] 增益 -> 0.7999999999999999 dB
[2026-10-07 14:03:18.793] [info] [thread 111165] [daheng_demo.cpp AddGain:448] 增益 -> 0.9 dB
[2026-10-07 14:03:18.856] [info] [thread 111165] [daheng_demo.cpp AddGain:448] 增益 -> 1 dB
[2026-10-07 14:03:18.916] [info] [thread 111165] [daheng_demo.cpp AddGain:448] 增益 -> 1.1 dB
[2026-10-07 14:03:18.985] [info] [thread 111165] [daheng_demo.cpp AddGain:448] 增益 -> 1.2000000000000002 dB
[2026-10-07 14:03:19.049] [info] [thread 111165] [daheng_demo.cpp AddGain:448] 增益 -> 1.3 dB
[2026-10-07 14:03:19.111] [info] [thread 111165] [daheng_demo.cpp AddGain:448] 增益 -> 1.4000000000000001 dB
[2026-10-07 14:03:19.174] [info] [thread 111165] [daheng_demo.cpp AddGain:448] 增益 -> 1.5 dB
[2026-10-07 14:03:19.236] [info] [thread 111165] [daheng_demo.cpp AddGain:448] 增益 -> 1.6 dB
[2026-10-07 14:03:19.297] [info] [thread 111165] [daheng_demo.cpp AddGain:448] 增益 -> 1.7000000000000002 dB
[2026-10-07 14:03:19.359] [info] [thread 111165] [daheng_demo.cpp AddGain:448] 增益 -> 1.8 dB
[2026-10-07 14:03:19.420] [info] [thread 111165] [daheng_demo.cpp AddGain:448] 增益 -> 1.9000000000000001 dB
[2026-10-07 14:03:19.486] [info] [thread 111165] [daheng_demo.cpp AddGain:448] 增益 -> 2 dB
[2026-10-07 14:03:19.548] [info] [thread 111165] [daheng_demo.cpp AddGain:448] 增益 -> 2.1 dB
[2026-10-07 14:03:19.610] [info] [thread 111165] [daheng_demo.cpp AddGain:448] 增益 -> 2.2 dB
[2026-10-07 14:03:19.670] [info] [thread 111165] [daheng_demo.cpp AddGain:448] 增益 -> 2.3000000000000003 dB
[2026-10-07 14:03:19.728] [info] [thread 111165] [daheng_demo.cpp AddGain:448] 增益 -> 2.4 dB
[2026-10-07 14:03:19.787] [info] [thread 111165] [daheng_demo.cpp AddGain:448] 增益 -> 2.5 dB
[2026-10-07 14:03:19.848] [info] [thread 111165] [daheng_demo.cpp AddGain:448] 增益 -> 2.6 dB
[2026-10-07 14:03:19.910] [info] [thread 111165] [daheng_demo.cpp AddGain:448] 增益 -> 2.7 dB
[2026-10-07 14:03:19.970] [info] [thread 111165] [daheng_demo.cpp AddGain:448] 增益 -> 2.8000000000000003 dB
[2026-10-07 14:03:20.032] [info] [thread 111165] [daheng_demo.cpp AddGain:448] 增益 -> 2.9 dB
[2026-10-07 14:03:20.091] [info] [thread 111165] [daheng_demo.cpp AddGain:448] 增益 -> 3 dB
[2026-10-07 14:03:20.153] [info] [thread 111165] [daheng_demo.cpp AddGain:448] 增益 -> 3.1 dB
[2026-10-07 14:03:20.212] [info] [thread 111165] [daheng_demo.cpp AddGain:448] 增益 -> 3.2 dB
[2026-10-07 14:03:20.272] [info] [thread 111165] [daheng_demo.cpp AddGain:448] 增益 -> 3.3000000000000003 dB
[2026-10-07 14:03:20.333] [info] [thread 111165] [daheng_demo.cpp AddGain:448] 增益 -> 3.4 dB
[2026-10-07 14:03:20.396] [info] [thread 111165] [daheng_demo.cpp AddGain:448] 增益 -> 3.5 dB
[2026-10-07 14:03:20.456] [info] [thread 111165] [daheng_demo.cpp AddGain:448] 增益 -> 3.6 dB
[2026-10-07 14:03:20.516] [info] [thread 111165] [daheng_demo.cpp AddGain:448] 增益 -> 3.7 dB
[2026-10-07 14:03:20.576] [info] [thread 111165] [daheng_demo.cpp AddGain:448] 增益 -> 3.8000000000000003 dB
[2026-10-07 14:03:20.635] [info] [thread 111165] [daheng_demo.cpp AddGain:448] 增益 -> 3.9 dB
[2026-10-07 14:03:20.694] [info] [thread 111165] [daheng_demo.cpp AddGain:448] 增益 -> 4 dB
[2026-10-07 14:03:20.754] [info] [thread 111165] [daheng_demo.cpp AddGain:448] 增益 -> 4.1 dB
[2026-10-07 14:03:20.813] [info] [thread 111165] [daheng_demo.cpp AddGain:448] 增益 -> 4.199999999999999 dB
[2026-10-07 14:03:20.869] [info] [thread 111165] [daheng_demo.cpp AddGain:448] 增益 -> 4.3 dB
[2026-10-07 14:03:20.927] [info] [thread 111165] [daheng_demo.cpp AddGain:448] 增益 -> 4.3999999999999995 dB
[2026-10-07 14:03:20.985] [info] [thread 111165] [daheng_demo.cpp AddGain:448] 增益 -> 4.5 dB
[2026-10-07 14:03:21.043] [info] [thread 111165] [daheng_demo.cpp AddGain:448] 增益 -> 4.6 dB
[2026-10-07 14:03:21.100] [info] [thread 111165] [daheng_demo.cpp AddGain:448] 增益 -> 4.699999999999999 dB
[2026-10-07 14:03:21.158] [info] [thread 111165] [daheng_demo.cpp AddGain:448] 增益 -> 4.8 dB
[2026-10-07 14:03:21.193] [info] [thread 111165] [daheng_demo.cpp AddGain:448] 增益 -> 4.8999999999999995 dB
[2026-10-07 14:03:21.226] [info] [thread 111165] [daheng_demo.cpp AddGain:448] 增益 -> 5 dB
[2026-10-07 14:03:21.261] [info] [thread 111165] [daheng_demo.cpp AddGain:448] 增益 -> 5.1 dB
[2026-10-07 14:03:21.295] [info] [thread 111165] [daheng_demo.cpp AddGain:448] 增益 -> 5.199999999999999 dB
[2026-10-07 14:03:21.328] [info] [thread 111165] [daheng_demo.cpp AddGain:448] 增益 -> 5.3 dB
[2026-10-07 14:03:21.361] [info] [thread 111165] [daheng_demo.cpp AddGain:448] 增益 -> 5.3999999999999995 dB
[2026-10-07 14:03:21.397] [info] [thread 111165] [daheng_demo.cpp AddGain:448] 增益 -> 5.5 dB
[2026-10-07 14:03:21.431] [info] [thread 111165] [daheng_demo.cpp AddGain:448] 增益 -> 5.6 dB
[2026-10-07 14:03:21.464] [info] [thread 111165] [daheng_demo.cpp AddGain:448] 增益 -> 5.699999999999999 dB
[2026-10-07 14:03:21.497] [info] [thread 111165] [daheng_demo.cpp AddGain:448] 增益 -> 5.8 dB
[2026-10-07 14:03:21.534] [info] [thread 111165] [daheng_demo.cpp AddGain:448] 增益 -> 5.8999999999999995 dB
[2026-10-07 14:03:21.567] [info] [thread 111165] [daheng_demo.cpp AddGain:448] 增益 -> 6 dB
[2026-10-07 14:03:21.601] [info] [thread 111165] [daheng_demo.cpp AddGain:448] 增益 -> 6.1 dB
[2026-10-07 14:03:21.635] [info] [thread 111165] [daheng_demo.cpp AddGain:448] 增益 -> 6.199999999999999 dB
[2026-10-07 14:03:21.671] [info] [thread 111165] [daheng_demo.cpp AddGain:448] 增益 -> 6.3 dB
[2026-10-07 14:03:21.708] [info] [thread 111165] [daheng_demo.cpp AddGain:448] 增益 -> 6.3999999999999995 dB
[2026-10-07 14:03:21.742] [info] [thread 111165] [daheng_demo.cpp AddGain:448] 增益 -> 6.5 dB
[2026-10-07 14:03:21.775] [info] [thread 111165] [daheng_demo.cpp AddGain:448] 增益 -> 6.6 dB
[2026-10-07 14:03:21.810] [info] [thread 111165] [daheng_demo.cpp AddGain:448] 增益 -> 6.699999999999999 dB
[2026-10-07 14:03:21.844] [info] [thread 111165] [daheng_demo.cpp AddGain:448] 增益 -> 6.8 dB
[2026-10-07 14:03:21.880] [info] [thread 111165] [daheng_demo.cpp AddGain:448] 增益 -> 6.8999999999999995 dB
[2026-10-07 14:03:21.912] [info] [thread 111165] [daheng_demo.cpp AddGain:448] 增益 -> 7 dB
[2026-10-07 14:03:21.961] [info] [thread 111165] [daheng_demo.cpp AddGain:448] 增益 -> 7.1 dB
[2026-10-07 14:03:22.005] [info] [thread 111165] [daheng_demo.cpp AddGain:448] 增益 -> 7.199999999999999 dB
[2026-10-07 14:03:22.045] [info] [thread 111165] [daheng_demo.cpp AddGain:448] 增益 -> 7.3 dB
[2026-10-07 14:03:22.084] [info] [thread 111165] [daheng_demo.cpp AddGain:448] 增益 -> 7.3999999999999995 dB
[2026-10-07 14:03:22.123] [info] [thread 111165] [daheng_demo.cpp AddGain:448] 增益 -> 7.5 dB
[2026-10-07 14:03:22.162] [info] [thread 111165] [daheng_demo.cpp AddGain:448] 增益 -> 7.6 dB
[2026-10-07 14:03:22.200] [info] [thread 111165] [daheng_demo.cpp AddGain:448] 增益 -> 7.699999999999999 dB
[2026-10-07 14:03:22.239] [info] [thread 111165] [daheng_demo.cpp AddGain:448] 增益 -> 7.8 dB
[2026-10-07 14:03:22.277] [info] [thread 111165] [daheng_demo.cpp AddGain:448] 增益 -> 7.8999999999999995 dB
[2026-10-07 14:03:22.318] [info] [thread 111165] [daheng_demo.cpp AddGain:448] 增益 -> 8 dB
[2026-10-07 14:03:22.357] [info] [thread 111165] [daheng_demo.cpp AddGain:448] 增益 -> 8.1 dB
[2026-10-07 14:03:22.397] [info] [thread 111165] [daheng_demo.cpp AddGain:448] 增益 -> 8.2 dB
[2026-10-07 14:03:22.437] [info] [thread 111165] [daheng_demo.cpp AddGain:448] 增益 -> 8.299999999999999 dB
[2026-10-07 14:03:22.476] [info] [thread 111165] [daheng_demo.cpp AddGain:448] 增益 -> 8.4 dB
[2026-10-07 14:03:22.515] [info] [thread 111165] [daheng_demo.cpp AddGain:448] 增益 -> 8.5 dB
[2026-10-07 14:03:22.549] [info] [thread 111165] [daheng_demo.cpp AddGain:448] 增益 -> 8.6 dB
[2026-10-07 14:03:22.585] [info] [thread 111165] [daheng_demo.cpp AddGain:448] 增益 -> 8.7 dB
[2026-10-07 14:03:22.619] [info] [thread 111165] [daheng_demo.cpp AddGain:448] 增益 -> 8.799999999999999 dB
[2026-10-07 14:03:22.652] [info] [thread 111165] [daheng_demo.cpp AddGain:448] 增益 -> 8.9 dB
[2026-10-07 14:03:22.686] [info] [thread 111165] [daheng_demo.cpp AddGain:448] 增益 -> 9 dB
[2026-10-07 14:03:22.719] [info] [thread 111165] [daheng_demo.cpp AddGain:448] 增益 -> 9.1 dB
[2026-10-07 14:03:22.755] [info] [thread 111165] [daheng_demo.cpp AddGain:448] 增益 -> 9.2 dB
[2026-10-07 14:03:22.788] [info] [thread 111165] [daheng_demo.cpp AddGain:448] 增益 -> 9.299999999999999 dB
[2026-10-07 14:03:22.821] [info] [thread 111165] [daheng_demo.cpp AddGain:448] 增益 -> 9.4 dB
[2026-10-07 14:03:22.854] [info] [thread 111165] [daheng_demo.cpp AddGain:448] 增益 -> 9.5 dB
[2026-10-07 14:03:22.890] [info] [thread 111165] [daheng_demo.cpp AddGain:448] 增益 -> 9.6 dB
[2026-10-07 14:03:22.922] [info] [thread 111165] [daheng_demo.cpp AddGain:448] 增益 -> 9.7 dB
[2026-10-07 14:03:22.955] [info] [thread 111165] [daheng_demo.cpp AddGain:448] 增益 -> 9.799999999999999 dB
[2026-10-07 14:03:22.989] [info] [thread 111165] [daheng_demo.cpp AddGain:448] 增益 -> 9.9 dB
[2026-10-07 14:03:23.025] [info] [thread 111165] [daheng_demo.cpp AddGain:448] 增益 -> 10 dB
[2026-10-07 14:03:23.060] [info] [thread 111165] [daheng_demo.cpp AddGain:448] 增益 -> 10.1 dB
[2026-10-07 14:03:23.093] [info] [thread 111165] [daheng_demo.cpp AddGain:448] 增益 -> 10.2 dB
[2026-10-07 14:03:23.126] [info] [thread 111165] [daheng_demo.cpp AddGain:448] 增益 -> 10.299999999999999 dB
[2026-10-07 14:03:23.162] [info] [thread 111165] [daheng_demo.cpp AddGain:448] 增益 -> 10.4 dB
[2026-10-07 14:03:23.198] [info] [thread 111165] [daheng_demo.cpp AddGain:448] 增益 -> 10.5 dB
[2026-10-07 14:03:23.231] [info] [thread 111165] [daheng_demo.cpp AddGain:448] 增益 -> 10.6 dB
[2026-10-07 14:03:23.265] [info] [thread 111165] [daheng_demo.cpp AddGain:448] 增益 -> 10.7 dB
[2026-10-07 14:03:23.299] [info] [thread 111165] [daheng_demo.cpp AddGain:448] 增益 -> 10.799999999999999 dB
[2026-10-07 14:03:23.336] [info] [thread 111165] [daheng_demo.cpp AddGain:448] 增益 -> 10.9 dB
[2026-10-07 14:03:23.371] [info] [thread 111165] [daheng_demo.cpp AddGain:448] 增益 -> 11 dB
[2026-10-07 14:03:23.404] [info] [thread 111165] [daheng_demo.cpp AddGain:448] 增益 -> 11.1 dB
[2026-10-07 14:03:23.436] [info] [thread 111165] [daheng_demo.cpp AddGain:448] 增益 -> 11.2 dB
[2026-10-07 14:03:23.470] [info] [thread 111165] [daheng_demo.cpp AddGain:448] 增益 -> 11.299999999999999 dB
[2026-10-07 14:03:23.502] [info] [thread 111165] [daheng_demo.cpp AddGain:448] 增益 -> 11.4 dB
[2026-10-07 14:03:23.537] [info] [thread 111165] [daheng_demo.cpp AddGain:448] 增益 -> 11.5 dB
[2026-10-07 14:03:23.575] [info] [thread 111165] [daheng_demo.cpp AddGain:448] 增益 -> 11.6 dB
[2026-10-07 14:03:23.611] [info] [thread 111165] [daheng_demo.cpp AddGain:448] 增益 -> 11.7 dB
[2026-10-07 14:03:23.643] [info] [thread 111165] [daheng_demo.cpp AddGain:448] 增益 -> 11.799999999999999 dB
[2026-10-07 14:03:23.677] [info] [thread 111165] [daheng_demo.cpp AddGain:448] 增益 -> 11.9 dB
[2026-10-07 14:03:23.711] [info] [thread 111165] [daheng_demo.cpp AddGain:448] 增益 -> 12 dB
[2026-10-07 14:03:23.747] [info] [thread 111165] [daheng_demo.cpp AddGain:448] 增益 -> 12.1 dB
[2026-10-07 14:03:23.780] [info] [thread 111165] [daheng_demo.cpp AddGain:448] 增益 -> 12.2 dB
[2026-10-07 14:03:23.813] [info] [thread 111165] [daheng_demo.cpp AddGain:448] 增益 -> 12.299999999999999 dB
[2026-10-07 14:03:23.848] [info] [thread 111165] [daheng_demo.cpp AddGain:448] 增益 -> 12.4 dB
[2026-10-07 14:03:23.882] [info] [thread 111165] [daheng_demo.cpp AddGain:448] 增益 -> 12.5 dB
[2026-10-07 14:03:23.917] [info] [thread 111165] [daheng_demo.cpp AddGain:448] 增益 -> 12.6 dB
[2026-10-07 14:03:23.954] [info] [thread 111165] [daheng_demo.cpp AddGain:448] 增益 -> 12.7 dB
[2026-10-07 14:03:23.987] [info] [thread 111165] [daheng_demo.cpp AddGain:448] 增益 -> 12.799999999999999 dB
[2026-10-07 14:03:24.020] [info] [thread 111165] [daheng_demo.cpp AddGain:448] 增益 -> 12.9 dB
[2026-10-07 14:03:24.056] [info] [thread 111165] [daheng_demo.cpp AddGain:448] 增益 -> 13 dB
[2026-10-07 14:03:24.092] [info] [thread 111165] [daheng_demo.cpp AddGain:448] 增益 -> 13.1 dB
[2026-10-07 14:03:24.126] [info] [thread 111165] [daheng_demo.cpp AddGain:448] 增益 -> 13.2 dB
[2026-10-07 14:03:24.161] [info] [thread 111165] [daheng_demo.cpp AddGain:448] 增益 -> 13.299999999999999 dB
[2026-10-07 14:03:24.197] [info] [thread 111165] [daheng_demo.cpp AddGain:448] 增益 -> 13.4 dB
[2026-10-07 14:03:24.231] [info] [thread 111165] [daheng_demo.cpp AddGain:448] 增益 -> 13.5 dB
[2026-10-07 14:03:24.264] [info] [thread 111165] [daheng_demo.cpp AddGain:448] 增益 -> 13.6 dB
[2026-10-07 14:03:24.297] [info] [thread 111165] [daheng_demo.cpp AddGain:448] 增益 -> 13.7 dB
[2026-10-07 14:03:24.332] [info] [thread 111165] [daheng_demo.cpp AddGain:448] 增益 -> 13.799999999999999 dB
[2026-10-07 14:03:24.365] [info] [thread 111165] [daheng_demo.cpp AddGain:448] 增益 -> 13.9 dB
[2026-10-07 14:03:24.398] [info] [thread 111165] [daheng_demo.cpp AddGain:448] 增益 -> 14 dB
[2026-10-07 14:03:24.432] [info] [thread 111165] [daheng_demo.cpp AddGain:448] 增益 -> 14.1 dB
[2026-10-07 14:03:24.465] [info] [thread 111165] [daheng_demo.cpp AddGain:448] 增益 -> 14.2 dB
[2026-10-07 14:03:24.499] [info] [thread 111165] [daheng_demo.cpp AddGain:448] 增益 -> 14.299999999999999 dB
[2026-10-07 14:03:24.531] [info] [thread 111165] [daheng_demo.cpp AddGain:448] 增益 -> 14.4 dB
[2026-10-07 14:03:24.564] [info] [thread 111165] [daheng_demo.cpp AddGain:448] 增益 -> 14.5 dB
[2026-10-07 14:03:24.598] [info] [thread 111165] [daheng_demo.cpp AddGain:448] 增益 -> 14.6 dB
[2026-10-07 14:03:24.632] [info] [thread 111165] [daheng_demo.cpp AddGain:448] 增益 -> 14.7 dB
[2026-10-07 14:03:24.668] [info] [thread 111165] [daheng_demo.cpp AddGain:448] 增益 -> 14.799999999999999 dB
[2026-10-07 14:03:24.700] [info] [thread 111165] [daheng_demo.cpp AddGain:448] 增益 -> 14.9 dB
[2026-10-07 14:03:24.741] [info] [thread 111165] [daheng_demo.cpp AddGain:448] 增益 -> 15 dB
[2026-10-07 14:03:24.773] [info] [thread 111165] [daheng_demo.cpp AddGain:448] 增益 -> 15.1 dB
[2026-10-07 14:03:24.807] [info] [thread 111165] [daheng_demo.cpp AddGain:448] 增益 -> 15.2 dB
[2026-10-07 14:03:24.841] [info] [thread 111165] [daheng_demo.cpp AddGain:448] 增益 -> 15.299999999999999 dB
[2026-10-07 14:03:24.875] [info] [thread 111165] [daheng_demo.cpp AddGain:448] 增益 -> 15.4 dB
[2026-10-07 14:03:24.909] [info] [thread 111165] [daheng_demo.cpp AddGain:448] 增益 -> 15.5 dB
[2026-10-07 14:03:24.943] [info] [thread 111165] [daheng_demo.cpp AddGain:448] 增益 -> 15.6 dB
[2026-10-07 14:03:24.976] [info] [thread 111165] [daheng_demo.cpp AddGain:448] 增益 -> 15.7 dB
[2026-10-07 14:03:25.010] [info] [thread 111165] [daheng_demo.cpp AddGain:448] 增益 -> 15.6 dB
[2026-10-07 14:03:25.047] [info] [thread 111165] [daheng_demo.cpp AddGain:448] 增益 -> 15.5 dB
[2026-10-07 14:03:25.079] [info] [thread 111165] [daheng_demo.cpp AddGain:448] 增益 -> 15.4 dB
[2026-10-07 14:03:25.112] [info] [thread 111165] [daheng_demo.cpp AddGain:448] 增益 -> 15.3 dB
[2026-10-07 14:03:25.146] [info] [thread 111165] [daheng_demo.cpp AddGain:448] 增益 -> 15.200000000000001 dB
[2026-10-07 14:03:25.710] [info] [thread 111165] [daheng_demo.cpp AddGain:448] 增益 -> 15.1 dB
[2026-10-07 14:03:26.209] [info] [thread 111165] [daheng_demo.cpp AddGain:448] 增益 -> 15 dB
[2026-10-07 14:03:26.243] [info] [thread 111165] [daheng_demo.cpp AddGain:448] 增益 -> 14.9 dB
[2026-10-07 14:03:26.280] [info] [thread 111165] [daheng_demo.cpp AddGain:448] 增益 -> 14.8 dB
[2026-10-07 14:03:26.314] [info] [thread 111165] [daheng_demo.cpp AddGain:448] 增益 -> 14.700000000000001 dB
[2026-10-07 14:03:26.347] [info] [thread 111165] [daheng_demo.cpp AddGain:448] 增益 -> 14.6 dB
[2026-10-07 14:03:26.379] [info] [thread 111165] [daheng_demo.cpp AddGain:448] 增益 -> 14.5 dB
[2026-10-07 14:03:26.413] [info] [thread 111165] [daheng_demo.cpp AddGain:448] 增益 -> 14.4 dB
[2026-10-07 14:03:26.445] [info] [thread 111165] [daheng_demo.cpp AddGain:448] 增益 -> 14.3 dB
[2026-10-07 14:03:26.480] [info] [thread 111165] [daheng_demo.cpp AddGain:448] 增益 -> 14.200000000000001 dB
[2026-10-07 14:03:26.514] [info] [thread 111165] [daheng_demo.cpp AddGain:448] 增益 -> 14.1 dB
[2026-10-07 14:03:26.548] [info] [thread 111165] [daheng_demo.cpp AddGain:448] 增益 -> 14 dB
[2026-10-07 14:03:26.583] [info] [thread 111165] [daheng_demo.cpp AddGain:448] 增益 -> 13.9 dB
[2026-10-07 14:03:26.617] [info] [thread 111165] [daheng_demo.cpp AddGain:448] 增益 -> 13.8 dB
[2026-10-07 14:03:26.653] [info] [thread 111165] [daheng_demo.cpp AddGain:448] 增益 -> 13.700000000000001 dB
[2026-10-07 14:03:26.685] [info] [thread 111165] [daheng_demo.cpp AddGain:448] 增益 -> 13.6 dB
[2026-10-07 14:03:26.718] [info] [thread 111165] [daheng_demo.cpp AddGain:448] 增益 -> 13.5 dB
[2026-10-07 14:03:26.752] [info] [thread 111165] [daheng_demo.cpp AddGain:448] 增益 -> 13.4 dB
[2026-10-07 14:03:26.788] [info] [thread 111165] [daheng_demo.cpp AddGain:448] 增益 -> 13.3 dB
[2026-10-07 14:03:26.823] [info] [thread 111165] [daheng_demo.cpp AddGain:448] 增益 -> 13.200000000000001 dB
[2026-10-07 14:03:26.857] [info] [thread 111165] [daheng_demo.cpp AddGain:448] 增益 -> 13.1 dB
[2026-10-07 14:03:26.891] [info] [thread 111165] [daheng_demo.cpp AddGain:448] 增益 -> 13 dB
[2026-10-07 14:03:26.925] [info] [thread 111165] [daheng_demo.cpp AddGain:448] 增益 -> 12.9 dB
[2026-10-07 14:03:26.959] [info] [thread 111165] [daheng_demo.cpp AddGain:448] 增益 -> 12.8 dB
[2026-10-07 14:03:26.993] [info] [thread 111165] [daheng_demo.cpp AddGain:448] 增益 -> 12.700000000000001 dB
[2026-10-07 14:03:27.027] [info] [thread 111165] [daheng_demo.cpp AddGain:448] 增益 -> 12.6 dB
[2026-10-07 14:03:27.064] [info] [thread 111165] [daheng_demo.cpp AddGain:448] 增益 -> 12.5 dB
[2026-10-07 14:03:27.098] [info] [thread 111165] [daheng_demo.cpp AddGain:448] 增益 -> 12.4 dB
[2026-10-07 14:03:27.132] [info] [thread 111165] [daheng_demo.cpp AddGain:448] 增益 -> 12.3 dB
[2026-10-07 14:03:27.167] [info] [thread 111165] [daheng_demo.cpp AddGain:448] 增益 -> 12.200000000000001 dB
[2026-10-07 14:03:27.200] [info] [thread 111165] [daheng_demo.cpp AddGain:448] 增益 -> 12.1 dB
[2026-10-07 14:03:27.233] [info] [thread 111165] [daheng_demo.cpp AddGain:448] 增益 -> 12 dB
[2026-10-07 14:03:27.267] [info] [thread 111165] [daheng_demo.cpp AddGain:448] 增益 -> 11.9 dB
[2026-10-07 14:03:27.301] [info] [thread 111165] [daheng_demo.cpp AddGain:448] 增益 -> 11.8 dB
[2026-10-07 14:03:27.333] [info] [thread 111165] [daheng_demo.cpp AddGain:448] 增益 -> 11.700000000000001 dB
[2026-10-07 14:03:27.367] [info] [thread 111165] [daheng_demo.cpp AddGain:448] 增益 -> 11.6 dB
[2026-10-07 14:03:27.400] [info] [thread 111165] [daheng_demo.cpp AddGain:448] 增益 -> 11.5 dB
[2026-10-07 14:03:27.434] [info] [thread 111165] [daheng_demo.cpp AddGain:448] 增益 -> 11.4 dB
[2026-10-07 14:03:27.470] [info] [thread 111165] [daheng_demo.cpp AddGain:448] 增益 -> 11.3 dB
[2026-10-07 14:03:27.503] [info] [thread 111165] [daheng_demo.cpp AddGain:448] 增益 -> 11.200000000000001 dB
[2026-10-07 14:03:27.536] [info] [thread 111165] [daheng_demo.cpp AddGain:448] 增益 -> 11.1 dB
[2026-10-07 14:03:27.569] [info] [thread 111165] [daheng_demo.cpp AddGain:448] 增益 -> 11 dB
[2026-10-07 14:03:27.604] [info] [thread 111165] [daheng_demo.cpp AddGain:448] 增益 -> 10.9 dB
[2026-10-07 14:03:27.639] [info] [thread 111165] [daheng_demo.cpp AddGain:448] 增益 -> 10.8 dB
[2026-10-07 14:03:27.676] [info] [thread 111165] [daheng_demo.cpp AddGain:448] 增益 -> 10.700000000000001 dB
[2026-10-07 14:03:27.710] [info] [thread 111165] [daheng_demo.cpp AddGain:448] 增益 -> 10.6 dB
[2026-10-07 14:03:27.744] [info] [thread 111165] [daheng_demo.cpp AddGain:448] 增益 -> 10.5 dB
[2026-10-07 14:03:27.777] [info] [thread 111165] [daheng_demo.cpp AddGain:448] 增益 -> 10.4 dB
[2026-10-07 14:03:27.813] [info] [thread 111165] [daheng_demo.cpp AddGain:448] 增益 -> 10.3 dB
[2026-10-07 14:03:27.848] [info] [thread 111165] [daheng_demo.cpp AddGain:448] 增益 -> 10.200000000000001 dB
[2026-10-07 14:03:27.881] [info] [thread 111165] [daheng_demo.cpp AddGain:448] 增益 -> 10.1 dB
[2026-10-07 14:03:27.942] [info] [thread 111165] [daheng_demo.cpp AddGain:448] 增益 -> 10.2 dB
[2026-10-07 14:03:29.287] [info] [thread 111165] [daheng_demo.cpp AddExposureTime:424] 曝光时间 -> 3025 us
[2026-10-07 14:03:29.790] [info] [thread 111165] [daheng_demo.cpp AddExposureTime:424] 曝光时间 -> 3050 us
[2026-10-07 14:03:29.823] [info] [thread 111165] [daheng_demo.cpp AddExposureTime:424] 曝光时间 -> 3075 us
[2026-10-07 14:03:29.855] [info] [thread 111165] [daheng_demo.cpp AddExposureTime:424] 曝光时间 -> 3100 us
[2026-10-07 14:03:29.889] [info] [thread 111165] [daheng_demo.cpp AddExposureTime:424] 曝光时间 -> 3125 us
[2026-10-07 14:03:29.921] [info] [thread 111165] [daheng_demo.cpp AddExposureTime:424] 曝光时间 -> 3150 us
[2026-10-07 14:03:29.954] [info] [thread 111165] [daheng_demo.cpp AddExposureTime:424] 曝光时间 -> 3175 us
[2026-10-07 14:03:29.985] [info] [thread 111165] [daheng_demo.cpp AddExposureTime:424] 曝光时间 -> 3200 us
[2026-10-07 14:03:30.018] [info] [thread 111165] [daheng_demo.cpp AddExposureTime:424] 曝光时间 -> 3225 us
[2026-10-07 14:03:30.052] [info] [thread 111165] [daheng_demo.cpp AddExposureTime:424] 曝光时间 -> 3250 us
[2026-10-07 14:03:30.347] [info] [thread 111165] [daheng_demo.cpp AddExposureTime:424] 曝光时间 -> 3275 us
[2026-10-07 14:03:30.861] [info] [thread 111165] [daheng_demo.cpp AddExposureTime:424] 曝光时间 -> 3300 us
[2026-10-07 14:03:30.900] [info] [thread 111165] [daheng_demo.cpp AddExposureTime:424] 曝光时间 -> 3325 us
[2026-10-07 14:03:30.942] [info] [thread 111165] [daheng_demo.cpp AddExposureTime:424] 曝光时间 -> 3350 us
[2026-10-07 14:03:30.983] [info] [thread 111165] [daheng_demo.cpp AddExposureTime:424] 曝光时间 -> 3375 us
[2026-10-07 14:03:31.024] [info] [thread 111165] [daheng_demo.cpp AddExposureTime:424] 曝光时间 -> 3400 us
[2026-10-07 14:03:31.065] [info] [thread 111165] [daheng_demo.cpp AddExposureTime:424] 曝光时间 -> 3425 us
[2026-10-07 14:03:31.108] [info] [thread 111165] [daheng_demo.cpp AddExposureTime:424] 曝光时间 -> 3450 us
[2026-10-07 14:03:31.148] [info] [thread 111165] [daheng_demo.cpp AddExposureTime:424] 曝光时间 -> 3475 us
[2026-10-07 14:03:31.187] [info] [thread 111165] [daheng_demo.cpp AddExposureTime:424] 曝光时间 -> 3500 us
[2026-10-07 14:03:31.226] [info] [thread 111165] [daheng_demo.cpp AddExposureTime:424] 曝光时间 -> 3525 us
[2026-10-07 14:03:31.268] [info] [thread 111165] [daheng_demo.cpp AddExposureTime:424] 曝光时间 -> 3550 us
[2026-10-07 14:03:31.309] [info] [thread 111165] [daheng_demo.cpp AddExposureTime:424] 曝光时间 -> 3575 us
[2026-10-07 14:03:31.350] [info] [thread 111165] [daheng_demo.cpp AddExposureTime:424] 曝光时间 -> 3600 us
[2026-10-07 14:03:31.382] [info] [thread 111165] [daheng_demo.cpp AddExposureTime:424] 曝光时间 -> 3625 us
[2026-10-07 14:03:31.421] [info] [thread 111165] [daheng_demo.cpp AddExposureTime:424] 曝光时间 -> 3650 us
[2026-10-07 14:03:31.453] [info] [thread 111165] [daheng_demo.cpp AddExposureTime:424] 曝光时间 -> 3675 us
[2026-10-07 14:03:31.489] [info] [thread 111165] [daheng_demo.cpp AddExposureTime:424] 曝光时间 -> 3700 us
[2026-10-07 14:03:31.521] [info] [thread 111165] [daheng_demo.cpp AddExposureTime:424] 曝光时间 -> 3725 us
[2026-10-07 14:03:31.557] [info] [thread 111165] [daheng_demo.cpp AddExposureTime:424] 曝光时间 -> 3750 us
[2026-10-07 14:03:31.590] [info] [thread 111165] [daheng_demo.cpp AddExposureTime:424] 曝光时间 -> 3775 us
[2026-10-07 14:03:31.624] [info] [thread 111165] [daheng_demo.cpp AddExposureTime:424] 曝光时间 -> 3800 us
[2026-10-07 14:03:31.656] [info] [thread 111165] [daheng_demo.cpp AddExposureTime:424] 曝光时间 -> 3825 us
[2026-10-07 14:03:31.694] [info] [thread 111165] [daheng_demo.cpp AddExposureTime:424] 曝光时间 -> 3850 us
[2026-10-07 14:03:31.728] [info] [thread 111165] [daheng_demo.cpp AddExposureTime:424] 曝光时间 -> 3875 us
[2026-10-07 14:03:31.759] [info] [thread 111165] [daheng_demo.cpp AddExposureTime:424] 曝光时间 -> 3900 us
[2026-10-07 14:03:31.791] [info] [thread 111165] [daheng_demo.cpp AddExposureTime:424] 曝光时间 -> 3925 us
[2026-10-07 14:03:31.826] [info] [thread 111165] [daheng_demo.cpp AddExposureTime:424] 曝光时间 -> 3950 us
[2026-10-07 14:03:31.860] [info] [thread 111165] [daheng_demo.cpp AddExposureTime:424] 曝光时间 -> 3975 us
[2026-10-07 14:03:31.894] [info] [thread 111165] [daheng_demo.cpp AddExposureTime:424] 曝光时间 -> 4000 us
[2026-10-07 14:03:31.926] [info] [thread 111165] [daheng_demo.cpp AddExposureTime:424] 曝光时间 -> 4025 us
[2026-10-07 14:03:31.960] [info] [thread 111165] [daheng_demo.cpp AddExposureTime:424] 曝光时间 -> 4050 us
[2026-10-07 14:03:31.992] [info] [thread 111165] [daheng_demo.cpp AddExposureTime:424] 曝光时间 -> 4075 us
[2026-10-07 14:03:32.024] [info] [thread 111165] [daheng_demo.cpp AddExposureTime:424] 曝光时间 -> 4100 us
[2026-10-07 14:03:32.058] [info] [thread 111165] [daheng_demo.cpp AddExposureTime:424] 曝光时间 -> 4125 us
[2026-10-07 14:03:32.095] [info] [thread 111165] [daheng_demo.cpp AddExposureTime:424] 曝光时间 -> 4150 us
[2026-10-07 14:03:32.128] [info] [thread 111165] [daheng_demo.cpp AddExposureTime:424] 曝光时间 -> 4175 us
[2026-10-07 14:03:32.161] [info] [thread 111165] [daheng_demo.cpp AddExposureTime:424] 曝光时间 -> 4200 us
[2026-10-07 14:03:32.202] [info] [thread 111165] [daheng_demo.cpp AddExposureTime:424] 曝光时间 -> 4225 us
[2026-10-07 14:03:32.242] [info] [thread 111165] [daheng_demo.cpp AddExposureTime:424] 曝光时间 -> 4250 us
[2026-10-07 14:03:32.281] [info] [thread 111165] [daheng_demo.cpp AddExposureTime:424] 曝光时间 -> 4275 us
[2026-10-07 14:03:32.321] [info] [thread 111165] [daheng_demo.cpp AddExposureTime:424] 曝光时间 -> 4300 us
[2026-10-07 14:03:32.360] [info] [thread 111165] [daheng_demo.cpp AddExposureTime:424] 曝光时间 -> 4325 us
[2026-10-07 14:03:32.400] [info] [thread 111165] [daheng_demo.cpp AddExposureTime:424] 曝光时间 -> 4350 us
[2026-10-07 14:03:32.431] [info] [thread 111165] [daheng_demo.cpp AddExposureTime:424] 曝光时间 -> 4375 us
[2026-10-07 14:03:32.465] [info] [thread 111165] [daheng_demo.cpp AddExposureTime:424] 曝光时间 -> 4400 us
[2026-10-07 14:03:32.499] [info] [thread 111165] [daheng_demo.cpp AddExposureTime:424] 曝光时间 -> 4425 us
[2026-10-07 14:03:32.534] [info] [thread 111165] [daheng_demo.cpp AddExposureTime:424] 曝光时间 -> 4450 us
[2026-10-07 14:03:32.568] [info] [thread 111165] [daheng_demo.cpp AddExposureTime:424] 曝光时间 -> 4475 us
[2026-10-07 14:03:32.601] [info] [thread 111165] [daheng_demo.cpp AddExposureTime:424] 曝光时间 -> 4500 us
[2026-10-07 14:03:32.640] [info] [thread 111165] [daheng_demo.cpp AddExposureTime:424] 曝光时间 -> 4525 us
[2026-10-07 14:03:32.681] [info] [thread 111165] [daheng_demo.cpp AddExposureTime:424] 曝光时间 -> 4550 us
[2026-10-07 14:03:32.721] [info] [thread 111165] [daheng_demo.cpp AddExposureTime:424] 曝光时间 -> 4575 us
[2026-10-07 14:03:32.761] [info] [thread 111165] [daheng_demo.cpp AddExposureTime:424] 曝光时间 -> 4600 us
[2026-10-07 14:03:32.801] [info] [thread 111165] [daheng_demo.cpp AddExposureTime:424] 曝光时间 -> 4625 us
[2026-10-07 14:03:32.840] [info] [thread 111165] [daheng_demo.cpp AddExposureTime:424] 曝光时间 -> 4650 us
[2026-10-07 14:03:32.878] [info] [thread 111165] [daheng_demo.cpp AddExposureTime:424] 曝光时间 -> 4675 us
[2026-10-07 14:03:32.916] [info] [thread 111165] [daheng_demo.cpp AddExposureTime:424] 曝光时间 -> 4700 us
[2026-10-07 14:03:32.956] [info] [thread 111165] [daheng_demo.cpp AddExposureTime:424] 曝光时间 -> 4725 us
[2026-10-07 14:03:32.996] [info] [thread 111165] [daheng_demo.cpp AddExposureTime:424] 曝光时间 -> 4750 us
[2026-10-07 14:03:33.035] [info] [thread 111165] [daheng_demo.cpp AddExposureTime:424] 曝光时间 -> 4775 us
[2026-10-07 14:03:33.080] [info] [thread 111165] [daheng_demo.cpp AddExposureTime:424] 曝光时间 -> 4800 us
[2026-10-07 14:03:33.120] [info] [thread 111165] [daheng_demo.cpp AddExposureTime:424] 曝光时间 -> 4825 us
[2026-10-07 14:03:33.160] [info] [thread 111165] [daheng_demo.cpp AddExposureTime:424] 曝光时间 -> 4850 us
[2026-10-07 14:03:33.203] [info] [thread 111165] [daheng_demo.cpp AddExposureTime:424] 曝光时间 -> 4875 us
[2026-10-07 14:03:33.236] [info] [thread 111165] [daheng_demo.cpp AddExposureTime:424] 曝光时间 -> 4900 us
[2026-10-07 14:03:33.270] [info] [thread 111165] [daheng_demo.cpp AddExposureTime:424] 曝光时间 -> 4925 us
[2026-10-07 14:03:33.304] [info] [thread 111165] [daheng_demo.cpp AddExposureTime:424] 曝光时间 -> 4950 us
[2026-10-07 14:03:33.337] [info] [thread 111165] [daheng_demo.cpp AddExposureTime:424] 曝光时间 -> 4975 us
[2026-10-07 14:03:33.377] [info] [thread 111165] [daheng_demo.cpp AddExposureTime:424] 曝光时间 -> 5000 us
[2026-10-07 14:03:33.412] [info] [thread 111165] [daheng_demo.cpp AddExposureTime:424] 曝光时间 -> 5025 us
[2026-10-07 14:03:33.444] [info] [thread 111165] [daheng_demo.cpp AddExposureTime:424] 曝光时间 -> 5050 us
[2026-10-07 14:03:33.476] [info] [thread 111165] [daheng_demo.cpp AddExposureTime:424] 曝光时间 -> 5075 us
[2026-10-07 14:03:33.510] [info] [thread 111165] [daheng_demo.cpp AddExposureTime:424] 曝光时间 -> 5100 us
[2026-10-07 14:03:33.543] [info] [thread 111165] [daheng_demo.cpp AddExposureTime:424] 曝光时间 -> 5125 us
[2026-10-07 14:03:33.577] [info] [thread 111165] [daheng_demo.cpp AddExposureTime:424] 曝光时间 -> 5150 us
[2026-10-07 14:03:33.610] [info] [thread 111165] [daheng_demo.cpp AddExposureTime:424] 曝光时间 -> 5175 us
[2026-10-07 14:03:33.641] [info] [thread 111165] [daheng_demo.cpp AddExposureTime:424] 曝光时间 -> 5200 us
[2026-10-07 14:03:33.675] [info] [thread 111165] [daheng_demo.cpp AddExposureTime:424] 曝光时间 -> 5225 us
[2026-10-07 14:03:33.708] [info] [thread 111165] [daheng_demo.cpp AddExposureTime:424] 曝光时间 -> 5250 us
[2026-10-07 14:03:33.741] [info] [thread 111165] [daheng_demo.cpp AddExposureTime:424] 曝光时间 -> 5275 us
[2026-10-07 14:03:33.775] [info] [thread 111165] [daheng_demo.cpp AddExposureTime:424] 曝光时间 -> 5300 us
[2026-10-07 14:03:33.807] [info] [thread 111165] [daheng_demo.cpp AddExposureTime:424] 曝光时间 -> 5325 us
[2026-10-07 14:03:33.841] [info] [thread 111165] [daheng_demo.cpp AddExposureTime:424] 曝光时间 -> 5350 us
[2026-10-07 14:03:33.875] [info] [thread 111165] [daheng_demo.cpp AddExposureTime:424] 曝光时间 -> 5375 us
[2026-10-07 14:03:33.907] [info] [thread 111165] [daheng_demo.cpp AddExposureTime:424] 曝光时间 -> 5400 us
[2026-10-07 14:03:33.939] [info] [thread 111165] [daheng_demo.cpp AddExposureTime:424] 曝光时间 -> 5425 us
[2026-10-07 14:03:33.973] [info] [thread 111165] [daheng_demo.cpp AddExposureTime:424] 曝光时间 -> 5450 us
[2026-10-07 14:03:34.034] [info] [thread 111165] [daheng_demo.cpp AddExposureTime:424] 曝光时间 -> 5425 us
[2026-10-07 14:03:34.509] [info] [thread 111165] [daheng_demo.cpp AddExposureTime:424] 曝光时间 -> 5450 us
[2026-10-07 14:03:34.993] [info] [thread 111165] [daheng_demo.cpp AddExposureTime:424] 曝光时间 -> 5475 us
[2026-10-07 14:03:35.027] [info] [thread 111165] [daheng_demo.cpp AddExposureTime:424] 曝光时间 -> 5500 us
[2026-10-07 14:03:35.061] [info] [thread 111165] [daheng_demo.cpp AddExposureTime:424] 曝光时间 -> 5525 us
[2026-10-07 14:03:35.097] [info] [thread 111165] [daheng_demo.cpp AddExposureTime:424] 曝光时间 -> 5550 us
[2026-10-07 14:03:35.131] [info] [thread 111165] [daheng_demo.cpp AddExposureTime:424] 曝光时间 -> 5575 us
[2026-10-07 14:03:35.173] [info] [thread 111165] [daheng_demo.cpp AddExposureTime:424] 曝光时间 -> 5600 us
[2026-10-07 14:03:35.209] [info] [thread 111165] [daheng_demo.cpp AddExposureTime:424] 曝光时间 -> 5625 us
[2026-10-07 14:03:35.242] [info] [thread 111165] [daheng_demo.cpp AddExposureTime:424] 曝光时间 -> 5650 us
[2026-10-07 14:03:35.275] [info] [thread 111165] [daheng_demo.cpp AddExposureTime:424] 曝光时间 -> 5675 us
[2026-10-07 14:03:35.308] [info] [thread 111165] [daheng_demo.cpp AddExposureTime:424] 曝光时间 -> 5700 us
[2026-10-07 14:03:35.340] [info] [thread 111165] [daheng_demo.cpp AddExposureTime:424] 曝光时间 -> 5725 us
[2026-10-07 14:03:35.371] [info] [thread 111165] [daheng_demo.cpp AddExposureTime:424] 曝光时间 -> 5750 us
[2026-10-07 14:03:35.404] [info] [thread 111165] [daheng_demo.cpp AddExposureTime:424] 曝光时间 -> 5775 us
[2026-10-07 14:03:35.435] [info] [thread 111165] [daheng_demo.cpp AddExposureTime:424] 曝光时间 -> 5800 us
[2026-10-07 14:03:35.466] [info] [thread 111165] [daheng_demo.cpp AddExposureTime:424] 曝光时间 -> 5825 us
[2026-10-07 14:03:35.498] [info] [thread 111165] [daheng_demo.cpp AddExposureTime:424] 曝光时间 -> 5850 us
[2026-10-07 14:03:35.532] [info] [thread 111165] [daheng_demo.cpp AddExposureTime:424] 曝光时间 -> 5875 us
[2026-10-07 14:03:35.566] [info] [thread 111165] [daheng_demo.cpp AddExposureTime:424] 曝光时间 -> 5900 us
[2026-10-07 14:03:35.599] [info] [thread 111165] [daheng_demo.cpp AddExposureTime:424] 曝光时间 -> 5925 us
[2026-10-07 14:03:35.632] [info] [thread 111165] [daheng_demo.cpp AddExposureTime:424] 曝光时间 -> 5950 us
[2026-10-07 14:04:36.526] [info] [thread 111165] [daheng_demo.cpp main:829] 相机已关闭
[2026-10-07 14:26:18.842] [info] [thread 112149] [daheng_demo.cpp main:494] daheng_demo 启动
[2026-10-07 14:26:18.863] [debug] [thread 112149] [daheng_demo.cpp main:499] GXInitLib status = 0
[2026-10-07 14:26:19.874] [info] [thread 112149] [daheng_demo.cpp EnumerateDevices:367] 共找到 1 台设备:
[2026-10-07 14:26:19.874] [info] [thread 112149] [daheng_demo.cpp EnumerateDevices:379]   [1] 型号: MER2-230-168U3C  序列号: FDE25070188
[2026-10-07 14:26:21.014] [info] [thread 112149] [daheng_demo.cpp main:537] 打开相机 FDE25070188 成功
[2026-10-07 14:26:21.048] [info] [thread 112149] [daheng_demo.cpp operator():571] ExposureTime 初始值 5950 -> 3000
[2026-10-07 14:26:21.063] [info] [thread 112149] [daheng_demo.cpp operator():571] Gain 初始值 10.2 -> 0
[2026-10-07 14:26:21.065] [warning] [thread 112149] [daheng_demo.cpp operator():559] 读取 Gamma 失败: {-8}{DoGetFloatRange:line[285]}{Node is not available. : AccessException thrown in node 'Gamma' while calling 'Gamma.GetMin()' (file 'FloatT.h', line 363)}
[2026-10-07 14:26:21.096] [info] [thread 112149] [daheng_demo.cpp main:617] 分辨率 1920x1200
[2026-10-07 14:26:21.098] [info] [thread 112149] [daheng_demo.cpp main:652] Bayer PixelColorFilter = 1，转换输出 BGR
[2026-10-07 14:26:21.150] [info] [thread 112149] [daheng_demo.cpp main:683] YOLO 模型加载成功: /home/zhongchengyi/Desktop/desktop/RM/runs/detect/train-3/weights/best.onnx
[2026-10-07 14:26:21.150] [info] [thread 112149] [daheng_demo.cpp main:693] 取流开始,按 e/d 调曝光、a/q 调增益、s/w 调伽马、ESC 退出
[2026-10-07 14:26:54.001] [info] [thread 112149] [daheng_demo.cpp AddGain:448] 增益 -> 0 dB
[2026-10-07 14:26:54.490] [info] [thread 112149] [daheng_demo.cpp AddGain:448] 增益 -> 0 dB
[2026-10-07 14:26:54.552] [info] [thread 112149] [daheng_demo.cpp AddGain:448] 增益 -> 0 dB
[2026-10-07 14:26:54.615] [info] [thread 112149] [daheng_demo.cpp AddGain:448] 增益 -> 0 dB
[2026-10-07 14:26:54.679] [info] [thread 112149] [daheng_demo.cpp AddGain:448] 增益 -> 0 dB
[2026-10-07 14:26:54.741] [info] [thread 112149] [daheng_demo.cpp AddGain:448] 增益 -> 0 dB
[2026-10-07 14:26:54.803] [info] [thread 112149] [daheng_demo.cpp AddGain:448] 增益 -> 0 dB
[2026-10-07 14:26:54.865] [info] [thread 112149] [daheng_demo.cpp AddGain:448] 增益 -> 0 dB
[2026-10-07 14:26:54.928] [info] [thread 112149] [daheng_demo.cpp AddGain:448] 增益 -> 0 dB
[2026-10-07 14:26:54.990] [info] [thread 112149] [daheng_demo.cpp AddGain:448] 增益 -> 0 dB
[2026-10-07 14:26:55.054] [info] [thread 112149] [daheng_demo.cpp AddGain:448] 增益 -> 0 dB
[2026-10-07 14:26:55.115] [info] [thread 112149] [daheng_demo.cpp AddGain:448] 增益 -> 0 dB
[2026-10-07 14:26:55.179] [info] [thread 112149] [daheng_demo.cpp AddGain:448] 增益 -> 0 dB
[2026-10-07 14:26:55.241] [info] [thread 112149] [daheng_demo.cpp AddGain:448] 增益 -> 0 dB
[2026-10-07 14:26:55.302] [info] [thread 112149] [daheng_demo.cpp AddGain:448] 增益 -> 0 dB
[2026-10-07 14:26:55.366] [info] [thread 112149] [daheng_demo.cpp AddGain:448] 增益 -> 0 dB
[2026-10-07 14:26:55.428] [info] [thread 112149] [daheng_demo.cpp AddGain:448] 增益 -> 0 dB
[2026-10-07 14:26:55.490] [info] [thread 112149] [daheng_demo.cpp AddGain:448] 增益 -> 0 dB
[2026-10-07 14:26:55.552] [info] [thread 112149] [daheng_demo.cpp AddGain:448] 增益 -> 0 dB
[2026-10-07 14:26:55.616] [info] [thread 112149] [daheng_demo.cpp AddGain:448] 增益 -> 0 dB
[2026-10-07 14:26:55.679] [info] [thread 112149] [daheng_demo.cpp AddGain:448] 增益 -> 0 dB
[2026-10-07 14:26:55.744] [info] [thread 112149] [daheng_demo.cpp AddGain:448] 增益 -> 0 dB
[2026-10-07 14:26:55.807] [info] [thread 112149] [daheng_demo.cpp AddGain:448] 增益 -> 0 dB
[2026-10-07 14:26:55.868] [info] [thread 112149] [daheng_demo.cpp AddGain:448] 增益 -> 0 dB
[2026-10-07 14:26:55.931] [info] [thread 112149] [daheng_demo.cpp AddGain:448] 增益 -> 0 dB
[2026-10-07 14:26:55.993] [info] [thread 112149] [daheng_demo.cpp AddGain:448] 增益 -> 0 dB
[2026-10-07 14:26:56.065] [info] [thread 112149] [daheng_demo.cpp AddGain:448] 增益 -> 0 dB
[2026-10-07 14:26:56.127] [info] [thread 112149] [daheng_demo.cpp AddGain:448] 增益 -> 0 dB
[2026-10-07 14:26:56.189] [info] [thread 112149] [daheng_demo.cpp AddGain:448] 增益 -> 0 dB
[2026-10-07 14:26:56.251] [info] [thread 112149] [daheng_demo.cpp AddGain:448] 增益 -> 0 dB
[2026-10-07 14:26:56.314] [info] [thread 112149] [daheng_demo.cpp AddGain:448] 增益 -> 0 dB
[2026-10-07 14:26:56.376] [info] [thread 112149] [daheng_demo.cpp AddGain:448] 增益 -> 0 dB
[2026-10-07 14:26:56.437] [info] [thread 112149] [daheng_demo.cpp AddGain:448] 增益 -> 0 dB
[2026-10-07 14:26:56.499] [info] [thread 112149] [daheng_demo.cpp AddGain:448] 增益 -> 0 dB
[2026-10-07 14:26:56.562] [info] [thread 112149] [daheng_demo.cpp AddGain:448] 增益 -> 0 dB
[2026-10-07 14:26:56.625] [info] [thread 112149] [daheng_demo.cpp AddGain:448] 增益 -> 0 dB
[2026-10-07 14:26:56.689] [info] [thread 112149] [daheng_demo.cpp AddGain:448] 增益 -> 0 dB
[2026-10-07 14:26:56.751] [info] [thread 112149] [daheng_demo.cpp AddGain:448] 增益 -> 0 dB
[2026-10-07 14:26:56.813] [info] [thread 112149] [daheng_demo.cpp AddGain:448] 增益 -> 0 dB
[2026-10-07 14:26:56.875] [info] [thread 112149] [daheng_demo.cpp AddGain:448] 增益 -> 0 dB
[2026-10-07 14:26:56.937] [info] [thread 112149] [daheng_demo.cpp AddGain:448] 增益 -> 0 dB
[2026-10-07 14:26:56.999] [info] [thread 112149] [daheng_demo.cpp AddGain:448] 增益 -> 0 dB
[2026-10-07 14:26:57.062] [info] [thread 112149] [daheng_demo.cpp AddGain:448] 增益 -> 0 dB
[2026-10-07 14:26:57.125] [info] [thread 112149] [daheng_demo.cpp AddGain:448] 增益 -> 0 dB
[2026-10-07 14:26:57.186] [info] [thread 112149] [daheng_demo.cpp AddGain:448] 增益 -> 0 dB
[2026-10-07 14:26:57.248] [info] [thread 112149] [daheng_demo.cpp AddGain:448] 增益 -> 0 dB
[2026-10-07 14:26:57.311] [info] [thread 112149] [daheng_demo.cpp AddGain:448] 增益 -> 0 dB
[2026-10-07 14:26:57.372] [info] [thread 112149] [daheng_demo.cpp AddGain:448] 增益 -> 0 dB
[2026-10-07 14:26:57.436] [info] [thread 112149] [daheng_demo.cpp AddGain:448] 增益 -> 0 dB
[2026-10-07 14:26:57.497] [info] [thread 112149] [daheng_demo.cpp AddGain:448] 增益 -> 0 dB
[2026-10-07 14:26:57.557] [info] [thread 112149] [daheng_demo.cpp AddGain:448] 增益 -> 0 dB
[2026-10-07 14:26:57.619] [info] [thread 112149] [daheng_demo.cpp AddGain:448] 增益 -> 0 dB
[2026-10-07 14:26:57.683] [info] [thread 112149] [daheng_demo.cpp AddGain:448] 增益 -> 0 dB
[2026-10-07 14:26:57.745] [info] [thread 112149] [daheng_demo.cpp AddGain:448] 增益 -> 0 dB
[2026-10-07 14:26:57.811] [info] [thread 112149] [daheng_demo.cpp AddGain:448] 增益 -> 0 dB
[2026-10-07 14:26:57.875] [info] [thread 112149] [daheng_demo.cpp AddGain:448] 增益 -> 0 dB
[2026-10-07 14:26:57.935] [info] [thread 112149] [daheng_demo.cpp AddGain:448] 增益 -> 0 dB
[2026-10-07 14:26:57.997] [info] [thread 112149] [daheng_demo.cpp AddGain:448] 增益 -> 0.1 dB
[2026-10-07 14:26:58.058] [info] [thread 112149] [daheng_demo.cpp AddGain:448] 增益 -> 0.2 dB
[2026-10-07 14:26:58.120] [info] [thread 112149] [daheng_demo.cpp AddGain:448] 增益 -> 0.30000000000000004 dB
[2026-10-07 14:26:58.183] [info] [thread 112149] [daheng_demo.cpp AddGain:448] 增益 -> 0.4 dB
[2026-10-07 14:26:58.246] [info] [thread 112149] [daheng_demo.cpp AddGain:448] 增益 -> 0.5 dB
[2026-10-07 14:26:58.308] [info] [thread 112149] [daheng_demo.cpp AddGain:448] 增益 -> 0.6 dB
[2026-10-07 14:26:58.369] [info] [thread 112149] [daheng_demo.cpp AddGain:448] 增益 -> 0.7 dB
[2026-10-07 14:26:59.609] [info] [thread 112149] [daheng_demo.cpp AddGain:448] 增益 -> 0.7999999999999999 dB
[2026-10-07 14:27:00.096] [info] [thread 112149] [daheng_demo.cpp AddGain:448] 增益 -> 0.9 dB
[2026-10-07 14:27:00.156] [info] [thread 112149] [daheng_demo.cpp AddGain:448] 增益 -> 1 dB
[2026-10-07 14:27:00.218] [info] [thread 112149] [daheng_demo.cpp AddGain:448] 增益 -> 1.1 dB
[2026-10-07 14:27:00.280] [info] [thread 112149] [daheng_demo.cpp AddGain:448] 增益 -> 1.2000000000000002 dB
[2026-10-07 14:27:00.344] [info] [thread 112149] [daheng_demo.cpp AddGain:448] 增益 -> 1.3 dB
[2026-10-07 14:27:00.406] [info] [thread 112149] [daheng_demo.cpp AddGain:448] 增益 -> 1.4000000000000001 dB
[2026-10-07 14:27:00.468] [info] [thread 112149] [daheng_demo.cpp AddGain:448] 增益 -> 1.5 dB
[2026-10-07 14:27:00.531] [info] [thread 112149] [daheng_demo.cpp AddGain:448] 增益 -> 1.6 dB
[2026-10-07 14:27:00.593] [info] [thread 112149] [daheng_demo.cpp AddGain:448] 增益 -> 1.7000000000000002 dB
[2026-10-07 14:27:00.656] [info] [thread 112149] [daheng_demo.cpp AddGain:448] 增益 -> 1.8 dB
[2026-10-07 14:27:00.717] [info] [thread 112149] [daheng_demo.cpp AddGain:448] 增益 -> 1.9000000000000001 dB
[2026-10-07 14:27:00.778] [info] [thread 112149] [daheng_demo.cpp AddGain:448] 增益 -> 2 dB
[2026-10-07 14:27:01.321] [info] [thread 112149] [daheng_demo.cpp AddGain:448] 增益 -> 2.1 dB
[2026-10-07 14:27:01.809] [info] [thread 112149] [daheng_demo.cpp AddGain:448] 增益 -> 2.2 dB
[2026-10-07 14:27:01.871] [info] [thread 112149] [daheng_demo.cpp AddGain:448] 增益 -> 2.3000000000000003 dB
[2026-10-07 14:27:01.933] [info] [thread 112149] [daheng_demo.cpp AddGain:448] 增益 -> 2.4 dB
[2026-10-07 14:27:01.995] [info] [thread 112149] [daheng_demo.cpp AddGain:448] 增益 -> 2.5 dB
[2026-10-07 14:27:02.055] [info] [thread 112149] [daheng_demo.cpp AddGain:448] 增益 -> 2.6 dB
[2026-10-07 14:27:02.117] [info] [thread 112149] [daheng_demo.cpp AddGain:448] 增益 -> 2.7 dB
[2026-10-07 14:27:02.180] [info] [thread 112149] [daheng_demo.cpp AddGain:448] 增益 -> 2.8000000000000003 dB
[2026-10-07 14:27:02.243] [info] [thread 112149] [daheng_demo.cpp AddGain:448] 增益 -> 2.9 dB
[2026-10-07 14:27:02.304] [info] [thread 112149] [daheng_demo.cpp AddGain:448] 增益 -> 3 dB
[2026-10-07 14:27:02.365] [info] [thread 112149] [daheng_demo.cpp AddGain:448] 增益 -> 3.1 dB
[2026-10-07 14:27:02.427] [info] [thread 112149] [daheng_demo.cpp AddGain:448] 增益 -> 3.2 dB
[2026-10-07 14:27:02.491] [info] [thread 112149] [daheng_demo.cpp AddGain:448] 增益 -> 3.3000000000000003 dB
[2026-10-07 14:27:02.553] [info] [thread 112149] [daheng_demo.cpp AddGain:448] 增益 -> 3.4 dB
[2026-10-07 14:27:02.614] [info] [thread 112149] [daheng_demo.cpp AddGain:448] 增益 -> 3.5 dB
[2026-10-07 14:27:02.677] [info] [thread 112149] [daheng_demo.cpp AddGain:448] 增益 -> 3.6 dB
[2026-10-07 14:27:02.741] [info] [thread 112149] [daheng_demo.cpp AddGain:448] 增益 -> 3.7 dB
[2026-10-07 14:27:02.803] [info] [thread 112149] [daheng_demo.cpp AddGain:448] 增益 -> 3.8000000000000003 dB
[2026-10-07 14:27:02.872] [info] [thread 112149] [daheng_demo.cpp AddGain:448] 增益 -> 3.9 dB
[2026-10-07 14:27:02.933] [info] [thread 112149] [daheng_demo.cpp AddGain:448] 增益 -> 4 dB
[2026-10-07 14:27:02.997] [info] [thread 112149] [daheng_demo.cpp AddGain:448] 增益 -> 4.1 dB
[2026-10-07 14:27:03.061] [info] [thread 112149] [daheng_demo.cpp AddGain:448] 增益 -> 4.199999999999999 dB
[2026-10-07 14:27:03.123] [info] [thread 112149] [daheng_demo.cpp AddGain:448] 增益 -> 4.3 dB
[2026-10-07 14:27:03.185] [info] [thread 112149] [daheng_demo.cpp AddGain:448] 增益 -> 4.3999999999999995 dB
[2026-10-07 14:27:03.249] [info] [thread 112149] [daheng_demo.cpp AddGain:448] 增益 -> 4.5 dB
[2026-10-07 14:27:03.310] [info] [thread 112149] [daheng_demo.cpp AddGain:448] 增益 -> 4.6 dB
[2026-10-07 14:27:03.373] [info] [thread 112149] [daheng_demo.cpp AddGain:448] 增益 -> 4.699999999999999 dB
[2026-10-07 14:27:03.435] [info] [thread 112149] [daheng_demo.cpp AddGain:448] 增益 -> 4.8 dB
[2026-10-07 14:27:03.495] [info] [thread 112149] [daheng_demo.cpp AddGain:448] 增益 -> 4.8999999999999995 dB
[2026-10-07 14:27:03.556] [info] [thread 112149] [daheng_demo.cpp AddGain:448] 增益 -> 5 dB
[2026-10-07 14:27:03.618] [info] [thread 112149] [daheng_demo.cpp AddGain:448] 增益 -> 5.1 dB
[2026-10-07 14:27:03.680] [info] [thread 112149] [daheng_demo.cpp AddGain:448] 增益 -> 5.199999999999999 dB
[2026-10-07 14:27:03.742] [info] [thread 112149] [daheng_demo.cpp AddGain:448] 增益 -> 5.3 dB
[2026-10-07 14:27:04.390] [info] [thread 112149] [daheng_demo.cpp AddGain:448] 增益 -> 5.3999999999999995 dB
[2026-10-07 14:27:04.885] [info] [thread 112149] [daheng_demo.cpp AddGain:448] 增益 -> 5.5 dB
[2026-10-07 14:27:04.948] [info] [thread 112149] [daheng_demo.cpp AddGain:448] 增益 -> 5.6 dB
[2026-10-07 14:27:05.009] [info] [thread 112149] [daheng_demo.cpp AddGain:448] 增益 -> 5.699999999999999 dB
[2026-10-07 14:27:05.071] [info] [thread 112149] [daheng_demo.cpp AddGain:448] 增益 -> 5.8 dB
[2026-10-07 14:27:05.132] [info] [thread 112149] [daheng_demo.cpp AddGain:448] 增益 -> 5.8999999999999995 dB
[2026-10-07 14:27:05.194] [info] [thread 112149] [daheng_demo.cpp AddGain:448] 增益 -> 6 dB
[2026-10-07 14:27:05.254] [info] [thread 112149] [daheng_demo.cpp AddGain:448] 增益 -> 6.1 dB
[2026-10-07 14:27:05.314] [info] [thread 112149] [daheng_demo.cpp AddGain:448] 增益 -> 6.199999999999999 dB
[2026-10-07 14:27:05.375] [info] [thread 112149] [daheng_demo.cpp AddGain:448] 增益 -> 6.3 dB
[2026-10-07 14:27:05.437] [info] [thread 112149] [daheng_demo.cpp AddGain:448] 增益 -> 6.3999999999999995 dB
[2026-10-07 14:27:05.498] [info] [thread 112149] [daheng_demo.cpp AddGain:448] 增益 -> 6.5 dB
[2026-10-07 14:27:05.560] [info] [thread 112149] [daheng_demo.cpp AddGain:448] 增益 -> 6.6 dB
[2026-10-07 14:27:05.622] [info] [thread 112149] [daheng_demo.cpp AddGain:448] 增益 -> 6.699999999999999 dB
[2026-10-07 14:27:05.685] [info] [thread 112149] [daheng_demo.cpp AddGain:448] 增益 -> 6.8 dB
[2026-10-07 14:27:05.747] [info] [thread 112149] [daheng_demo.cpp AddGain:448] 增益 -> 6.8999999999999995 dB
[2026-10-07 14:27:05.809] [info] [thread 112149] [daheng_demo.cpp AddGain:448] 增益 -> 7 dB
[2026-10-07 14:27:05.872] [info] [thread 112149] [daheng_demo.cpp AddGain:448] 增益 -> 7.1 dB
[2026-10-07 14:27:05.933] [info] [thread 112149] [daheng_demo.cpp AddGain:448] 增益 -> 7.199999999999999 dB
[2026-10-07 14:27:05.995] [info] [thread 112149] [daheng_demo.cpp AddGain:448] 增益 -> 7.3 dB
[2026-10-07 14:27:06.060] [info] [thread 112149] [daheng_demo.cpp AddGain:448] 增益 -> 7.3999999999999995 dB
[2026-10-07 14:27:06.123] [info] [thread 112149] [daheng_demo.cpp AddGain:448] 增益 -> 7.5 dB
[2026-10-07 14:27:06.184] [info] [thread 112149] [daheng_demo.cpp AddGain:448] 增益 -> 7.6 dB
[2026-10-07 14:27:06.246] [info] [thread 112149] [daheng_demo.cpp AddGain:448] 增益 -> 7.699999999999999 dB
[2026-10-07 14:27:06.308] [info] [thread 112149] [daheng_demo.cpp AddGain:448] 增益 -> 7.8 dB
[2026-10-07 14:27:06.370] [info] [thread 112149] [daheng_demo.cpp AddGain:448] 增益 -> 7.8999999999999995 dB
[2026-10-07 14:27:06.433] [info] [thread 112149] [daheng_demo.cpp AddGain:448] 增益 -> 8 dB
[2026-10-07 14:27:06.495] [info] [thread 112149] [daheng_demo.cpp AddGain:448] 增益 -> 8.1 dB
[2026-10-07 14:27:06.557] [info] [thread 112149] [daheng_demo.cpp AddGain:448] 增益 -> 8.2 dB
[2026-10-07 14:27:06.620] [info] [thread 112149] [daheng_demo.cpp AddGain:448] 增益 -> 8.299999999999999 dB
[2026-10-07 14:27:06.682] [info] [thread 112149] [daheng_demo.cpp AddGain:448] 增益 -> 8.4 dB
[2026-10-07 14:27:06.743] [info] [thread 112149] [daheng_demo.cpp AddGain:448] 增益 -> 8.5 dB
[2026-10-07 14:27:06.805] [info] [thread 112149] [daheng_demo.cpp AddGain:448] 增益 -> 8.6 dB
[2026-10-07 14:27:08.667] [info] [thread 112149] [daheng_demo.cpp AddExposureTime:424] 曝光时间 -> 3025 us
[2026-10-07 14:27:09.153] [info] [thread 112149] [daheng_demo.cpp AddExposureTime:424] 曝光时间 -> 3050 us
[2026-10-07 14:27:09.214] [info] [thread 112149] [daheng_demo.cpp AddExposureTime:424] 曝光时间 -> 3075 us
[2026-10-07 14:27:09.274] [info] [thread 112149] [daheng_demo.cpp AddExposureTime:424] 曝光时间 -> 3100 us
[2026-10-07 14:27:09.334] [info] [thread 112149] [daheng_demo.cpp AddExposureTime:424] 曝光时间 -> 3125 us
[2026-10-07 14:27:09.392] [info] [thread 112149] [daheng_demo.cpp AddExposureTime:424] 曝光时间 -> 3150 us
[2026-10-07 14:27:09.454] [info] [thread 112149] [daheng_demo.cpp AddExposureTime:424] 曝光时间 -> 3175 us
[2026-10-07 14:27:09.514] [info] [thread 112149] [daheng_demo.cpp AddExposureTime:424] 曝光时间 -> 3200 us
[2026-10-07 14:27:09.575] [info] [thread 112149] [daheng_demo.cpp AddExposureTime:424] 曝光时间 -> 3225 us
[2026-10-07 14:27:09.635] [info] [thread 112149] [daheng_demo.cpp AddExposureTime:424] 曝光时间 -> 3250 us
[2026-10-07 14:27:09.695] [info] [thread 112149] [daheng_demo.cpp AddExposureTime:424] 曝光时间 -> 3275 us
[2026-10-07 14:27:09.757] [info] [thread 112149] [daheng_demo.cpp AddExposureTime:424] 曝光时间 -> 3300 us
[2026-10-07 14:27:09.816] [info] [thread 112149] [daheng_demo.cpp AddExposureTime:424] 曝光时间 -> 3325 us
[2026-10-07 14:27:09.885] [info] [thread 112149] [daheng_demo.cpp AddExposureTime:424] 曝光时间 -> 3350 us
[2026-10-07 14:27:09.946] [info] [thread 112149] [daheng_demo.cpp AddExposureTime:424] 曝光时间 -> 3375 us
[2026-10-07 14:27:10.010] [info] [thread 112149] [daheng_demo.cpp AddExposureTime:424] 曝光时间 -> 3400 us
[2026-10-07 14:27:10.069] [info] [thread 112149] [daheng_demo.cpp AddExposureTime:424] 曝光时间 -> 3425 us
[2026-10-07 14:27:10.129] [info] [thread 112149] [daheng_demo.cpp AddExposureTime:424] 曝光时间 -> 3450 us
[2026-10-07 14:27:10.189] [info] [thread 112149] [daheng_demo.cpp AddExposureTime:424] 曝光时间 -> 3475 us
[2026-10-07 14:27:10.248] [info] [thread 112149] [daheng_demo.cpp AddExposureTime:424] 曝光时间 -> 3500 us
[2026-10-07 14:27:10.308] [info] [thread 112149] [daheng_demo.cpp AddExposureTime:424] 曝光时间 -> 3525 us
[2026-10-07 14:27:10.370] [info] [thread 112149] [daheng_demo.cpp AddExposureTime:424] 曝光时间 -> 3550 us
[2026-10-07 14:27:10.430] [info] [thread 112149] [daheng_demo.cpp AddExposureTime:424] 曝光时间 -> 3575 us
[2026-10-07 14:27:10.495] [info] [thread 112149] [daheng_demo.cpp AddExposureTime:424] 曝光时间 -> 3600 us
[2026-10-07 14:27:10.554] [info] [thread 112149] [daheng_demo.cpp AddExposureTime:424] 曝光时间 -> 3625 us
[2026-10-07 14:27:10.615] [info] [thread 112149] [daheng_demo.cpp AddExposureTime:424] 曝光时间 -> 3650 us
[2026-10-07 14:27:10.676] [info] [thread 112149] [daheng_demo.cpp AddExposureTime:424] 曝光时间 -> 3675 us
[2026-10-07 14:27:10.737] [info] [thread 112149] [daheng_demo.cpp AddExposureTime:424] 曝光时间 -> 3700 us
[2026-10-07 14:27:10.798] [info] [thread 112149] [daheng_demo.cpp AddExposureTime:424] 曝光时间 -> 3725 us
[2026-10-07 14:27:10.858] [info] [thread 112149] [daheng_demo.cpp AddExposureTime:424] 曝光时间 -> 3750 us
[2026-10-07 14:27:10.917] [info] [thread 112149] [daheng_demo.cpp AddExposureTime:424] 曝光时间 -> 3775 us
[2026-10-07 14:27:10.977] [info] [thread 112149] [daheng_demo.cpp AddExposureTime:424] 曝光时间 -> 3800 us
[2026-10-07 14:27:11.040] [info] [thread 112149] [daheng_demo.cpp AddExposureTime:424] 曝光时间 -> 3825 us
[2026-10-07 14:27:11.099] [info] [thread 112149] [daheng_demo.cpp AddExposureTime:424] 曝光时间 -> 3850 us
[2026-10-07 14:27:11.158] [info] [thread 112149] [daheng_demo.cpp AddExposureTime:424] 曝光时间 -> 3875 us
[2026-10-07 14:27:11.219] [info] [thread 112149] [daheng_demo.cpp AddExposureTime:424] 曝光时间 -> 3900 us
[2026-10-07 14:27:11.278] [info] [thread 112149] [daheng_demo.cpp AddExposureTime:424] 曝光时间 -> 3925 us
[2026-10-07 14:27:11.338] [info] [thread 112149] [daheng_demo.cpp AddExposureTime:424] 曝光时间 -> 3950 us
[2026-10-07 14:27:11.398] [info] [thread 112149] [daheng_demo.cpp AddExposureTime:424] 曝光时间 -> 3975 us
[2026-10-07 14:27:11.457] [info] [thread 112149] [daheng_demo.cpp AddExposureTime:424] 曝光时间 -> 4000 us
[2026-10-07 14:27:11.516] [info] [thread 112149] [daheng_demo.cpp AddExposureTime:424] 曝光时间 -> 4025 us
[2026-10-07 14:27:11.575] [info] [thread 112149] [daheng_demo.cpp AddExposureTime:424] 曝光时间 -> 4050 us
[2026-10-07 14:27:11.633] [info] [thread 112149] [daheng_demo.cpp AddExposureTime:424] 曝光时间 -> 4075 us
[2026-10-07 14:27:11.694] [info] [thread 112149] [daheng_demo.cpp AddExposureTime:424] 曝光时间 -> 4100 us
[2026-10-07 14:27:11.754] [info] [thread 112149] [daheng_demo.cpp AddExposureTime:424] 曝光时间 -> 4125 us
[2026-10-07 14:27:11.813] [info] [thread 112149] [daheng_demo.cpp AddExposureTime:424] 曝光时间 -> 4150 us
[2026-10-07 14:27:11.873] [info] [thread 112149] [daheng_demo.cpp AddExposureTime:424] 曝光时间 -> 4175 us
[2026-10-07 14:27:11.933] [info] [thread 112149] [daheng_demo.cpp AddExposureTime:424] 曝光时间 -> 4200 us
[2026-10-07 14:27:11.992] [info] [thread 112149] [daheng_demo.cpp AddExposureTime:424] 曝光时间 -> 4225 us
[2026-10-07 14:27:12.052] [info] [thread 112149] [daheng_demo.cpp AddExposureTime:424] 曝光时间 -> 4250 us
[2026-10-07 14:27:12.110] [info] [thread 112149] [daheng_demo.cpp AddExposureTime:424] 曝光时间 -> 4275 us
[2026-10-07 14:27:12.169] [info] [thread 112149] [daheng_demo.cpp AddExposureTime:424] 曝光时间 -> 4300 us
[2026-10-07 14:27:12.229] [info] [thread 112149] [daheng_demo.cpp AddExposureTime:424] 曝光时间 -> 4325 us
[2026-10-07 14:27:12.289] [info] [thread 112149] [daheng_demo.cpp AddExposureTime:424] 曝光时间 -> 4350 us
[2026-10-07 14:27:12.349] [info] [thread 112149] [daheng_demo.cpp AddExposureTime:424] 曝光时间 -> 4375 us
[2026-10-07 14:27:12.411] [info] [thread 112149] [daheng_demo.cpp AddExposureTime:424] 曝光时间 -> 4400 us
[2026-10-07 14:27:12.472] [info] [thread 112149] [daheng_demo.cpp AddExposureTime:424] 曝光时间 -> 4425 us
[2026-10-07 14:27:12.531] [info] [thread 112149] [daheng_demo.cpp AddExposureTime:424] 曝光时间 -> 4450 us
[2026-10-07 14:27:12.590] [info] [thread 112149] [daheng_demo.cpp AddExposureTime:424] 曝光时间 -> 4475 us
[2026-10-07 14:27:12.650] [info] [thread 112149] [daheng_demo.cpp AddExposureTime:424] 曝光时间 -> 4500 us
[2026-10-07 14:27:12.709] [info] [thread 112149] [daheng_demo.cpp AddExposureTime:424] 曝光时间 -> 4525 us
[2026-10-07 14:27:12.770] [info] [thread 112149] [daheng_demo.cpp AddExposureTime:424] 曝光时间 -> 4550 us
[2026-10-07 14:27:12.829] [info] [thread 112149] [daheng_demo.cpp AddExposureTime:424] 曝光时间 -> 4575 us
[2026-10-07 14:27:12.890] [info] [thread 112149] [daheng_demo.cpp AddExposureTime:424] 曝光时间 -> 4600 us
[2026-10-07 14:27:12.949] [info] [thread 112149] [daheng_demo.cpp AddExposureTime:424] 曝光时间 -> 4625 us
[2026-10-07 14:27:13.008] [info] [thread 112149] [daheng_demo.cpp AddExposureTime:424] 曝光时间 -> 4650 us
[2026-10-07 14:27:13.068] [info] [thread 112149] [daheng_demo.cpp AddExposureTime:424] 曝光时间 -> 4675 us
[2026-10-07 14:27:13.128] [info] [thread 112149] [daheng_demo.cpp AddExposureTime:424] 曝光时间 -> 4700 us
[2026-10-07 14:27:13.188] [info] [thread 112149] [daheng_demo.cpp AddExposureTime:424] 曝光时间 -> 4725 us
[2026-10-07 14:27:13.246] [info] [thread 112149] [daheng_demo.cpp AddExposureTime:424] 曝光时间 -> 4750 us
[2026-10-07 14:27:13.307] [info] [thread 112149] [daheng_demo.cpp AddExposureTime:424] 曝光时间 -> 4775 us
[2026-10-07 14:27:13.366] [info] [thread 112149] [daheng_demo.cpp AddExposureTime:424] 曝光时间 -> 4800 us
[2026-10-07 14:27:13.427] [info] [thread 112149] [daheng_demo.cpp AddExposureTime:424] 曝光时间 -> 4825 us
[2026-10-07 14:27:13.486] [info] [thread 112149] [daheng_demo.cpp AddExposureTime:424] 曝光时间 -> 4850 us
[2026-10-07 14:27:13.547] [info] [thread 112149] [daheng_demo.cpp AddExposureTime:424] 曝光时间 -> 4875 us
[2026-10-07 14:27:13.610] [info] [thread 112149] [daheng_demo.cpp AddExposureTime:424] 曝光时间 -> 4900 us
[2026-10-07 14:27:13.669] [info] [thread 112149] [daheng_demo.cpp AddExposureTime:424] 曝光时间 -> 4925 us
[2026-10-07 14:27:13.728] [info] [thread 112149] [daheng_demo.cpp AddExposureTime:424] 曝光时间 -> 4950 us
[2026-10-07 14:27:13.788] [info] [thread 112149] [daheng_demo.cpp AddExposureTime:424] 曝光时间 -> 4975 us
[2026-10-07 14:27:13.849] [info] [thread 112149] [daheng_demo.cpp AddExposureTime:424] 曝光时间 -> 5000 us
[2026-10-07 14:27:13.908] [info] [thread 112149] [daheng_demo.cpp AddExposureTime:424] 曝光时间 -> 5025 us
[2026-10-07 14:27:13.968] [info] [thread 112149] [daheng_demo.cpp AddExposureTime:424] 曝光时间 -> 5050 us
[2026-10-07 14:27:14.030] [info] [thread 112149] [daheng_demo.cpp AddExposureTime:424] 曝光时间 -> 5075 us
[2026-10-07 14:27:14.089] [info] [thread 112149] [daheng_demo.cpp AddExposureTime:424] 曝光时间 -> 5100 us
[2026-10-07 14:27:14.149] [info] [thread 112149] [daheng_demo.cpp AddExposureTime:424] 曝光时间 -> 5125 us
[2026-10-07 14:27:14.210] [info] [thread 112149] [daheng_demo.cpp AddExposureTime:424] 曝光时间 -> 5150 us
[2026-10-07 14:27:14.268] [info] [thread 112149] [daheng_demo.cpp AddExposureTime:424] 曝光时间 -> 5175 us
[2026-10-07 14:27:14.328] [info] [thread 112149] [daheng_demo.cpp AddExposureTime:424] 曝光时间 -> 5200 us
[2026-10-07 14:27:14.389] [info] [thread 112149] [daheng_demo.cpp AddExposureTime:424] 曝光时间 -> 5225 us
[2026-10-07 14:27:14.449] [info] [thread 112149] [daheng_demo.cpp AddExposureTime:424] 曝光时间 -> 5250 us
[2026-10-07 14:27:14.510] [info] [thread 112149] [daheng_demo.cpp AddExposureTime:424] 曝光时间 -> 5275 us
[2026-10-07 14:27:14.570] [info] [thread 112149] [daheng_demo.cpp AddExposureTime:424] 曝光时间 -> 5300 us
[2026-10-07 14:27:14.629] [info] [thread 112149] [daheng_demo.cpp AddExposureTime:424] 曝光时间 -> 5325 us
[2026-10-07 14:27:14.689] [info] [thread 112149] [daheng_demo.cpp AddExposureTime:424] 曝光时间 -> 5350 us
[2026-10-07 14:27:14.749] [info] [thread 112149] [daheng_demo.cpp AddExposureTime:424] 曝光时间 -> 5375 us
[2026-10-07 14:27:14.809] [info] [thread 112149] [daheng_demo.cpp AddExposureTime:424] 曝光时间 -> 5400 us
[2026-10-07 14:27:14.869] [info] [thread 112149] [daheng_demo.cpp AddExposureTime:424] 曝光时间 -> 5425 us
[2026-10-07 14:27:14.928] [info] [thread 112149] [daheng_demo.cpp AddExposureTime:424] 曝光时间 -> 5450 us
[2026-10-07 14:27:14.987] [info] [thread 112149] [daheng_demo.cpp AddExposureTime:424] 曝光时间 -> 5475 us
[2026-10-07 14:27:15.048] [info] [thread 112149] [daheng_demo.cpp AddExposureTime:424] 曝光时间 -> 5500 us
[2026-10-07 14:27:15.108] [info] [thread 112149] [daheng_demo.cpp AddExposureTime:424] 曝光时间 -> 5525 us
[2026-10-07 14:27:15.168] [info] [thread 112149] [daheng_demo.cpp AddExposureTime:424] 曝光时间 -> 5550 us
[2026-10-07 14:27:15.227] [info] [thread 112149] [daheng_demo.cpp AddExposureTime:424] 曝光时间 -> 5575 us
[2026-10-07 14:27:15.285] [info] [thread 112149] [daheng_demo.cpp AddExposureTime:424] 曝光时间 -> 5600 us
[2026-10-07 14:27:15.343] [info] [thread 112149] [daheng_demo.cpp AddExposureTime:424] 曝光时间 -> 5625 us
[2026-10-07 14:27:15.404] [info] [thread 112149] [daheng_demo.cpp AddExposureTime:424] 曝光时间 -> 5650 us
[2026-10-07 14:27:15.464] [info] [thread 112149] [daheng_demo.cpp AddExposureTime:424] 曝光时间 -> 5675 us
[2026-10-07 14:27:15.522] [info] [thread 112149] [daheng_demo.cpp AddExposureTime:424] 曝光时间 -> 5700 us
[2026-10-07 14:27:15.583] [info] [thread 112149] [daheng_demo.cpp AddExposureTime:424] 曝光时间 -> 5725 us
[2026-10-07 14:27:15.642] [info] [thread 112149] [daheng_demo.cpp AddExposureTime:424] 曝光时间 -> 5750 us
[2026-10-07 14:27:15.702] [info] [thread 112149] [daheng_demo.cpp AddExposureTime:424] 曝光时间 -> 5775 us
[2026-10-07 14:27:15.762] [info] [thread 112149] [daheng_demo.cpp AddExposureTime:424] 曝光时间 -> 5800 us
[2026-10-07 14:27:15.822] [info] [thread 112149] [daheng_demo.cpp AddExposureTime:424] 曝光时间 -> 5825 us
[2026-10-07 14:27:15.883] [info] [thread 112149] [daheng_demo.cpp AddExposureTime:424] 曝光时间 -> 5850 us
[2026-10-07 14:27:15.946] [info] [thread 112149] [daheng_demo.cpp AddExposureTime:424] 曝光时间 -> 5875 us
[2026-10-07 14:27:16.009] [info] [thread 112149] [daheng_demo.cpp AddExposureTime:424] 曝光时间 -> 5900 us
[2026-10-07 14:27:16.070] [info] [thread 112149] [daheng_demo.cpp AddExposureTime:424] 曝光时间 -> 5925 us
[2026-10-07 14:27:16.129] [info] [thread 112149] [daheng_demo.cpp AddExposureTime:424] 曝光时间 -> 5950 us
[2026-10-07 14:27:16.188] [info] [thread 112149] [daheng_demo.cpp AddExposureTime:424] 曝光时间 -> 5975 us
[2026-10-07 14:27:16.247] [info] [thread 112149] [daheng_demo.cpp AddExposureTime:424] 曝光时间 -> 6000 us
[2026-10-07 14:27:16.306] [info] [thread 112149] [daheng_demo.cpp AddExposureTime:424] 曝光时间 -> 6025 us
[2026-10-07 14:27:16.365] [info] [thread 112149] [daheng_demo.cpp AddExposureTime:424] 曝光时间 -> 6050 us
[2026-10-07 14:27:16.425] [info] [thread 112149] [daheng_demo.cpp AddExposureTime:424] 曝光时间 -> 6075 us
[2026-10-07 14:27:16.484] [info] [thread 112149] [daheng_demo.cpp AddExposureTime:424] 曝光时间 -> 6100 us
[2026-10-07 14:27:16.543] [info] [thread 112149] [daheng_demo.cpp AddExposureTime:424] 曝光时间 -> 6125 us
[2026-10-07 14:27:16.602] [info] [thread 112149] [daheng_demo.cpp AddExposureTime:424] 曝光时间 -> 6150 us
[2026-10-07 14:27:16.663] [info] [thread 112149] [daheng_demo.cpp AddExposureTime:424] 曝光时间 -> 6175 us
[2026-10-07 14:27:16.724] [info] [thread 112149] [daheng_demo.cpp AddExposureTime:424] 曝光时间 -> 6200 us
[2026-10-07 14:27:16.783] [info] [thread 112149] [daheng_demo.cpp AddExposureTime:424] 曝光时间 -> 6225 us
[2026-10-07 14:27:16.843] [info] [thread 112149] [daheng_demo.cpp AddExposureTime:424] 曝光时间 -> 6250 us
[2026-10-07 14:27:16.903] [info] [thread 112149] [daheng_demo.cpp AddExposureTime:424] 曝光时间 -> 6275 us
[2026-10-07 14:27:16.964] [info] [thread 112149] [daheng_demo.cpp AddExposureTime:424] 曝光时间 -> 6300 us
[2026-10-07 14:27:17.025] [info] [thread 112149] [daheng_demo.cpp AddExposureTime:424] 曝光时间 -> 6325 us
[2026-10-07 14:27:17.084] [info] [thread 112149] [daheng_demo.cpp AddExposureTime:424] 曝光时间 -> 6350 us
[2026-10-07 14:27:17.144] [info] [thread 112149] [daheng_demo.cpp AddExposureTime:424] 曝光时间 -> 6375 us
[2026-10-07 14:27:17.203] [info] [thread 112149] [daheng_demo.cpp AddExposureTime:424] 曝光时间 -> 6400 us
[2026-10-07 14:27:17.264] [info] [thread 112149] [daheng_demo.cpp AddExposureTime:424] 曝光时间 -> 6425 us
[2026-10-07 14:27:17.325] [info] [thread 112149] [daheng_demo.cpp AddExposureTime:424] 曝光时间 -> 6450 us
[2026-10-07 14:27:17.384] [info] [thread 112149] [daheng_demo.cpp AddExposureTime:424] 曝光时间 -> 6475 us
[2026-10-07 14:27:17.444] [info] [thread 112149] [daheng_demo.cpp AddExposureTime:424] 曝光时间 -> 6500 us
[2026-10-07 14:27:17.506] [info] [thread 112149] [daheng_demo.cpp AddExposureTime:424] 曝光时间 -> 6525 us
[2026-10-07 14:27:17.566] [info] [thread 112149] [daheng_demo.cpp AddExposureTime:424] 曝光时间 -> 6550 us
[2026-10-07 14:27:17.626] [info] [thread 112149] [daheng_demo.cpp AddExposureTime:424] 曝光时间 -> 6575 us
[2026-10-07 14:27:17.688] [info] [thread 112149] [daheng_demo.cpp AddExposureTime:424] 曝光时间 -> 6600 us
[2026-10-07 14:27:17.748] [info] [thread 112149] [daheng_demo.cpp AddExposureTime:424] 曝光时间 -> 6625 us
[2026-10-07 14:27:17.809] [info] [thread 112149] [daheng_demo.cpp AddExposureTime:424] 曝光时间 -> 6650 us
[2026-10-07 14:27:17.868] [info] [thread 112149] [daheng_demo.cpp AddExposureTime:424] 曝光时间 -> 6675 us
[2026-10-07 14:27:17.927] [info] [thread 112149] [daheng_demo.cpp AddExposureTime:424] 曝光时间 -> 6700 us
[2026-10-07 14:27:17.987] [info] [thread 112149] [daheng_demo.cpp AddExposureTime:424] 曝光时间 -> 6725 us
[2026-10-07 14:27:18.046] [info] [thread 112149] [daheng_demo.cpp AddExposureTime:424] 曝光时间 -> 6750 us
[2026-10-07 14:27:18.108] [info] [thread 112149] [daheng_demo.cpp AddExposureTime:424] 曝光时间 -> 6775 us
[2026-10-07 14:27:18.167] [info] [thread 112149] [daheng_demo.cpp AddExposureTime:424] 曝光时间 -> 6800 us
[2026-10-07 14:27:18.226] [info] [thread 112149] [daheng_demo.cpp AddExposureTime:424] 曝光时间 -> 6825 us
[2026-10-07 14:27:18.286] [info] [thread 112149] [daheng_demo.cpp AddExposureTime:424] 曝光时间 -> 6850 us
[2026-10-07 14:27:18.346] [info] [thread 112149] [daheng_demo.cpp AddExposureTime:424] 曝光时间 -> 6875 us
[2026-10-07 14:27:18.405] [info] [thread 112149] [daheng_demo.cpp AddExposureTime:424] 曝光时间 -> 6900 us
[2026-10-07 14:27:18.466] [info] [thread 112149] [daheng_demo.cpp AddExposureTime:424] 曝光时间 -> 6925 us
[2026-10-07 14:27:18.526] [info] [thread 112149] [daheng_demo.cpp AddExposureTime:424] 曝光时间 -> 6950 us
[2026-10-07 14:27:18.587] [info] [thread 112149] [daheng_demo.cpp AddExposureTime:424] 曝光时间 -> 6975 us
[2026-10-07 14:27:18.646] [info] [thread 112149] [daheng_demo.cpp AddExposureTime:424] 曝光时间 -> 7000 us
[2026-10-07 14:27:18.706] [info] [thread 112149] [daheng_demo.cpp AddExposureTime:424] 曝光时间 -> 7025 us
[2026-10-07 14:27:18.765] [info] [thread 112149] [daheng_demo.cpp AddExposureTime:424] 曝光时间 -> 7050 us
[2026-10-07 14:27:18.827] [info] [thread 112149] [daheng_demo.cpp AddExposureTime:424] 曝光时间 -> 7075 us
[2026-10-07 14:27:18.886] [info] [thread 112149] [daheng_demo.cpp AddExposureTime:424] 曝光时间 -> 7100 us
[2026-10-07 14:27:18.946] [info] [thread 112149] [daheng_demo.cpp AddExposureTime:424] 曝光时间 -> 7125 us
[2026-10-07 14:27:19.005] [info] [thread 112149] [daheng_demo.cpp AddExposureTime:424] 曝光时间 -> 7150 us
[2026-10-07 14:27:19.066] [info] [thread 112149] [daheng_demo.cpp AddExposureTime:424] 曝光时间 -> 7175 us
[2026-10-07 14:27:19.125] [info] [thread 112149] [daheng_demo.cpp AddExposureTime:424] 曝光时间 -> 7200 us
[2026-10-07 14:27:19.186] [info] [thread 112149] [daheng_demo.cpp AddExposureTime:424] 曝光时间 -> 7225 us
[2026-10-07 14:27:19.250] [info] [thread 112149] [daheng_demo.cpp AddExposureTime:424] 曝光时间 -> 7250 us
[2026-10-07 14:27:19.315] [info] [thread 112149] [daheng_demo.cpp AddExposureTime:424] 曝光时间 -> 7275 us
[2026-10-07 14:27:19.377] [info] [thread 112149] [daheng_demo.cpp AddExposureTime:424] 曝光时间 -> 7300 us
[2026-10-07 14:27:19.436] [info] [thread 112149] [daheng_demo.cpp AddExposureTime:424] 曝光时间 -> 7325 us
[2026-10-07 14:27:19.495] [info] [thread 112149] [daheng_demo.cpp AddExposureTime:424] 曝光时间 -> 7350 us
[2026-10-07 14:28:06.206] [info] [thread 112149] [daheng_demo.cpp AddGain:448] 增益 -> 8.7 dB
[2026-10-07 14:28:06.715] [info] [thread 112149] [daheng_demo.cpp AddGain:448] 增益 -> 8.799999999999999 dB
[2026-10-07 14:28:06.760] [info] [thread 112149] [daheng_demo.cpp AddGain:448] 增益 -> 8.9 dB
[2026-10-07 14:28:06.802] [info] [thread 112149] [daheng_demo.cpp AddGain:448] 增益 -> 9 dB
[2026-10-07 14:28:06.846] [info] [thread 112149] [daheng_demo.cpp AddGain:448] 增益 -> 9.1 dB
[2026-10-07 14:28:06.888] [info] [thread 112149] [daheng_demo.cpp AddGain:448] 增益 -> 9.2 dB
[2026-10-07 14:28:06.931] [info] [thread 112149] [daheng_demo.cpp AddGain:448] 增益 -> 9.299999999999999 dB
[2026-10-07 14:28:06.971] [info] [thread 112149] [daheng_demo.cpp AddGain:448] 增益 -> 9.4 dB
[2026-10-07 14:28:07.013] [info] [thread 112149] [daheng_demo.cpp AddGain:448] 增益 -> 9.5 dB
[2026-10-07 14:28:07.054] [info] [thread 112149] [daheng_demo.cpp AddGain:448] 增益 -> 9.6 dB
[2026-10-07 14:28:07.094] [info] [thread 112149] [daheng_demo.cpp AddGain:448] 增益 -> 9.7 dB
[2026-10-07 14:28:07.136] [info] [thread 112149] [daheng_demo.cpp AddGain:448] 增益 -> 9.799999999999999 dB
[2026-10-07 14:28:07.178] [info] [thread 112149] [daheng_demo.cpp AddGain:448] 增益 -> 9.9 dB
[2026-10-07 14:28:07.219] [info] [thread 112149] [daheng_demo.cpp AddGain:448] 增益 -> 10 dB
[2026-10-07 14:28:07.259] [info] [thread 112149] [daheng_demo.cpp AddGain:448] 增益 -> 10.1 dB
[2026-10-07 14:28:07.304] [info] [thread 112149] [daheng_demo.cpp AddGain:448] 增益 -> 10.2 dB
[2026-10-07 14:28:07.345] [info] [thread 112149] [daheng_demo.cpp AddGain:448] 增益 -> 10.299999999999999 dB
[2026-10-07 14:28:07.388] [info] [thread 112149] [daheng_demo.cpp AddGain:448] 增益 -> 10.4 dB
[2026-10-07 14:28:07.431] [info] [thread 112149] [daheng_demo.cpp AddGain:448] 增益 -> 10.5 dB
[2026-10-07 14:28:07.475] [info] [thread 112149] [daheng_demo.cpp AddGain:448] 增益 -> 10.6 dB
[2026-10-07 14:28:07.519] [info] [thread 112149] [daheng_demo.cpp AddGain:448] 增益 -> 10.7 dB
[2026-10-07 14:28:07.562] [info] [thread 112149] [daheng_demo.cpp AddGain:448] 增益 -> 10.799999999999999 dB
[2026-10-07 14:28:07.604] [info] [thread 112149] [daheng_demo.cpp AddGain:448] 增益 -> 10.9 dB
[2026-10-07 14:28:07.646] [info] [thread 112149] [daheng_demo.cpp AddGain:448] 增益 -> 11 dB
[2026-10-07 14:28:07.687] [info] [thread 112149] [daheng_demo.cpp AddGain:448] 增益 -> 11.1 dB
[2026-10-07 14:28:07.727] [info] [thread 112149] [daheng_demo.cpp AddGain:448] 增益 -> 11.2 dB
[2026-10-07 14:28:07.768] [info] [thread 112149] [daheng_demo.cpp AddGain:448] 增益 -> 11.299999999999999 dB
[2026-10-07 14:28:07.809] [info] [thread 112149] [daheng_demo.cpp AddGain:448] 增益 -> 11.4 dB
[2026-10-07 14:28:07.850] [info] [thread 112149] [daheng_demo.cpp AddGain:448] 增益 -> 11.5 dB
[2026-10-07 14:28:07.891] [info] [thread 112149] [daheng_demo.cpp AddGain:448] 增益 -> 11.6 dB
[2026-10-07 14:28:07.931] [info] [thread 112149] [daheng_demo.cpp AddGain:448] 增益 -> 11.7 dB
[2026-10-07 14:28:07.972] [info] [thread 112149] [daheng_demo.cpp AddGain:448] 增益 -> 11.799999999999999 dB
[2026-10-07 14:28:08.014] [info] [thread 112149] [daheng_demo.cpp AddGain:448] 增益 -> 11.9 dB
[2026-10-07 14:28:08.053] [info] [thread 112149] [daheng_demo.cpp AddGain:448] 增益 -> 12 dB
[2026-10-07 14:28:08.092] [info] [thread 112149] [daheng_demo.cpp AddGain:448] 增益 -> 12.1 dB
[2026-10-07 14:28:08.133] [info] [thread 112149] [daheng_demo.cpp AddGain:448] 增益 -> 12.2 dB
[2026-10-07 14:28:08.174] [info] [thread 112149] [daheng_demo.cpp AddGain:448] 增益 -> 12.299999999999999 dB
[2026-10-07 14:28:08.214] [info] [thread 112149] [daheng_demo.cpp AddGain:448] 增益 -> 12.4 dB
[2026-10-07 14:28:08.255] [info] [thread 112149] [daheng_demo.cpp AddGain:448] 增益 -> 12.5 dB
[2026-10-07 14:28:08.298] [info] [thread 112149] [daheng_demo.cpp AddGain:448] 增益 -> 12.6 dB
[2026-10-07 14:28:08.343] [info] [thread 112149] [daheng_demo.cpp AddGain:448] 增益 -> 12.7 dB
[2026-10-07 14:28:08.384] [info] [thread 112149] [daheng_demo.cpp AddGain:448] 增益 -> 12.799999999999999 dB
[2026-10-07 14:29:03.648] [info] [thread 112149] [daheng_demo.cpp AddGain:448] 增益 -> 12.700000000000001 dB
[2026-10-07 14:29:04.156] [info] [thread 112149] [daheng_demo.cpp AddGain:448] 增益 -> 12.6 dB
[2026-10-07 14:29:04.194] [info] [thread 112149] [daheng_demo.cpp AddGain:448] 增益 -> 12.5 dB
[2026-10-07 14:29:04.232] [info] [thread 112149] [daheng_demo.cpp AddGain:448] 增益 -> 12.4 dB
[2026-10-07 14:29:04.269] [info] [thread 112149] [daheng_demo.cpp AddGain:448] 增益 -> 12.3 dB
[2026-10-07 14:29:04.307] [info] [thread 112149] [daheng_demo.cpp AddGain:448] 增益 -> 12.200000000000001 dB
[2026-10-07 14:29:04.345] [info] [thread 112149] [daheng_demo.cpp AddGain:448] 增益 -> 12.1 dB
[2026-10-07 14:29:04.384] [info] [thread 112149] [daheng_demo.cpp AddGain:448] 增益 -> 12 dB
[2026-10-07 14:29:04.424] [info] [thread 112149] [daheng_demo.cpp AddGain:448] 增益 -> 11.9 dB
[2026-10-07 14:29:04.461] [info] [thread 112149] [daheng_demo.cpp AddGain:448] 增益 -> 11.8 dB
[2026-10-07 14:29:04.502] [info] [thread 112149] [daheng_demo.cpp AddGain:448] 增益 -> 11.700000000000001 dB
[2026-10-07 14:29:04.538] [info] [thread 112149] [daheng_demo.cpp AddGain:448] 增益 -> 11.6 dB
[2026-10-07 14:29:04.576] [info] [thread 112149] [daheng_demo.cpp AddGain:448] 增益 -> 11.5 dB
[2026-10-07 14:29:04.618] [info] [thread 112149] [daheng_demo.cpp AddGain:448] 增益 -> 11.4 dB
[2026-10-07 14:29:04.657] [info] [thread 112149] [daheng_demo.cpp AddGain:448] 增益 -> 11.3 dB
[2026-10-07 14:29:04.695] [info] [thread 112149] [daheng_demo.cpp AddGain:448] 增益 -> 11.200000000000001 dB
[2026-10-07 14:29:04.733] [info] [thread 112149] [daheng_demo.cpp AddGain:448] 增益 -> 11.1 dB
[2026-10-07 14:29:04.774] [info] [thread 112149] [daheng_demo.cpp AddGain:448] 增益 -> 11 dB
[2026-10-07 14:29:04.812] [info] [thread 112149] [daheng_demo.cpp AddGain:448] 增益 -> 10.9 dB
[2026-10-07 14:29:04.851] [info] [thread 112149] [daheng_demo.cpp AddGain:448] 增益 -> 10.8 dB
[2026-10-07 14:29:04.888] [info] [thread 112149] [daheng_demo.cpp AddGain:448] 增益 -> 10.700000000000001 dB
[2026-10-07 14:29:04.927] [info] [thread 112149] [daheng_demo.cpp AddGain:448] 增益 -> 10.6 dB
[2026-10-07 14:29:04.967] [info] [thread 112149] [daheng_demo.cpp AddGain:448] 增益 -> 10.5 dB
[2026-10-07 14:29:05.006] [info] [thread 112149] [daheng_demo.cpp AddGain:448] 增益 -> 10.4 dB
[2026-10-07 14:29:05.044] [info] [thread 112149] [daheng_demo.cpp AddGain:448] 增益 -> 10.3 dB
[2026-10-07 14:29:05.082] [info] [thread 112149] [daheng_demo.cpp AddGain:448] 增益 -> 10.200000000000001 dB
[2026-10-07 14:29:05.119] [info] [thread 112149] [daheng_demo.cpp AddGain:448] 增益 -> 10.1 dB
[2026-10-07 14:29:05.158] [info] [thread 112149] [daheng_demo.cpp AddGain:448] 增益 -> 10 dB
[2026-10-07 14:29:05.196] [info] [thread 112149] [daheng_demo.cpp AddGain:448] 增益 -> 9.9 dB
[2026-10-07 14:29:05.233] [info] [thread 112149] [daheng_demo.cpp AddGain:448] 增益 -> 9.8 dB
[2026-10-07 14:29:05.270] [info] [thread 112149] [daheng_demo.cpp AddGain:448] 增益 -> 9.700000000000001 dB
[2026-10-07 14:29:05.307] [info] [thread 112149] [daheng_demo.cpp AddGain:448] 增益 -> 9.6 dB
[2026-10-07 14:29:05.345] [info] [thread 112149] [daheng_demo.cpp AddGain:448] 增益 -> 9.5 dB
[2026-10-07 14:29:05.382] [info] [thread 112149] [daheng_demo.cpp AddGain:448] 增益 -> 9.4 dB
[2026-10-07 14:29:05.906] [info] [thread 112149] [daheng_demo.cpp AddGain:448] 增益 -> 9.3 dB
[2026-10-07 14:29:06.407] [info] [thread 112149] [daheng_demo.cpp AddGain:448] 增益 -> 9.200000000000001 dB
[2026-10-07 14:29:06.446] [info] [thread 112149] [daheng_demo.cpp AddGain:448] 增益 -> 9.1 dB
[2026-10-07 14:29:06.484] [info] [thread 112149] [daheng_demo.cpp AddGain:448] 增益 -> 9 dB
[2026-10-07 14:29:06.524] [info] [thread 112149] [daheng_demo.cpp AddGain:448] 增益 -> 8.9 dB
[2026-10-07 14:29:06.563] [info] [thread 112149] [daheng_demo.cpp AddGain:448] 增益 -> 8.8 dB
[2026-10-07 14:29:06.602] [info] [thread 112149] [daheng_demo.cpp AddGain:448] 增益 -> 8.700000000000001 dB
[2026-10-07 14:29:06.638] [info] [thread 112149] [daheng_demo.cpp AddGain:448] 增益 -> 8.6 dB
[2026-10-07 14:29:06.677] [info] [thread 112149] [daheng_demo.cpp AddGain:448] 增益 -> 8.5 dB
[2026-10-07 14:29:06.715] [info] [thread 112149] [daheng_demo.cpp AddGain:448] 增益 -> 8.4 dB
[2026-10-07 14:29:06.753] [info] [thread 112149] [daheng_demo.cpp AddGain:448] 增益 -> 8.3 dB
[2026-10-07 14:29:06.797] [info] [thread 112149] [daheng_demo.cpp AddGain:448] 增益 -> 8.200000000000001 dB
[2026-10-07 14:29:06.838] [info] [thread 112149] [daheng_demo.cpp AddGain:448] 增益 -> 8.1 dB
[2026-10-07 14:29:06.876] [info] [thread 112149] [daheng_demo.cpp AddGain:448] 增益 -> 8 dB
[2026-10-07 14:29:06.913] [info] [thread 112149] [daheng_demo.cpp AddGain:448] 增益 -> 7.9 dB
[2026-10-07 14:29:06.952] [info] [thread 112149] [daheng_demo.cpp AddGain:448] 增益 -> 7.800000000000001 dB
[2026-10-07 14:29:06.989] [info] [thread 112149] [daheng_demo.cpp AddGain:448] 增益 -> 7.7 dB
[2026-10-07 14:29:07.027] [info] [thread 112149] [daheng_demo.cpp AddGain:448] 增益 -> 7.6000000000000005 dB
[2026-10-07 14:29:07.066] [info] [thread 112149] [daheng_demo.cpp AddGain:448] 增益 -> 7.5 dB
[2026-10-07 14:29:07.105] [info] [thread 112149] [daheng_demo.cpp AddGain:448] 增益 -> 7.4 dB
[2026-10-07 14:29:07.144] [info] [thread 112149] [daheng_demo.cpp AddGain:448] 增益 -> 7.300000000000001 dB
[2026-10-07 14:29:07.182] [info] [thread 112149] [daheng_demo.cpp AddGain:448] 增益 -> 7.2 dB
[2026-10-07 14:29:07.221] [info] [thread 112149] [daheng_demo.cpp AddGain:448] 增益 -> 7.1000000000000005 dB
[2026-10-07 14:29:07.259] [info] [thread 112149] [daheng_demo.cpp AddGain:448] 增益 -> 7 dB
[2026-10-07 14:29:07.297] [info] [thread 112149] [daheng_demo.cpp AddGain:448] 增益 -> 6.9 dB
[2026-10-07 14:29:07.335] [info] [thread 112149] [daheng_demo.cpp AddGain:448] 增益 -> 6.800000000000001 dB
[2026-10-07 14:29:07.373] [info] [thread 112149] [daheng_demo.cpp AddGain:448] 增益 -> 6.7 dB
[2026-10-07 14:29:07.411] [info] [thread 112149] [daheng_demo.cpp AddGain:448] 增益 -> 6.6000000000000005 dB
[2026-10-07 14:29:07.450] [info] [thread 112149] [daheng_demo.cpp AddGain:448] 增益 -> 6.5 dB
[2026-10-07 14:29:07.489] [info] [thread 112149] [daheng_demo.cpp AddGain:448] 增益 -> 6.4 dB
[2026-10-07 14:29:07.528] [info] [thread 112149] [daheng_demo.cpp AddGain:448] 增益 -> 6.300000000000001 dB
[2026-10-07 14:29:07.565] [info] [thread 112149] [daheng_demo.cpp AddGain:448] 增益 -> 6.2 dB
[2026-10-07 14:29:08.021] [info] [thread 112149] [daheng_demo.cpp AddGain:448] 增益 -> 6.1000000000000005 dB
[2026-10-07 14:29:08.500] [info] [thread 112149] [daheng_demo.cpp AddGain:448] 增益 -> 6 dB
[2026-10-07 14:29:08.538] [info] [thread 112149] [daheng_demo.cpp AddGain:448] 增益 -> 5.9 dB
[2026-10-07 14:29:08.577] [info] [thread 112149] [daheng_demo.cpp AddGain:448] 增益 -> 5.800000000000001 dB
[2026-10-07 14:29:08.615] [info] [thread 112149] [daheng_demo.cpp AddGain:448] 增益 -> 5.7 dB
[2026-10-07 14:29:08.653] [info] [thread 112149] [daheng_demo.cpp AddGain:448] 增益 -> 5.6000000000000005 dB
[2026-10-07 14:29:08.691] [info] [thread 112149] [daheng_demo.cpp AddGain:448] 增益 -> 5.5 dB
[2026-10-07 14:29:08.730] [info] [thread 112149] [daheng_demo.cpp AddGain:448] 增益 -> 5.4 dB
[2026-10-07 14:29:08.768] [info] [thread 112149] [daheng_demo.cpp AddGain:448] 增益 -> 5.300000000000001 dB
[2026-10-07 14:29:08.807] [info] [thread 112149] [daheng_demo.cpp AddGain:448] 增益 -> 5.2 dB
[2026-10-07 14:29:08.844] [info] [thread 112149] [daheng_demo.cpp AddGain:448] 增益 -> 5.1000000000000005 dB
[2026-10-07 14:29:08.884] [info] [thread 112149] [daheng_demo.cpp AddGain:448] 增益 -> 5 dB
[2026-10-07 14:29:08.924] [info] [thread 112149] [daheng_demo.cpp AddGain:448] 增益 -> 4.9 dB
[2026-10-07 14:29:08.963] [info] [thread 112149] [daheng_demo.cpp AddGain:448] 增益 -> 4.800000000000001 dB
[2026-10-07 14:29:09.001] [info] [thread 112149] [daheng_demo.cpp AddGain:448] 增益 -> 4.7 dB
[2026-10-07 14:29:09.042] [info] [thread 112149] [daheng_demo.cpp AddGain:448] 增益 -> 4.6000000000000005 dB
[2026-10-07 14:29:09.080] [info] [thread 112149] [daheng_demo.cpp AddGain:448] 增益 -> 4.5 dB
[2026-10-07 14:29:09.118] [info] [thread 112149] [daheng_demo.cpp AddGain:448] 增益 -> 4.4 dB
[2026-10-07 14:29:09.154] [info] [thread 112149] [daheng_demo.cpp AddGain:448] 增益 -> 4.300000000000001 dB
[2026-10-07 14:33:53.999] [info] [thread 112149] [daheng_demo.cpp AddExposureTime:424] 曝光时间 -> 7375 us
[2026-10-07 14:33:54.514] [info] [thread 112149] [daheng_demo.cpp AddExposureTime:424] 曝光时间 -> 7400 us
[2026-10-07 14:33:54.580] [info] [thread 112149] [daheng_demo.cpp AddExposureTime:424] 曝光时间 -> 7425 us
[2026-10-07 14:33:54.645] [info] [thread 112149] [daheng_demo.cpp AddExposureTime:424] 曝光时间 -> 7450 us
[2026-10-07 14:33:54.708] [info] [thread 112149] [daheng_demo.cpp AddExposureTime:424] 曝光时间 -> 7475 us
[2026-10-07 14:33:54.771] [info] [thread 112149] [daheng_demo.cpp AddExposureTime:424] 曝光时间 -> 7500 us
[2026-10-07 14:33:54.834] [info] [thread 112149] [daheng_demo.cpp AddExposureTime:424] 曝光时间 -> 7525 us
[2026-10-07 14:33:54.897] [info] [thread 112149] [daheng_demo.cpp AddExposureTime:424] 曝光时间 -> 7550 us
[2026-10-07 14:33:54.961] [info] [thread 112149] [daheng_demo.cpp AddExposureTime:424] 曝光时间 -> 7575 us
[2026-10-07 14:33:55.027] [info] [thread 112149] [daheng_demo.cpp AddExposureTime:424] 曝光时间 -> 7600 us
[2026-10-07 14:33:55.092] [info] [thread 112149] [daheng_demo.cpp AddExposureTime:424] 曝光时间 -> 7625 us
[2026-10-07 14:33:55.156] [info] [thread 112149] [daheng_demo.cpp AddExposureTime:424] 曝光时间 -> 7650 us
[2026-10-07 14:33:55.219] [info] [thread 112149] [daheng_demo.cpp AddExposureTime:424] 曝光时间 -> 7675 us
[2026-10-07 14:33:55.785] [info] [thread 112149] [daheng_demo.cpp AddExposureTime:424] 曝光时间 -> 7700 us
[2026-10-07 14:33:56.280] [info] [thread 112149] [daheng_demo.cpp AddExposureTime:424] 曝光时间 -> 7725 us
[2026-10-07 14:33:56.339] [info] [thread 112149] [daheng_demo.cpp AddExposureTime:424] 曝光时间 -> 7750 us
[2026-10-07 14:33:56.383] [info] [thread 112149] [daheng_demo.cpp AddExposureTime:424] 曝光时间 -> 7775 us
[2026-10-07 14:33:56.427] [info] [thread 112149] [daheng_demo.cpp AddExposureTime:424] 曝光时间 -> 7800 us
[2026-10-07 14:33:56.477] [info] [thread 112149] [daheng_demo.cpp AddExposureTime:424] 曝光时间 -> 7825 us
[2026-10-07 14:33:56.541] [info] [thread 112149] [daheng_demo.cpp AddExposureTime:424] 曝光时间 -> 7850 us
[2026-10-07 14:33:56.600] [info] [thread 112149] [daheng_demo.cpp AddExposureTime:424] 曝光时间 -> 7875 us
[2026-10-07 14:33:56.645] [info] [thread 112149] [daheng_demo.cpp AddExposureTime:424] 曝光时间 -> 7900 us
[2026-10-07 14:33:56.695] [info] [thread 112149] [daheng_demo.cpp AddExposureTime:424] 曝光时间 -> 7925 us
[2026-10-07 14:33:56.758] [info] [thread 112149] [daheng_demo.cpp AddExposureTime:424] 曝光时间 -> 7950 us
[2026-10-07 14:33:56.821] [info] [thread 112149] [daheng_demo.cpp AddExposureTime:424] 曝光时间 -> 7975 us
[2026-10-07 14:33:56.887] [info] [thread 112149] [daheng_demo.cpp AddExposureTime:424] 曝光时间 -> 8000 us
[2026-10-07 14:33:56.951] [info] [thread 112149] [daheng_demo.cpp AddExposureTime:424] 曝光时间 -> 8025 us
[2026-10-07 14:33:57.017] [info] [thread 112149] [daheng_demo.cpp AddExposureTime:424] 曝光时间 -> 8050 us
[2026-10-07 14:34:06.260] [info] [thread 112149] [daheng_demo.cpp AddGain:448] 增益 -> 4.2 dB
[2026-10-07 14:34:06.756] [info] [thread 112149] [daheng_demo.cpp AddGain:448] 增益 -> 4.3 dB
[2026-10-07 14:34:07.236] [info] [thread 112149] [daheng_demo.cpp AddGain:448] 增益 -> 4.3999999999999995 dB
[2026-10-07 14:34:07.307] [info] [thread 112149] [daheng_demo.cpp AddGain:448] 增益 -> 4.5 dB
[2026-10-07 14:34:07.374] [info] [thread 112149] [daheng_demo.cpp AddGain:448] 增益 -> 4.6 dB
[2026-10-07 14:34:07.423] [info] [thread 112149] [daheng_demo.cpp AddGain:448] 增益 -> 4.699999999999999 dB
[2026-10-07 14:34:07.481] [info] [thread 112149] [daheng_demo.cpp AddGain:448] 增益 -> 4.8 dB
[2026-10-07 14:34:07.543] [info] [thread 112149] [daheng_demo.cpp AddGain:448] 增益 -> 4.8999999999999995 dB
[2026-10-07 14:34:07.613] [info] [thread 112149] [daheng_demo.cpp AddGain:448] 增益 -> 5 dB
[2026-10-07 14:34:07.684] [info] [thread 112149] [daheng_demo.cpp AddGain:448] 增益 -> 5.1 dB
[2026-10-07 14:34:07.759] [info] [thread 112149] [daheng_demo.cpp AddGain:448] 增益 -> 5.199999999999999 dB
[2026-10-07 14:34:07.826] [info] [thread 112149] [daheng_demo.cpp AddGain:448] 增益 -> 5.3 dB
[2026-10-07 14:34:07.890] [info] [thread 112149] [daheng_demo.cpp AddGain:448] 增益 -> 5.3999999999999995 dB
[2026-10-07 14:34:07.956] [info] [thread 112149] [daheng_demo.cpp AddGain:448] 增益 -> 5.5 dB
[2026-10-07 14:34:08.023] [info] [thread 112149] [daheng_demo.cpp AddGain:448] 增益 -> 5.6 dB
[2026-10-07 14:34:08.091] [info] [thread 112149] [daheng_demo.cpp AddGain:448] 增益 -> 5.699999999999999 dB
[2026-10-07 14:34:08.159] [info] [thread 112149] [daheng_demo.cpp AddGain:448] 增益 -> 5.8 dB
[2026-10-07 14:34:08.227] [info] [thread 112149] [daheng_demo.cpp AddGain:448] 增益 -> 5.8999999999999995 dB
[2026-10-07 14:34:08.317] [info] [thread 112149] [daheng_demo.cpp AddGain:448] 增益 -> 6 dB
[2026-10-07 14:34:08.385] [info] [thread 112149] [daheng_demo.cpp AddGain:448] 增益 -> 6.1 dB
[2026-10-07 14:34:08.451] [info] [thread 112149] [daheng_demo.cpp AddGain:448] 增益 -> 6.199999999999999 dB
[2026-10-07 14:34:08.505] [info] [thread 112149] [daheng_demo.cpp AddGain:448] 增益 -> 6.3 dB
[2026-10-07 14:34:08.562] [info] [thread 112149] [daheng_demo.cpp AddGain:448] 增益 -> 6.3999999999999995 dB
[2026-10-07 14:34:08.629] [info] [thread 112149] [daheng_demo.cpp AddGain:448] 增益 -> 6.5 dB
[2026-10-07 14:34:08.695] [info] [thread 112149] [daheng_demo.cpp AddGain:448] 增益 -> 6.6 dB
[2026-10-07 14:34:08.745] [info] [thread 112149] [daheng_demo.cpp AddGain:448] 增益 -> 6.699999999999999 dB
[2026-10-07 14:34:09.656] [info] [thread 112149] [daheng_demo.cpp AddGain:448] 增益 -> 6.8 dB
[2026-10-07 14:34:10.142] [info] [thread 112149] [daheng_demo.cpp AddGain:448] 增益 -> 6.8999999999999995 dB
[2026-10-07 14:34:10.186] [info] [thread 112149] [daheng_demo.cpp AddGain:448] 增益 -> 7 dB
[2026-10-07 14:34:10.232] [info] [thread 112149] [daheng_demo.cpp AddGain:448] 增益 -> 7.1 dB
[2026-10-07 14:34:10.272] [info] [thread 112149] [daheng_demo.cpp AddGain:448] 增益 -> 7.199999999999999 dB
[2026-10-07 14:34:10.312] [info] [thread 112149] [daheng_demo.cpp AddGain:448] 增益 -> 7.3 dB
[2026-10-07 14:34:10.351] [info] [thread 112149] [daheng_demo.cpp AddGain:448] 增益 -> 7.3999999999999995 dB
[2026-10-07 14:34:10.412] [info] [thread 112149] [daheng_demo.cpp AddGain:448] 增益 -> 7.5 dB
[2026-10-07 14:34:10.479] [info] [thread 112149] [daheng_demo.cpp AddGain:448] 增益 -> 7.6 dB
[2026-10-07 14:34:10.523] [info] [thread 112149] [daheng_demo.cpp AddGain:448] 增益 -> 7.699999999999999 dB
[2026-10-07 14:34:10.561] [info] [thread 112149] [daheng_demo.cpp AddGain:448] 增益 -> 7.8 dB
[2026-10-07 14:34:10.621] [info] [thread 112149] [daheng_demo.cpp AddGain:448] 增益 -> 7.8999999999999995 dB
[2026-10-07 14:34:10.690] [info] [thread 112149] [daheng_demo.cpp AddGain:448] 增益 -> 8 dB
[2026-10-07 14:34:10.757] [info] [thread 112149] [daheng_demo.cpp AddGain:448] 增益 -> 8.1 dB
[2026-10-07 14:34:10.826] [info] [thread 112149] [daheng_demo.cpp AddGain:448] 增益 -> 8.2 dB
[2026-10-07 14:34:10.893] [info] [thread 112149] [daheng_demo.cpp AddGain:448] 增益 -> 8.299999999999999 dB
[2026-10-07 14:34:10.959] [info] [thread 112149] [daheng_demo.cpp AddGain:448] 增益 -> 8.4 dB
[2026-10-07 14:34:11.025] [info] [thread 112149] [daheng_demo.cpp AddGain:448] 增益 -> 8.5 dB
[2026-10-07 14:34:11.934] [info] [thread 112149] [daheng_demo.cpp AddGain:448] 增益 -> 8.6 dB
[2026-10-07 14:34:12.429] [info] [thread 112149] [daheng_demo.cpp AddGain:448] 增益 -> 8.7 dB
[2026-10-07 14:34:12.467] [info] [thread 112149] [daheng_demo.cpp AddGain:448] 增益 -> 8.799999999999999 dB
[2026-10-07 14:34:12.506] [info] [thread 112149] [daheng_demo.cpp AddGain:448] 增益 -> 8.9 dB
[2026-10-07 14:34:12.545] [info] [thread 112149] [daheng_demo.cpp AddGain:448] 增益 -> 9 dB
[2026-10-07 14:34:12.584] [info] [thread 112149] [daheng_demo.cpp AddGain:448] 增益 -> 9.1 dB
[2026-10-07 14:34:12.622] [info] [thread 112149] [daheng_demo.cpp AddGain:448] 增益 -> 9.2 dB
[2026-10-07 14:34:12.661] [info] [thread 112149] [daheng_demo.cpp AddGain:448] 增益 -> 9.299999999999999 dB
[2026-10-07 14:34:12.698] [info] [thread 112149] [daheng_demo.cpp AddGain:448] 增益 -> 9.4 dB
[2026-10-07 14:34:12.735] [info] [thread 112149] [daheng_demo.cpp AddGain:448] 增益 -> 9.5 dB
[2026-10-07 14:34:12.773] [info] [thread 112149] [daheng_demo.cpp AddGain:448] 增益 -> 9.6 dB
[2026-10-07 14:34:12.810] [info] [thread 112149] [daheng_demo.cpp AddGain:448] 增益 -> 9.7 dB
[2026-10-07 14:34:12.847] [info] [thread 112149] [daheng_demo.cpp AddGain:448] 增益 -> 9.799999999999999 dB
[2026-10-07 14:34:12.885] [info] [thread 112149] [daheng_demo.cpp AddGain:448] 增益 -> 9.9 dB
[2026-10-07 14:34:12.925] [info] [thread 112149] [daheng_demo.cpp AddGain:448] 增益 -> 10 dB
[2026-10-07 14:34:12.963] [info] [thread 112149] [daheng_demo.cpp AddGain:448] 增益 -> 10.1 dB
[2026-10-07 14:34:13.001] [info] [thread 112149] [daheng_demo.cpp AddGain:448] 增益 -> 10.2 dB
[2026-10-07 14:34:13.038] [info] [thread 112149] [daheng_demo.cpp AddGain:448] 增益 -> 10.299999999999999 dB
[2026-10-07 14:34:13.075] [info] [thread 112149] [daheng_demo.cpp AddGain:448] 增益 -> 10.4 dB
[2026-10-07 14:34:13.114] [info] [thread 112149] [daheng_demo.cpp AddGain:448] 增益 -> 10.5 dB
[2026-10-07 14:36:30.585] [info] [thread 112149] [daheng_demo.cpp AddGain:448] 增益 -> 10.4 dB
[2026-10-07 14:36:31.085] [info] [thread 112149] [daheng_demo.cpp AddGain:448] 增益 -> 10.3 dB
[2026-10-07 14:36:31.121] [info] [thread 112149] [daheng_demo.cpp AddGain:448] 增益 -> 10.200000000000001 dB
[2026-10-07 14:36:31.154] [info] [thread 112149] [daheng_demo.cpp AddGain:448] 增益 -> 10.1 dB
[2026-10-07 14:36:31.188] [info] [thread 112149] [daheng_demo.cpp AddGain:448] 增益 -> 10 dB
[2026-10-07 14:36:31.222] [info] [thread 112149] [daheng_demo.cpp AddGain:448] 增益 -> 9.9 dB
[2026-10-07 14:36:31.254] [info] [thread 112149] [daheng_demo.cpp AddGain:448] 增益 -> 9.8 dB
[2026-10-07 14:36:31.288] [info] [thread 112149] [daheng_demo.cpp AddGain:448] 增益 -> 9.700000000000001 dB
[2026-10-07 14:36:31.323] [info] [thread 112149] [daheng_demo.cpp AddGain:448] 增益 -> 9.6 dB
[2026-10-07 14:36:31.361] [info] [thread 112149] [daheng_demo.cpp AddGain:448] 增益 -> 9.5 dB
[2026-10-07 14:36:31.394] [info] [thread 112149] [daheng_demo.cpp AddGain:448] 增益 -> 9.4 dB
[2026-10-07 14:36:31.428] [info] [thread 112149] [daheng_demo.cpp AddGain:448] 增益 -> 9.3 dB
[2026-10-07 14:36:31.464] [info] [thread 112149] [daheng_demo.cpp AddGain:448] 增益 -> 9.200000000000001 dB
[2026-10-07 14:36:31.498] [info] [thread 112149] [daheng_demo.cpp AddGain:448] 增益 -> 9.1 dB
[2026-10-07 14:36:31.530] [info] [thread 112149] [daheng_demo.cpp AddGain:448] 增益 -> 9 dB
[2026-10-07 14:36:31.565] [info] [thread 112149] [daheng_demo.cpp AddGain:448] 增益 -> 8.9 dB
[2026-10-07 14:36:31.600] [info] [thread 112149] [daheng_demo.cpp AddGain:448] 增益 -> 8.8 dB
[2026-10-07 14:36:31.634] [info] [thread 112149] [daheng_demo.cpp AddGain:448] 增益 -> 8.700000000000001 dB
[2026-10-07 14:36:31.668] [info] [thread 112149] [daheng_demo.cpp AddGain:448] 增益 -> 8.6 dB
[2026-10-07 14:36:31.703] [info] [thread 112149] [daheng_demo.cpp AddGain:448] 增益 -> 8.5 dB
[2026-10-07 14:36:31.736] [info] [thread 112149] [daheng_demo.cpp AddGain:448] 增益 -> 8.4 dB
[2026-10-07 14:36:31.769] [info] [thread 112149] [daheng_demo.cpp AddGain:448] 增益 -> 8.3 dB
[2026-10-07 14:36:31.803] [info] [thread 112149] [daheng_demo.cpp AddGain:448] 增益 -> 8.200000000000001 dB
[2026-10-07 14:36:31.836] [info] [thread 112149] [daheng_demo.cpp AddGain:448] 增益 -> 8.1 dB
[2026-10-07 14:36:31.880] [info] [thread 112149] [daheng_demo.cpp AddGain:448] 增益 -> 8 dB
[2026-10-07 14:36:31.914] [info] [thread 112149] [daheng_demo.cpp AddGain:448] 增益 -> 7.9 dB
[2026-10-07 14:36:31.957] [info] [thread 112149] [daheng_demo.cpp AddGain:448] 增益 -> 7.800000000000001 dB
[2026-10-07 14:36:32.001] [info] [thread 112149] [daheng_demo.cpp AddGain:448] 增益 -> 7.7 dB
[2026-10-07 14:36:32.507] [info] [thread 112149] [daheng_demo.cpp AddGain:448] 增益 -> 7.6000000000000005 dB
[2026-10-07 14:36:33.001] [info] [thread 112149] [daheng_demo.cpp AddGain:448] 增益 -> 7.5 dB
[2026-10-07 14:36:33.033] [info] [thread 112149] [daheng_demo.cpp AddGain:448] 增益 -> 7.4 dB
[2026-10-07 14:36:33.068] [info] [thread 112149] [daheng_demo.cpp AddGain:448] 增益 -> 7.300000000000001 dB
[2026-10-07 14:36:33.101] [info] [thread 112149] [daheng_demo.cpp AddGain:448] 增益 -> 7.2 dB
[2026-10-07 14:36:33.137] [info] [thread 112149] [daheng_demo.cpp AddGain:448] 增益 -> 7.1000000000000005 dB
[2026-10-07 14:36:33.171] [info] [thread 112149] [daheng_demo.cpp AddGain:448] 增益 -> 7 dB
[2026-10-07 14:36:33.206] [info] [thread 112149] [daheng_demo.cpp AddGain:448] 增益 -> 6.9 dB
[2026-10-07 14:36:33.251] [info] [thread 112149] [daheng_demo.cpp AddGain:448] 增益 -> 6.800000000000001 dB
[2026-10-07 14:36:33.292] [info] [thread 112149] [daheng_demo.cpp AddGain:448] 增益 -> 6.7 dB
[2026-10-07 14:36:33.334] [info] [thread 112149] [daheng_demo.cpp AddGain:448] 增益 -> 6.6000000000000005 dB
[2026-10-07 14:36:33.366] [info] [thread 112149] [daheng_demo.cpp AddGain:448] 增益 -> 6.5 dB
[2026-10-07 14:36:33.400] [info] [thread 112149] [daheng_demo.cpp AddGain:448] 增益 -> 6.4 dB
[2026-10-07 14:36:33.434] [info] [thread 112149] [daheng_demo.cpp AddGain:448] 增益 -> 6.300000000000001 dB
[2026-10-07 14:36:33.947] [info] [thread 112149] [daheng_demo.cpp AddGain:448] 增益 -> 6.3999999999999995 dB
[2026-10-07 14:36:34.435] [info] [thread 112149] [daheng_demo.cpp AddGain:448] 增益 -> 6.5 dB
[2026-10-07 14:36:34.490] [info] [thread 112149] [daheng_demo.cpp AddGain:448] 增益 -> 6.6 dB
[2026-10-07 14:36:34.523] [info] [thread 112149] [daheng_demo.cpp AddGain:448] 增益 -> 6.699999999999999 dB
[2026-10-07 14:36:34.560] [info] [thread 112149] [daheng_demo.cpp AddGain:448] 增益 -> 6.8 dB
[2026-10-07 14:36:34.607] [info] [thread 112149] [daheng_demo.cpp AddGain:448] 增益 -> 6.8999999999999995 dB
[2026-10-07 14:36:34.660] [info] [thread 112149] [daheng_demo.cpp AddGain:448] 增益 -> 7 dB
[2026-10-07 14:36:34.693] [info] [thread 112149] [daheng_demo.cpp AddGain:448] 增益 -> 7.1 dB
[2026-10-07 14:36:34.736] [info] [thread 112149] [daheng_demo.cpp AddGain:448] 增益 -> 7.199999999999999 dB
[2026-10-07 14:36:34.770] [info] [thread 112149] [daheng_demo.cpp AddGain:448] 增益 -> 7.3 dB
[2026-10-07 14:36:34.813] [info] [thread 112149] [daheng_demo.cpp AddGain:448] 增益 -> 7.3999999999999995 dB
[2026-10-07 14:36:34.864] [info] [thread 112149] [daheng_demo.cpp AddGain:448] 增益 -> 7.5 dB
[2026-10-07 14:36:34.898] [info] [thread 112149] [daheng_demo.cpp AddGain:448] 增益 -> 7.6 dB
[2026-10-07 14:36:34.930] [info] [thread 112149] [daheng_demo.cpp AddGain:448] 增益 -> 7.699999999999999 dB
[2026-10-07 14:36:34.965] [info] [thread 112149] [daheng_demo.cpp AddGain:448] 增益 -> 7.8 dB
[2026-10-07 14:36:34.999] [info] [thread 112149] [daheng_demo.cpp AddGain:448] 增益 -> 7.8999999999999995 dB
[2026-10-07 14:36:35.044] [info] [thread 112149] [daheng_demo.cpp AddGain:448] 增益 -> 8 dB
[2026-10-07 14:36:35.077] [info] [thread 112149] [daheng_demo.cpp AddGain:448] 增益 -> 8.1 dB
[2026-10-07 14:36:35.111] [info] [thread 112149] [daheng_demo.cpp AddGain:448] 增益 -> 8.2 dB
[2026-10-07 14:36:35.144] [info] [thread 112149] [daheng_demo.cpp AddGain:448] 增益 -> 8.299999999999999 dB
[2026-10-07 14:36:35.187] [info] [thread 112149] [daheng_demo.cpp AddGain:448] 增益 -> 8.4 dB
[2026-10-07 14:36:35.220] [info] [thread 112149] [daheng_demo.cpp AddGain:448] 增益 -> 8.5 dB
[2026-10-07 14:36:35.263] [info] [thread 112149] [daheng_demo.cpp AddGain:448] 增益 -> 8.6 dB
[2026-10-07 14:36:35.308] [info] [thread 112149] [daheng_demo.cpp AddGain:448] 增益 -> 8.7 dB
[2026-10-07 14:36:35.351] [info] [thread 112149] [daheng_demo.cpp AddGain:448] 增益 -> 8.799999999999999 dB
[2026-10-07 14:36:35.393] [info] [thread 112149] [daheng_demo.cpp AddGain:448] 增益 -> 8.9 dB
[2026-10-07 14:36:35.434] [info] [thread 112149] [daheng_demo.cpp AddGain:448] 增益 -> 9 dB
[2026-10-07 14:36:35.478] [info] [thread 112149] [daheng_demo.cpp AddGain:448] 增益 -> 9.1 dB
[2026-10-07 14:36:35.521] [info] [thread 112149] [daheng_demo.cpp AddGain:448] 增益 -> 9.2 dB
[2026-10-07 14:36:35.563] [info] [thread 112149] [daheng_demo.cpp AddGain:448] 增益 -> 9.299999999999999 dB
[2026-10-07 14:36:35.606] [info] [thread 112149] [daheng_demo.cpp AddGain:448] 增益 -> 9.4 dB
[2026-10-07 14:36:35.650] [info] [thread 112149] [daheng_demo.cpp AddGain:448] 增益 -> 9.5 dB
[2026-10-07 14:36:35.691] [info] [thread 112149] [daheng_demo.cpp AddGain:448] 增益 -> 9.6 dB
[2026-10-07 14:36:35.732] [info] [thread 112149] [daheng_demo.cpp AddGain:448] 增益 -> 9.7 dB
[2026-10-07 14:36:35.773] [info] [thread 112149] [daheng_demo.cpp AddGain:448] 增益 -> 9.799999999999999 dB
[2026-10-07 14:36:35.817] [info] [thread 112149] [daheng_demo.cpp AddGain:448] 增益 -> 9.9 dB
[2026-10-07 14:36:35.859] [info] [thread 112149] [daheng_demo.cpp AddGain:448] 增益 -> 10 dB
[2026-10-07 14:36:35.902] [info] [thread 112149] [daheng_demo.cpp AddGain:448] 增益 -> 10.1 dB
[2026-10-07 14:36:35.944] [info] [thread 112149] [daheng_demo.cpp AddGain:448] 增益 -> 10.2 dB
[2026-10-07 14:36:35.984] [info] [thread 112149] [daheng_demo.cpp AddGain:448] 增益 -> 10.299999999999999 dB
[2026-10-07 14:36:36.026] [info] [thread 112149] [daheng_demo.cpp AddGain:448] 增益 -> 10.4 dB
[2026-10-07 14:36:36.068] [info] [thread 112149] [daheng_demo.cpp AddGain:448] 增益 -> 10.5 dB
[2026-10-07 14:36:36.113] [info] [thread 112149] [daheng_demo.cpp AddGain:448] 增益 -> 10.6 dB
[2026-10-07 14:36:36.155] [info] [thread 112149] [daheng_demo.cpp AddGain:448] 增益 -> 10.7 dB
[2026-10-07 14:36:36.197] [info] [thread 112149] [daheng_demo.cpp AddGain:448] 增益 -> 10.799999999999999 dB
[2026-10-07 14:36:36.236] [info] [thread 112149] [daheng_demo.cpp AddGain:448] 增益 -> 10.9 dB
[2026-10-07 14:36:36.278] [info] [thread 112149] [daheng_demo.cpp AddGain:448] 增益 -> 11 dB
[2026-10-07 14:36:36.319] [info] [thread 112149] [daheng_demo.cpp AddGain:448] 增益 -> 11.1 dB
[2026-10-07 14:36:36.362] [info] [thread 112149] [daheng_demo.cpp AddGain:448] 增益 -> 11.2 dB
[2026-10-07 14:36:36.404] [info] [thread 112149] [daheng_demo.cpp AddGain:448] 增益 -> 11.299999999999999 dB
[2026-10-07 14:36:36.446] [info] [thread 112149] [daheng_demo.cpp AddGain:448] 增益 -> 11.4 dB
[2026-10-07 14:36:36.488] [info] [thread 112149] [daheng_demo.cpp AddGain:448] 增益 -> 11.5 dB
[2026-10-07 14:36:36.531] [info] [thread 112149] [daheng_demo.cpp AddGain:448] 增益 -> 11.6 dB
[2026-10-07 14:36:36.571] [info] [thread 112149] [daheng_demo.cpp AddGain:448] 增益 -> 11.7 dB
[2026-10-07 14:36:36.612] [info] [thread 112149] [daheng_demo.cpp AddGain:448] 增益 -> 11.799999999999999 dB
[2026-10-07 14:36:36.653] [info] [thread 112149] [daheng_demo.cpp AddGain:448] 增益 -> 11.9 dB
[2026-10-07 14:36:36.694] [info] [thread 112149] [daheng_demo.cpp AddGain:448] 增益 -> 12 dB
[2026-10-07 14:36:36.735] [info] [thread 112149] [daheng_demo.cpp AddGain:448] 增益 -> 12.1 dB
[2026-10-07 14:36:36.776] [info] [thread 112149] [daheng_demo.cpp AddGain:448] 增益 -> 12.2 dB
[2026-10-07 14:36:36.819] [info] [thread 112149] [daheng_demo.cpp AddGain:448] 增益 -> 12.299999999999999 dB
[2026-10-07 14:36:36.852] [info] [thread 112149] [daheng_demo.cpp AddGain:448] 增益 -> 12.4 dB
[2026-10-07 14:36:36.893] [info] [thread 112149] [daheng_demo.cpp AddGain:448] 增益 -> 12.5 dB
[2026-10-07 14:36:36.934] [info] [thread 112149] [daheng_demo.cpp AddGain:448] 增益 -> 12.6 dB
[2026-10-07 14:36:36.976] [info] [thread 112149] [daheng_demo.cpp AddGain:448] 增益 -> 12.7 dB
[2026-10-07 14:36:37.009] [info] [thread 112149] [daheng_demo.cpp AddGain:448] 增益 -> 12.799999999999999 dB
[2026-10-07 14:36:37.054] [info] [thread 112149] [daheng_demo.cpp AddGain:448] 增益 -> 12.9 dB
[2026-10-07 14:36:37.087] [info] [thread 112149] [daheng_demo.cpp AddGain:448] 增益 -> 13 dB
[2026-10-07 14:36:37.129] [info] [thread 112149] [daheng_demo.cpp AddGain:448] 增益 -> 13.1 dB
[2026-10-07 14:36:37.171] [info] [thread 112149] [daheng_demo.cpp AddGain:448] 增益 -> 13.2 dB
[2026-10-07 14:36:37.212] [info] [thread 112149] [daheng_demo.cpp AddGain:448] 增益 -> 13.299999999999999 dB
[2026-10-07 14:36:37.254] [info] [thread 112149] [daheng_demo.cpp AddGain:448] 增益 -> 13.4 dB
[2026-10-07 14:36:37.296] [info] [thread 112149] [daheng_demo.cpp AddGain:448] 增益 -> 13.5 dB
[2026-10-07 14:36:37.336] [info] [thread 112149] [daheng_demo.cpp AddGain:448] 增益 -> 13.6 dB
[2026-10-07 14:36:37.379] [info] [thread 112149] [daheng_demo.cpp AddGain:448] 增益 -> 13.7 dB
[2026-10-07 14:36:37.412] [info] [thread 112149] [daheng_demo.cpp AddGain:448] 增益 -> 13.799999999999999 dB
[2026-10-07 14:36:37.445] [info] [thread 112149] [daheng_demo.cpp AddGain:448] 增益 -> 13.9 dB
[2026-10-07 14:36:37.479] [info] [thread 112149] [daheng_demo.cpp AddGain:448] 增益 -> 14 dB
[2026-10-07 14:36:37.513] [info] [thread 112149] [daheng_demo.cpp AddGain:448] 增益 -> 14.1 dB
[2026-10-07 14:36:37.546] [info] [thread 112149] [daheng_demo.cpp AddGain:448] 增益 -> 14.2 dB
[2026-10-07 14:36:37.579] [info] [thread 112149] [daheng_demo.cpp AddGain:448] 增益 -> 14.299999999999999 dB
[2026-10-07 14:36:37.613] [info] [thread 112149] [daheng_demo.cpp AddGain:448] 增益 -> 14.4 dB
[2026-10-07 14:36:37.645] [info] [thread 112149] [daheng_demo.cpp AddGain:448] 增益 -> 14.5 dB
[2026-10-07 14:36:37.680] [info] [thread 112149] [daheng_demo.cpp AddGain:448] 增益 -> 14.4 dB
[2026-10-07 14:36:39.213] [info] [thread 112149] [daheng_demo.cpp AddExposureTime:424] 曝光时间 -> 8075 us
[2026-10-07 14:36:39.721] [info] [thread 112149] [daheng_demo.cpp AddExposureTime:424] 曝光时间 -> 8100 us
[2026-10-07 14:36:39.764] [info] [thread 112149] [daheng_demo.cpp AddExposureTime:424] 曝光时间 -> 8125 us
[2026-10-07 14:36:39.805] [info] [thread 112149] [daheng_demo.cpp AddExposureTime:424] 曝光时间 -> 8150 us
[2026-10-07 14:36:39.846] [info] [thread 112149] [daheng_demo.cpp AddExposureTime:424] 曝光时间 -> 8175 us
[2026-10-07 14:36:39.890] [info] [thread 112149] [daheng_demo.cpp AddExposureTime:424] 曝光时间 -> 8200 us
[2026-10-07 14:36:39.933] [info] [thread 112149] [daheng_demo.cpp AddExposureTime:424] 曝光时间 -> 8225 us
[2026-10-07 14:36:39.975] [info] [thread 112149] [daheng_demo.cpp AddExposureTime:424] 曝光时间 -> 8250 us
[2026-10-07 14:36:40.016] [info] [thread 112149] [daheng_demo.cpp AddExposureTime:424] 曝光时间 -> 8275 us
[2026-10-07 14:36:40.059] [info] [thread 112149] [daheng_demo.cpp AddExposureTime:424] 曝光时间 -> 8300 us
[2026-10-07 14:36:40.101] [info] [thread 112149] [daheng_demo.cpp AddExposureTime:424] 曝光时间 -> 8325 us
[2026-10-07 14:36:40.142] [info] [thread 112149] [daheng_demo.cpp AddExposureTime:424] 曝光时间 -> 8350 us
[2026-10-07 14:36:40.174] [info] [thread 112149] [daheng_demo.cpp AddExposureTime:424] 曝光时间 -> 8375 us
[2026-10-07 14:36:40.208] [info] [thread 112149] [daheng_demo.cpp AddExposureTime:424] 曝光时间 -> 8400 us
[2026-10-07 14:36:40.239] [info] [thread 112149] [daheng_demo.cpp AddExposureTime:424] 曝光时间 -> 8425 us
[2026-10-07 14:36:40.275] [info] [thread 112149] [daheng_demo.cpp AddExposureTime:424] 曝光时间 -> 8450 us
[2026-10-07 14:36:40.309] [info] [thread 112149] [daheng_demo.cpp AddExposureTime:424] 曝光时间 -> 8475 us
[2026-10-07 14:36:40.344] [info] [thread 112149] [daheng_demo.cpp AddExposureTime:424] 曝光时间 -> 8500 us
[2026-10-07 14:36:40.378] [info] [thread 112149] [daheng_demo.cpp AddExposureTime:424] 曝光时间 -> 8525 us
[2026-10-07 14:36:40.427] [info] [thread 112149] [daheng_demo.cpp AddExposureTime:424] 曝光时间 -> 8550 us
[2026-10-07 14:36:40.471] [info] [thread 112149] [daheng_demo.cpp AddExposureTime:424] 曝光时间 -> 8575 us
[2026-10-07 14:36:40.504] [info] [thread 112149] [daheng_demo.cpp AddExposureTime:424] 曝光时间 -> 8600 us
[2026-10-07 14:36:40.546] [info] [thread 112149] [daheng_demo.cpp AddExposureTime:424] 曝光时间 -> 8625 us
[2026-10-07 14:36:40.587] [info] [thread 112149] [daheng_demo.cpp AddExposureTime:424] 曝光时间 -> 8650 us
[2026-10-07 14:36:40.631] [info] [thread 112149] [daheng_demo.cpp AddExposureTime:424] 曝光时间 -> 8675 us
[2026-10-07 14:36:40.674] [info] [thread 112149] [daheng_demo.cpp AddExposureTime:424] 曝光时间 -> 8700 us
[2026-10-07 14:36:40.731] [info] [thread 112149] [daheng_demo.cpp AddExposureTime:424] 曝光时间 -> 8725 us
[2026-10-07 14:36:40.777] [info] [thread 112149] [daheng_demo.cpp AddExposureTime:424] 曝光时间 -> 8750 us
[2026-10-07 14:36:40.834] [info] [thread 112149] [daheng_demo.cpp AddExposureTime:424] 曝光时间 -> 8775 us
[2026-10-07 14:36:40.874] [info] [thread 112149] [daheng_demo.cpp AddExposureTime:424] 曝光时间 -> 8800 us
[2026-10-07 14:36:40.906] [info] [thread 112149] [daheng_demo.cpp AddExposureTime:424] 曝光时间 -> 8825 us
[2026-10-07 14:36:40.938] [info] [thread 112149] [daheng_demo.cpp AddExposureTime:424] 曝光时间 -> 8850 us
[2026-10-07 14:36:40.974] [info] [thread 112149] [daheng_demo.cpp AddExposureTime:424] 曝光时间 -> 8875 us
[2026-10-07 14:36:41.005] [info] [thread 112149] [daheng_demo.cpp AddExposureTime:424] 曝光时间 -> 8900 us
[2026-10-07 14:36:41.037] [info] [thread 112149] [daheng_demo.cpp AddExposureTime:424] 曝光时间 -> 8925 us
[2026-10-07 14:36:41.091] [info] [thread 112149] [daheng_demo.cpp AddExposureTime:424] 曝光时间 -> 8950 us
[2026-10-07 14:36:41.149] [info] [thread 112149] [daheng_demo.cpp AddExposureTime:424] 曝光时间 -> 8975 us
[2026-10-07 14:36:41.206] [info] [thread 112149] [daheng_demo.cpp AddExposureTime:424] 曝光时间 -> 9000 us
[2026-10-07 14:36:41.246] [info] [thread 112149] [daheng_demo.cpp AddExposureTime:424] 曝光时间 -> 9025 us
[2026-10-07 14:36:41.288] [info] [thread 112149] [daheng_demo.cpp AddExposureTime:424] 曝光时间 -> 9050 us
[2026-10-07 14:36:41.331] [info] [thread 112149] [daheng_demo.cpp AddExposureTime:424] 曝光时间 -> 9075 us
[2026-10-07 14:36:41.370] [info] [thread 112149] [daheng_demo.cpp AddExposureTime:424] 曝光时间 -> 9100 us
[2026-10-07 14:36:41.413] [info] [thread 112149] [daheng_demo.cpp AddExposureTime:424] 曝光时间 -> 9125 us
[2026-10-07 14:36:41.445] [info] [thread 112149] [daheng_demo.cpp AddExposureTime:424] 曝光时间 -> 9150 us
[2026-10-07 14:36:41.477] [info] [thread 112149] [daheng_demo.cpp AddExposureTime:424] 曝光时间 -> 9175 us
[2026-10-07 14:36:41.510] [info] [thread 112149] [daheng_demo.cpp AddExposureTime:424] 曝光时间 -> 9200 us
[2026-10-07 14:36:41.542] [info] [thread 112149] [daheng_demo.cpp AddExposureTime:424] 曝光时间 -> 9225 us
[2026-10-07 14:36:41.576] [info] [thread 112149] [daheng_demo.cpp AddExposureTime:424] 曝光时间 -> 9250 us
[2026-10-07 14:36:41.610] [info] [thread 112149] [daheng_demo.cpp AddExposureTime:424] 曝光时间 -> 9275 us
[2026-10-07 14:36:41.642] [info] [thread 112149] [daheng_demo.cpp AddExposureTime:424] 曝光时间 -> 9300 us
[2026-10-07 14:36:41.676] [info] [thread 112149] [daheng_demo.cpp AddExposureTime:424] 曝光时间 -> 9325 us
[2026-10-07 14:36:41.710] [info] [thread 112149] [daheng_demo.cpp AddExposureTime:424] 曝光时间 -> 9350 us
[2026-10-07 14:36:41.743] [info] [thread 112149] [daheng_demo.cpp AddExposureTime:424] 曝光时间 -> 9375 us
[2026-10-07 14:36:41.777] [info] [thread 112149] [daheng_demo.cpp AddExposureTime:424] 曝光时间 -> 9400 us
[2026-10-07 14:36:41.811] [info] [thread 112149] [daheng_demo.cpp AddExposureTime:424] 曝光时间 -> 9425 us
[2026-10-07 14:36:41.843] [info] [thread 112149] [daheng_demo.cpp AddExposureTime:424] 曝光时间 -> 9450 us
[2026-10-07 14:36:41.878] [info] [thread 112149] [daheng_demo.cpp AddExposureTime:424] 曝光时间 -> 9475 us
[2026-10-07 14:36:41.910] [info] [thread 112149] [daheng_demo.cpp AddExposureTime:424] 曝光时间 -> 9500 us
[2026-10-07 14:36:41.944] [info] [thread 112149] [daheng_demo.cpp AddExposureTime:424] 曝光时间 -> 9525 us
[2026-10-07 14:36:41.976] [info] [thread 112149] [daheng_demo.cpp AddExposureTime:424] 曝光时间 -> 9550 us
[2026-10-07 14:36:42.009] [info] [thread 112149] [daheng_demo.cpp AddExposureTime:424] 曝光时间 -> 9575 us
[2026-10-07 14:36:42.042] [info] [thread 112149] [daheng_demo.cpp AddExposureTime:424] 曝光时间 -> 9600 us
[2026-10-07 14:36:42.073] [info] [thread 112149] [daheng_demo.cpp AddExposureTime:424] 曝光时间 -> 9625 us
[2026-10-07 14:36:42.384] [info] [thread 112149] [daheng_demo.cpp AddExposureTime:424] 曝光时间 -> 9650 us
[2026-10-07 14:36:42.871] [info] [thread 112149] [daheng_demo.cpp AddExposureTime:424] 曝光时间 -> 9675 us
[2026-10-07 14:36:42.904] [info] [thread 112149] [daheng_demo.cpp AddExposureTime:424] 曝光时间 -> 9700 us
[2026-10-07 14:36:42.936] [info] [thread 112149] [daheng_demo.cpp AddExposureTime:424] 曝光时间 -> 9725 us
[2026-10-07 14:36:42.968] [info] [thread 112149] [daheng_demo.cpp AddExposureTime:424] 曝光时间 -> 9750 us
[2026-10-07 14:36:43.000] [info] [thread 112149] [daheng_demo.cpp AddExposureTime:424] 曝光时间 -> 9775 us
[2026-10-07 14:36:43.033] [info] [thread 112149] [daheng_demo.cpp AddExposureTime:424] 曝光时间 -> 9800 us
[2026-10-07 14:37:45.663] [info] [thread 112149] [daheng_demo.cpp main:833] 相机已关闭
